word,entropy_bits,expected_remaining,worst_case_remaining,is_possible_answer,frequency_score
soare,5.885960,62.3011,183,0,2.098056
roate,5.882779,60.4246,195,0,2.060043
raise,5.877910,61.0009,168,1,2.031102
raile,5.865710,61.3309,173,0,2.042117
reast,5.865457,71.7654,227,0,1.998272
slate,5.855775,71.5728,221,1,1.994168
crate,5.834874,72.8998,246,1,1.980346
salet,5.834582,71.2721,221,0,1.976026
irate,5.831397,63.7793,194,1,2.030886
trace,5.830549,74.0203,246,1,1.972570
arise,5.820940,63.7257,168,1,2.030886
orate,5.817161,63.8907,195,0,2.043629
stare,5.807280,71.2946,227,1,2.051836
carte,5.794557,73.5158,246,0,1.957235
raine,5.786710,67.0562,195,0,2.004104
caret,5.776713,75.5996,246,0,1.958963
ariel,5.775167,65.2877,173,0,2.017711
taler,5.770612,67.7369,196,0,2.014903
carle,5.770479,74.6803,249,0,1.953996
slane,5.770181,73.9857,225,0,1.952916
snare,5.770089,71.0976,219,1,2.003456
artel,5.768295,67.4959,196,0,1.992873
arose,5.767797,66.0212,183,1,2.037365
strae,5.767281,71.8458,227,0,2.023110
carse,5.765364,74.8324,237,0,1.942981
saine,5.764078,72.5922,207,0,1.965875
earst,5.757081,76.8117,227,0,1.973434
taser,5.752976,71.2765,227,0,1.995032
least,5.751646,78.1896,221,1,1.912959
alert,5.745837,71.5987,196,1,1.977970
crane,5.742782,78.7417,263,1,1.939093
tares,5.742548,71.5434,227,0,1.974946
seral,5.739455,73.0786,205,0,1.992657
stale,5.738573,75.6039,221,1,1.972354
saner,5.733713,70.1257,219,1,2.004104
ratel,5.730870,69.8432,196,0,1.993089
torse,5.723380,77.9555,246,0,1.919654
tears,5.718023,75.4475,227,0,1.956803
resat,5.716071,76.0315,227,0,1.947516
alter,5.713171,69.9918,196,1,1.990713
later,5.706089,70.2233,196,1,2.001512
prate,5.700636,81.5002,268,0,1.924190
trine,5.697082,81.8890,270,0,1.901080
react,5.696354,79.8302,246,1,1.920734
saice,5.691244,76.5179,211,0,1.915335
toile,5.691014,73.0415,204,0,1.870842
earnt,5.690444,76.7650,226,0,1.946436
trone,5.684949,78.8212,261,0,1.907559
leant,5.684574,77.2600,208,1,1.885961
liane,5.684230,75.2739,220,0,1.905616
trade,5.681561,80.9317,269,1,1.920950
antre,5.680472,73.9434,226,0,1.933693
reist,5.674715,82.9991,247,0,1.876242
coate,5.674410,74.5067,192,0,1.912095
sorel,5.671332,76.0842,215,0,1.932181
urate,5.667025,72.8298,202,0,1.948596
slier,5.666105,75.9495,206,0,1.938445
teras,5.663863,77.2082,227,0,1.928078
stane,5.658277,79.7568,239,0,1.934341
learn,5.656074,76.6406,212,1,1.926350
trape,5.655458,82.6700,268,0,1.906479
peart,5.653166,86.6829,268,0,1.884665
rates,5.652967,73.3274,227,0,1.954212
paire,5.652893,76.8704,215,0,1.917495
cater,5.646715,80.8203,246,1,1.938877
stear,5.645639,78.9499,227,0,1.980346
roast,5.645193,83.3559,266,1,1.840821
setal,5.644483,82.3780,221,0,1.907991
stire,5.641458,81.3300,247,0,1.929806
teals,5.639375,79.9711,221,0,1.877322
aline,5.637222,80.6164,220,0,1.907991
aisle,5.636828,76.1888,196,1,1.893089
trice,5.634237,86.0505,277,1,1.850540
reals,5.633214,74.9395,205,0,1.941253
arles,5.633089,69.8907,205,0,1.946004
toise,5.632637,80.0721,216,0,1.859827
scare,5.630489,80.6803,237,1,1.949244
parse,5.629691,87.0130,270,1,1.886825
lares,5.628996,71.7447,205,0,1.953564
oater,5.628423,71.2454,195,0,2.002160
realo,5.628200,69.9477,176,0,1.969762
slart,5.627586,85.9952,244,0,1.865443
laser,5.627303,72.1222,205,0,1.973650
arets,5.626704,78.1603,227,0,1.929590
roset,5.623226,82.4324,246,0,1.887041
aesir,5.621975,69.8829,168,0,1.936717
saute,5.620201,84.3374,223,1,1.903240
tries,5.618388,81.5538,247,0,1.876026
parle,5.618318,82.5689,265,0,1.897840
rance,5.618076,82.2657,263,0,1.884233
litre,5.616374,76.3227,209,0,1.876242
tales,5.615516,76.1611,221,0,1.882289
heart,5.614519,89.1425,261,1,1.883153
alone,5.614036,77.1633,182,1,1.914471
prase,5.613585,88.8868,270,0,1.909935
store,5.610466,81.2194,246,1,1.936285
alien,5.609534,83.5970,220,1,1.873866
share,5.608309,85.4717,238,1,1.941901
ronte,5.605927,81.6644,261,0,1.868683
rales,5.604545,72.8022,205,0,1.946220
grate,5.604083,84.5810,276,1,1.898488
tared,5.603815,85.0570,269,0,1.885529
lears,5.602979,76.8289,205,0,1.935421
stoae,5.601326,74.8963,177,0,1.969762
soler,5.600130,78.2553,215,0,1.933261
anile,5.600095,82.2017,220,0,1.879050
alure,5.594358,75.6773,197,0,1.921598
terai,5.593728,75.1425,194,0,1.935205
sared,5.592133,81.4086,257,0,1.911231
laten,5.591816,78.5784,205,0,1.859827
urase,5.591295,77.2307,202,0,1.934341
trail,5.591218,79.4475,219,1,1.825702
serai,5.590319,72.9214,168,0,1.960907
siler,5.588392,78.6683,206,0,1.905400
scrae,5.587857,80.9749,237,0,1.920518
liart,5.586291,81.2523,219,0,1.818143
reais,5.585897,71.6108,168,0,1.939957
siren,5.583403,84.2976,244,1,1.856371
tiler,5.581962,80.3114,209,0,1.879698
thrae,5.581125,87.0596,261,0,1.887473
snore,5.578530,82.6026,237,1,1.887905
reans,5.576260,78.2924,219,0,1.903240
ariot,5.572828,85.6860,234,0,1.841253
derat,5.572268,89.3680,269,0,1.859611
taels,5.572223,84.7857,238,0,1.862635
caste,5.570507,85.4078,248,1,1.844708
crise,5.568267,86.0531,256,0,1.844060
anise,5.565907,82.9119,207,0,1.868035
toner,5.565298,87.7819,261,0,1.871058
scale,5.565173,87.4285,255,1,1.869762
anole,5.565099,78.6812,182,0,1.885529
leats,5.561156,82.6164,221,0,1.859179
tores,5.560406,84.9093,246,0,1.867603
salue,5.559737,84.3408,218,0,1.871274
cares,5.559540,81.8035,237,0,1.890929
maire,5.558678,79.9754,218,0,1.889201
targe,5.557643,86.7650,276,0,1.869114
atone,5.557518,78.9594,191,1,1.895896
caner,5.557335,87.1201,263,0,1.894384
laers,5.556381,78.8765,205,0,1.920734
thale,5.555346,87.9987,245,0,1.836717
renal,5.555059,81.1581,212,1,1.901728
dealt,5.554763,91.3378,257,1,1.808855
tires,5.553927,84.3857,247,0,1.839741
sarge,5.553053,85.5158,262,0,1.894816
stile,5.551916,89.3171,270,0,1.850324
corse,5.551894,88.9844,255,0,1.835637
marse,5.551711,88.1948,270,0,1.858531
relit,5.551682,82.5775,209,0,1.853132
spare,5.551208,91.5425,270,1,1.909719
train,5.550773,88.7693,264,1,1.777754
plate,5.549879,89.2911,255,1,1.828294
tolar,5.549589,83.2756,224,0,1.810583
clear,5.548955,88.2786,249,1,1.889201
lacet,5.548399,83.7214,233,0,1.830454
rinse,5.547753,85.0112,244,1,1.826566
serac,5.546871,84.5793,237,0,1.879266
riant,5.544778,88.9222,264,0,1.785961
sitar,5.544535,85.7819,262,0,1.816415
porae,5.540822,85.2713,224,0,1.903456
oriel,5.540227,76.7685,186,0,1.894168
teary,5.538002,83.7654,198,1,1.940821
retia,5.537227,78.5482,194,0,1.924838
shale,5.536668,90.9568,241,1,1.862419
solar,5.536233,82.8333,232,1,1.836285
trial,5.536154,82.9421,219,1,1.817927
slade,5.535440,89.6963,272,0,1.850756
orant,5.533516,85.8441,256,0,1.797408
glare,5.533163,88.5490,270,1,1.878834
nares,5.531246,76.1663,219,0,1.900216
armet,5.530363,90.1663,275,0,1.851836
resit,5.530039,87.0078,247,0,1.833261
pearl,5.529943,91.1080,265,1,1.855508
aeros,5.528939,75.2022,183,0,1.922246
marle,5.527581,86.4324,270,0,1.869546
aster,5.527285,78.0851,227,0,1.937797
aloes,5.525798,77.3559,174,0,1.889417
dater,5.523483,88.2078,269,0,1.886393
nacre,5.521918,84.2276,263,0,1.851620
earls,5.521403,78.9283,205,0,1.916415
lance,5.521382,90.9006,273,1,1.798920
rated,5.520832,88.6639,269,0,1.864795
stole,5.519420,84.5317,224,1,1.856803
rathe,5.518553,84.7823,261,0,1.872138
paise,5.518517,90.3296,235,0,1.826998
neral,5.516983,80.5931,212,0,1.892225
deair,5.516908,85.3387,221,0,1.872138
serin,5.516780,86.1153,244,0,1.830454
canoe,5.516656,86.8324,216,1,1.829158
sonar,5.516330,87.8631,260,1,1.799784
nitre,5.515877,86.8229,270,0,1.822894
crine,5.515456,95.9235,292,0,1.817063
liter,5.515198,83.4873,209,0,1.866307
pater,5.515101,89.7292,268,0,1.882721
loast,5.514858,90.7089,286,0,1.755508
stair,5.514467,87.2445,262,1,1.830670
slice,5.514092,96.1283,292,1,1.780346
palet,5.513464,90.1222,255,0,1.810151
crone,5.513074,94.0289,286,1,1.823542
reoil,5.511336,77.0095,186,0,1.863283
tenor,5.510925,86.7546,261,1,1.822894
nears,5.510888,80.5836,219,0,1.882073
taper,5.509663,89.4173,268,1,1.872786
arled,5.507850,90.2276,270,0,1.856587
senor,5.507039,84.1317,237,0,1.848596
saint,5.506725,104.2579,345,1,1.760907
soral,5.505344,85.8622,232,0,1.835205
haole,5.500207,79.9495,209,0,1.842981
irone,5.499766,83.6030,219,0,1.874082
lacer,5.498008,85.5564,249,0,1.895032
route,5.497868,87.1011,255,1,1.834125
claes,5.496876,89.9521,255,0,1.818143
tesla,5.495092,85.1521,221,0,1.834341
seron,5.493664,87.8544,237,0,1.836069
slant,5.492667,98.8911,317,1,1.747948
sabre,5.492649,90.6259,278,0,1.874082
cleat,5.489950,96.7676,264,1,1.824622
tinea,5.489598,87.7706,217,0,1.842333
tread,5.489401,95.2721,269,1,1.847084
irade,5.489154,85.4294,221,0,1.887473
larnt,5.489114,86.0333,208,0,1.773650
blare,5.489099,94.3952,291,1,1.877106
petar,5.488512,93.2989,268,0,1.835853
ramet,5.487836,90.7201,275,0,1.852052
cadre,5.487134,96.4013,307,0,1.812743
crape,5.487033,99.0916,304,0,1.822462
halse,5.485853,90.9084,241,0,1.792657
oaten,5.485553,81.5400,191,0,1.860475
urite,5.485223,86.3944,249,0,1.826566
hater,5.484931,87.9529,261,1,1.881210
spaer,5.484396,93.5149,270,0,1.899784
dearn,5.484031,96.0324,283,0,1.811231
spale,5.483055,99.3171,285,0,1.830238
clart,5.482731,96.7883,278,0,1.755724
earns,5.481821,82.4989,219,0,1.878402
sarin,5.481589,88.5093,245,0,1.780346
spate,5.481334,100.8497,288,0,1.833477
toran,5.480551,93.0216,256,0,1.761555
leans,5.480216,85.9840,225,0,1.817927
steal,5.480098,92.8600,238,1,1.886609
alist,5.479818,100.8186,313,0,1.730022
lanes,5.479720,82.1758,225,0,1.824406
thane,5.478899,94.4739,272,0,1.798704
tried,5.478131,102.0393,314,1,1.786609
rotes,5.477970,86.4635,246,0,1.846868
roule,5.477615,85.1650,235,0,1.830886
brane,5.476892,93.5434,300,0,1.855508
argle,5.476026,89.8112,270,0,1.849028
sayer,5.475470,81.2151,209,0,1.922894
aired,5.474454,90.0246,221,0,1.853132
sorta,5.473950,93.8570,266,0,1.818359
frate,5.473627,93.3473,291,0,1.862851
sient,5.473205,109.7240,303,0,1.783153
telia,5.472756,84.5300,194,0,1.852916
silen,5.472026,94.1093,274,0,1.763715
plane,5.471540,95.2108,286,1,1.787041
rouse,5.471529,90.3322,248,1,1.819870
tride,5.471469,97.9728,314,0,1.798920
clote,5.470648,89.4864,246,0,1.768898
ursae,5.470296,80.8073,202,0,1.883585
tuile,5.469856,92.7702,269,0,1.757451
ceorl,5.469774,91.9400,256,0,1.796112
sated,5.469078,88.6389,263,0,1.826566
maile,5.467955,91.2514,250,0,1.809719
daine,5.466859,97.3810,266,0,1.803672
heast,5.466539,106.3857,282,0,1.792657
drole,5.466172,93.8467,297,0,1.809071
roist,5.465735,97.3222,307,0,1.718790
paler,5.464839,90.8168,265,1,1.874730
loser,5.464574,83.1641,215,1,1.866307
taros,5.462777,89.7205,266,0,1.769330
arsed,5.462718,88.6415,257,0,1.836717
rites,5.461254,87.7948,247,0,1.819006
loure,5.460885,86.1222,235,0,1.825054
trode,5.460828,98.4782,323,0,1.805400
chare,5.460495,102.9663,296,0,1.832181
lores,5.459773,83.2384,215,0,1.846220
suite,5.458856,104.7322,295,1,1.786393
tripe,5.458828,97.8363,308,1,1.784449
morae,5.458782,90.5119,230,0,1.875162
crest,5.458308,98.5672,277,1,1.796544
paren,5.457104,92.9136,272,0,1.825702
tiars,5.456442,91.0225,262,0,1.771490
diane,5.455989,98.0592,266,0,1.790497
shear,5.455857,92.7451,238,1,1.870410
prole,5.453878,92.6475,284,0,1.805400
tiers,5.453039,92.9179,247,0,1.806911
rayle,5.451835,81.9823,215,0,1.891577
sauce,5.451607,95.3041,247,1,1.811447
great,5.451087,96.5724,276,1,1.838661
elain,5.450715,93.2877,258,0,1.833261
shire,5.449834,96.5058,273,1,1.819870
toles,5.448980,86.2371,224,0,1.774946
toeas,5.447241,84.9801,219,0,1.868251
roles,5.446534,83.7205,215,0,1.838877
raits,5.446283,89.2730,262,0,1.772354
large,5.445789,90.1689,270,1,1.847732
wrate,5.443698,94.5119,297,0,1.845788
teils,5.443642,93.6842,270,0,1.755292
dorse,5.443082,97.5849,301,0,1.783153
sager,5.442553,88.6406,262,0,1.880562
citer,5.442215,96.0721,277,0,1.803672
neats,5.442001,88.3987,239,0,1.805832
loner,5.440604,89.0467,221,0,1.849676
tamer,5.440076,93.1737,275,1,1.852700
haler,5.439614,84.9015,225,0,1.873218
cruet,5.439172,102.8609,308,0,1.756156
ceria,5.438555,88.3624,205,0,1.861555
toras,5.438205,92.3244,266,0,1.770626
rotal,5.438175,88.7451,224,0,1.788769
alder,5.437235,94.3123,270,0,1.854644
maise,5.436898,90.0143,229,0,1.798704
noise,5.436815,91.1564,256,1,1.785097
ramie,5.436326,86.1689,218,0,1.845788
stone,5.436302,94.2432,256,1,1.818790
adore,5.435577,89.0432,242,1,1.872786
races,5.435569,85.0821,237,0,1.847732
apert,5.435186,97.4467,268,0,1.817279
prise,5.434981,101.0553,297,0,1.787905
aures,5.434458,83.6454,202,0,1.857019
dares,5.434441,87.3758,257,0,1.838445
crame,5.433799,102.7624,313,0,1.805616
pareo,5.433189,89.5313,224,0,1.863283
rayne,5.433013,83.7758,216,0,1.853564
trans,5.432896,92.1153,274,0,1.750108
neals,5.432472,87.1693,225,0,1.802592
lapse,5.432352,99.4873,285,1,1.770842
denar,5.431976,98.6518,283,0,1.795032
score,5.431461,91.4778,255,1,1.833693
cates,5.431160,89.6678,248,0,1.806263
crena,5.430431,94.8436,263,0,1.833261
close,5.429751,95.0052,247,1,1.754644
leary,5.428538,88.9775,215,0,1.919438
triol,5.428477,90.5093,245,0,1.709287
cries,5.428222,92.7365,256,0,1.792009
potae,5.428205,89.4726,205,0,1.818790
hanse,5.427926,95.4389,257,0,1.756156
trope,5.427867,97.3292,302,1,1.790929
leirs,5.427680,85.5045,206,0,1.813391
tiles,5.427312,92.0756,270,0,1.747084
cared,5.427271,99.8251,307,0,1.801512
lader,5.426890,92.7538,270,0,1.865443
noter,5.426188,91.7214,261,0,1.840821
socle,5.425842,93.4423,247,0,1.765227
nates,5.425731,84.7961,239,0,1.815551
riles,5.425602,84.4782,206,0,1.811015
table,5.425587,98.6518,278,1,1.768898
trona,5.425572,96.1240,256,0,1.766307
neist,5.425297,103.9590,303,0,1.737581
throe,5.425007,99.6229,301,0,1.778834
feart,5.423012,101.3533,291,0,1.823326
shore,5.423007,97.9313,279,1,1.826350
blate,5.422839,99.4855,278,0,1.800864
rased,5.422556,88.7235,257,0,1.836933
tarns,5.422348,94.1326,274,0,1.726998
paste,5.421904,100.4108,288,1,1.788553
segar,5.421831,92.6708,262,0,1.833693
surat,5.421721,106.8212,304,0,1.750972
gater,5.421621,91.9737,276,0,1.857019
horse,5.421085,99.4855,279,1,1.777970
sayne,5.420785,89.9356,227,0,1.815335
pares,5.419938,93.6168,270,0,1.834773
oared,5.419757,90.0566,242,0,1.864795
arsey,5.419654,82.5387,209,0,1.910151
stela,5.418286,93.7447,238,0,1.866523
leapt,5.418120,96.6665,255,1,1.769330
truce,5.417510,102.0816,308,1,1.746652
grace,5.417198,100.7218,302,1,1.806695
recal,5.415518,92.3771,249,0,1.839741
tarsi,5.415247,92.1758,262,0,1.761123
saree,5.415214,98.1248,326,0,1.817495
earth,5.415127,97.2946,261,1,1.838661
sored,5.414878,100.2328,301,0,1.803888
stean,5.414327,96.1171,239,0,1.838661
tenia,5.414311,93.0242,217,0,1.816415
risen,5.414273,92.7564,244,1,1.782073
terns,5.413676,90.7210,256,0,1.777106
touse,5.413527,101.4873,263,0,1.755940
rones,5.412897,92.0393,237,0,1.802376
sable,5.412781,101.2479,297,0,1.794600
taber,5.410838,97.3015,287,0,1.838445
cause,5.410600,96.1274,247,1,1.779266
farse,5.410295,94.8549,287,0,1.825486
salep,5.409367,98.7244,285,0,1.794816
sture,5.408308,99.9166,286,0,1.825918
mater,5.406781,94.1801,275,0,1.854428
oiler,5.406298,84.0592,186,0,1.858963
coset,5.406214,98.6674,261,0,1.739093
tired,5.406060,103.7870,314,0,1.750324
lated,5.405894,94.1940,257,0,1.779482
liner,5.404407,92.4765,226,1,1.821814
stade,5.404164,93.4086,263,0,1.832181
rotan,5.404160,97.4570,256,0,1.740821
hares,5.403720,88.0419,238,0,1.833261
niter,5.403434,94.2933,270,0,1.812959
trues,5.403108,97.6013,286,0,1.772138
saned,5.402636,93.6505,272,0,1.782073
blaer,5.402170,99.1279,291,0,1.867171
dears,5.401704,93.8104,257,0,1.820302
aider,5.401613,93.8752,221,1,1.854428
rails,5.400381,87.7957,212,0,1.769114
taces,5.400270,89.8475,248,0,1.783801
spane,5.399899,102.2674,284,0,1.792225
seare,5.399448,103.9123,326,0,1.799352
pears,5.399247,99.0873,270,0,1.816631
areic,5.398901,87.4492,205,0,1.850540
coure,5.398001,102.7296,290,0,1.762419
sired,5.397990,98.2233,288,0,1.776026
lathe,5.397525,91.3965,245,1,1.786825
drone,5.397330,104.7218,324,1,1.771058
haste,5.397207,100.7365,282,1,1.787041
ayrie,5.396720,78.9879,171,0,1.866307
tails,5.396127,98.5983,313,0,1.705184
apter,5.395489,95.8950,268,0,1.830022
aeons,5.395354,85.3464,195,0,1.826566
blase,5.394758,105.3266,297,0,1.786609
sonce,5.394131,102.8108,268,0,1.738661
solei,5.394081,85.8942,209,0,1.807775
conte,5.392577,101.8328,289,0,1.720734
arpen,5.392531,97.2929,272,0,1.794816
saber,5.391689,94.1361,278,0,1.864147
carol,5.391532,98.9127,279,1,1.724190
pilae,5.391431,98.9724,252,0,1.782937
aloed,5.391037,95.8285,225,0,1.800000
brace,5.390863,107.1175,326,1,1.804968
curet,5.390515,106.9784,308,0,1.738229
shier,5.389754,99.5374,273,0,1.809935
prose,5.389719,101.8812,295,1,1.794384
tones,5.389418,96.3469,256,0,1.738445
tased,5.389260,91.8432,263,0,1.773002
lyase,5.387799,90.7935,242,0,1.794600
moire,5.387742,94.9050,249,0,1.781857
cline,5.387473,106.9352,319,0,1.721166
yeast,5.386119,95.1037,257,1,1.795464
clone,5.385966,100.7780,280,1,1.727646
samel,5.385636,99.0639,284,0,1.784665
farle,5.385126,95.0743,292,0,1.836501
snarl,5.384793,94.0048,240,1,1.769330
antes,5.384577,88.9905,239,0,1.791145
starn,5.383475,98.2311,274,0,1.769762
coast,5.383205,107.1296,329,1,1.692873
cores,5.383163,98.3503,255,0,1.783585
place,5.382929,112.2562,331,1,1.736501
slain,5.382783,104.4860,326,1,1.707559
recta,5.382665,91.1132,246,0,1.822894
orles,5.382397,83.2048,215,0,1.822462
clade,5.381490,107.7862,325,0,1.741037
lotes,5.381191,88.9516,224,0,1.761555
spear,5.381116,101.0268,270,1,1.838229
sceat,5.381036,104.7417,275,0,1.813175
erica,5.380545,94.2631,205,0,1.860691
hears,5.379745,95.3844,238,0,1.815119
maerl,5.379138,98.4816,270,0,1.812527
reate,5.378764,102.5222,332,0,1.761339
sault,5.378449,113.2575,360,0,1.695032
riels,5.377516,88.4911,206,0,1.791361
flare,5.377381,98.1663,292,1,1.843197
rials,5.376551,88.9214,212,0,1.755940
lairs,5.376382,88.1447,212,0,1.763283
scart,5.376119,107.7438,319,0,1.744276
coste,5.376098,99.4855,261,0,1.737365
outre,5.375945,94.3270,255,0,1.791361
prone,5.375318,101.6600,303,1,1.767387
seton,5.374315,98.9508,256,0,1.751404
resto,5.373969,90.5611,246,0,1.798272
arils,5.373626,86.2173,207,0,1.768898
spire,5.373608,103.7404,297,1,1.787689
lirot,5.373377,94.9905,245,0,1.680778
perst,5.373113,112.2769,327,0,1.731965
sieur,5.372800,94.0177,235,0,1.785961
lande,5.372505,99.3378,300,0,1.747300
rimae,5.372209,90.1222,218,0,1.824838
realm,5.371962,97.4838,270,1,1.804320
beast,5.371545,107.9149,295,1,1.766739
clast,5.371539,114.6406,368,0,1.665227
ureal,5.371434,86.7624,197,0,1.859611
ratos,5.371286,92.0445,266,0,1.748596
steil,5.370910,101.6661,270,0,1.772354
salto,5.369927,98.1197,286,0,1.729806
panel,5.369860,100.1343,286,1,1.744492
elans,5.369569,95.0320,252,0,1.805616
rines,5.369297,93.6333,244,0,1.774514
cires,5.368774,95.3508,256,0,1.755724
recit,5.368567,98.7987,277,0,1.754644
canes,5.368519,94.6518,257,0,1.761771
roans,5.368264,92.8721,260,0,1.745788
range,5.368066,100.1110,296,1,1.803888
lites,5.368058,94.8333,270,0,1.733693
cairn,5.367931,107.3525,311,1,1.691577
airts,5.367149,94.3374,262,0,1.735853
pleat,5.366346,106.3166,263,1,1.768467
piert,5.365780,109.4190,308,0,1.734773
drant,5.364770,104.5024,318,0,1.681641
satin,5.364484,109.3827,345,1,1.695680
cadet,5.364416,98.2700,277,1,1.738229
paten,5.364206,99.2644,268,0,1.741037
satem,5.363384,100.6484,286,0,1.779050
nerol,5.363050,88.5749,221,0,1.783585
meant,5.362752,103.0130,273,1,1.738877
leash,5.361860,100.5153,248,1,1.763931
shoer,5.361845,102.6544,279,0,1.816415
rotas,5.361059,94.9300,266,0,1.749892
artis,5.360603,94.0030,262,0,1.742765
plier,5.360555,103.9469,277,1,1.772570
layer,5.360411,87.8276,215,1,1.875810
caple,5.360082,111.3369,331,0,1.719222
noser,5.359521,93.5149,237,0,1.812959
acres,5.359026,88.2968,237,0,1.821598
losen,5.358971,95.0026,231,0,1.724622
ancle,5.358542,96.0333,273,0,1.747732
arete,5.358505,105.5693,332,0,1.746436
reins,5.357865,95.4121,244,0,1.781210
stern,5.357715,98.0238,256,1,1.805184
manet,5.357517,99.1469,273,0,1.745356
drape,5.357160,107.2030,327,1,1.769978
tapen,5.356886,98.2898,268,0,1.731102
louse,5.356775,99.2220,256,1,1.734557
yearn,5.355936,91.9961,216,1,1.808855
morse,5.354801,105.2445,296,0,1.751188
ailed,5.354538,101.9857,253,0,1.760475
selah,5.354387,102.5957,248,0,1.780130
urine,5.353582,95.9849,256,1,1.785313
tuner,5.353024,101.1590,280,0,1.757667
tines,5.352576,104.0272,303,0,1.710583
liers,5.352523,89.4259,206,0,1.785529
phare,5.351995,106.4479,298,0,1.776026
roted,5.351564,107.1089,323,0,1.757451
cabre,5.350789,107.9667,326,0,1.764363
cruse,5.350376,104.7806,304,0,1.740173
coral,5.350115,104.1110,279,1,1.725486
tonal,5.349625,100.6700,278,1,1.680346
thole,5.349010,97.7611,260,0,1.721166
ratio,5.348652,92.0039,192,1,1.771490
drest,5.348261,105.6644,306,0,1.744060
elint,5.348128,109.8570,301,0,1.751620
slide,5.347631,105.2125,314,1,1.728726
cosie,5.347567,95.6972,256,0,1.732829
prest,5.347433,116.1775,327,0,1.740389
shite,5.347229,120.5490,349,0,1.743629
padre,5.346694,106.9585,327,0,1.756587
togae,5.346581,94.8030,220,0,1.790929
snort,5.346085,111.1572,330,1,1.682937
troad,5.345945,109.0579,306,0,1.696112
loran,5.344972,95.7283,227,0,1.740173
leare,5.344437,104.0505,325,0,1.752268
doter,5.344423,107.4795,323,0,1.779050
braes,5.343578,97.8510,278,0,1.830454
sloan,5.343517,105.1512,299,0,1.706263
manse,5.343396,101.6808,280,0,1.729374
aiery,5.343375,87.0354,171,0,1.893737
liars,5.343365,90.5525,212,0,1.750108
tribe,5.343156,105.5287,326,1,1.744708
since,5.342905,109.3093,314,1,1.710799
trave,5.342854,102.4946,323,0,1.820518
taroc,5.342108,101.0078,294,0,1.694816
orals,5.342042,85.3793,232,0,1.767387
clean,5.341881,108.9266,273,1,1.747516
curie,5.341759,102.1879,263,0,1.731965
mitre,5.341713,101.9210,298,0,1.729158
rosit,5.341429,103.0717,307,0,1.675810
resin,5.341161,95.7387,244,1,1.756156
slipe,5.341125,115.3568,338,0,1.714255
arson,5.340566,96.9542,260,1,1.711447
uraei,5.340463,81.4225,187,0,1.889417
grise,5.339734,104.2467,294,0,1.762203
spore,5.339150,103.8657,295,1,1.794168
inert,5.339046,97.9434,270,1,1.774730
gares,5.339036,93.0708,262,0,1.809071
laris,5.338675,89.2765,207,0,1.742333
maser,5.338280,96.3832,270,0,1.826566
snirt,5.337864,115.5529,335,0,1.676458
scrat,5.337372,108.3166,319,0,1.715551
shiel,5.337360,105.4130,295,0,1.716199
lager,5.337209,96.8151,270,1,1.833477
teins,5.337162,106.6691,303,0,1.717279
mares,5.336513,96.1991,270,0,1.806479
reads,5.336248,95.7948,257,0,1.801080
sidle,5.335668,107.6497,314,0,1.707775
sware,5.335427,103.0950,298,0,1.840389
snail,5.335312,106.4030,326,1,1.688553
cedar,5.335038,108.9179,307,1,1.755940
curse,5.334817,108.3650,304,1,1.722246
talon,5.334636,100.1145,278,1,1.667603
sider,5.334437,102.0557,288,0,1.777322
laces,5.334403,93.5253,255,0,1.762419
gorse,5.333121,105.1754,303,0,1.753780
rouen,5.333054,104.2441,267,0,1.758747
salon,5.332360,101.6428,299,1,1.693305
baler,5.332347,101.8829,291,1,1.847300
caper,5.331900,106.1352,304,1,1.788769
eorls,5.331785,92.1369,215,0,1.809071
triad,5.330471,109.2851,305,1,1.689633
rains,5.330116,95.0035,245,0,1.731102
presa,5.328471,104.7210,270,0,1.804104
luter,5.328448,97.0052,229,0,1.780778
their,5.327519,106.8177,295,1,1.730454
drice,5.326990,114.4575,343,0,1.714039
clies,5.326987,102.9482,292,0,1.696112
rapes,5.326744,96.3002,270,0,1.804104
rents,5.325684,93.8423,256,0,1.753132
locie,5.325616,95.7637,231,0,1.716847
stage,5.325268,102.5611,278,1,1.803456
ulnae,5.325174,96.3918,225,0,1.771058
petal,5.325046,105.8778,255,1,1.742117
seric,5.324881,94.8583,256,0,1.765011
deals,5.324684,102.4903,272,0,1.740821
claro,5.324382,103.6739,279,0,1.716199
sepal,5.324341,110.5551,285,0,1.757883
triac,5.323906,102.3616,295,0,1.704536
enact,5.323889,106.4030,287,1,1.756156
toper,5.323192,106.4255,302,0,1.765443
tsade,5.322809,95.3222,263,0,1.772138
caron,5.322647,109.3326,315,0,1.676242
trios,5.322439,103.1425,307,0,1.670410
inlet,5.321632,99.0933,271,1,1.714903
redan,5.320346,105.8916,283,0,1.762203
arced,5.320179,106.4894,307,0,1.758099
tepal,5.320115,104.5732,255,0,1.732181
hoise,5.319605,101.4803,271,0,1.718143
lamer,5.319061,98.1205,270,0,1.831317
peals,5.319017,107.9391,285,0,1.737149
price,5.318990,114.2700,336,1,1.710367
cruel,5.318870,103.6419,290,1,1.726998
cadie,5.318191,103.9849,267,0,1.731965
early,5.317116,96.5879,215,1,1.900432
trash,5.316939,116.0687,352,1,1.696112
lased,5.316607,96.7184,272,0,1.751620
peats,5.316124,108.2518,288,0,1.740389
rants,5.316050,96.8125,274,0,1.703024
gears,5.315829,99.4285,262,0,1.790929
lutea,5.315442,94.4194,206,0,1.779914
brise,5.315394,103.5952,293,0,1.760475
laden,5.315048,104.6276,300,1,1.723758
smear,5.314889,101.1356,270,1,1.812527
rhine,5.314584,104.4246,291,0,1.740605
trois,5.314437,102.7330,307,0,1.671274
urent,5.314059,102.2501,280,0,1.737797
tolan,5.313945,102.8886,278,0,1.668898
nurse,5.313797,100.8082,276,1,1.731533
reaps,5.313765,100.9862,270,0,1.786609
poise,5.313679,105.8829,277,1,1.719654
ourie,5.313502,90.6415,198,0,1.795248
crost,5.313357,115.7482,368,0,1.645572
rhone,5.313198,101.0389,287,0,1.747084
speat,5.312456,117.6048,288,0,1.773650
laree,5.312384,101.8441,325,0,1.770410
drent,5.312383,109.3447,320,0,1.717063
deist,5.312299,113.6946,329,0,1.675810
torah,5.312101,110.6976,302,0,1.689633
santo,5.312095,106.2881,318,0,1.693305
dales,5.311828,97.0475,272,0,1.745788
solan,5.311017,105.3041,299,0,1.694600
sarod,5.310991,102.1257,295,0,1.705616
spier,5.310849,108.3564,297,0,1.777754
solde,5.310097,101.2523,281,0,1.723542
tains,5.309560,110.6587,345,0,1.667171
carts,5.309473,107.1693,319,0,1.684233
dates,5.309374,94.2138,263,0,1.753780
certs,5.309190,102.0704,277,0,1.734341
telos,5.309104,92.9629,224,0,1.726782
dries,5.308458,103.7214,288,0,1.739525
louie,5.308301,91.4942,242,0,1.744276
lunet,5.307756,104.6553,276,0,1.671706
osier,5.307684,88.8981,198,0,1.839093
olent,5.307673,98.0540,247,0,1.736933
toled,5.307642,104.4644,282,0,1.685529
shote,5.307571,115.4587,308,0,1.750108
aurei,5.306978,88.1274,208,0,1.864147
merit,5.306925,105.9106,298,1,1.713391
toyer,5.305527,98.2043,243,0,1.789849
relay,5.305410,97.0052,215,1,1.883369
abore,5.303919,97.4648,252,0,1.827430
aimer,5.303809,96.3184,218,0,1.820302
baste,5.303655,104.6596,295,1,1.761123
islet,5.303650,96.8220,270,1,1.728942
inter,5.303586,97.6981,270,1,1.787473
belar,5.303444,107.2937,291,0,1.800432
groat,5.303314,110.7901,314,0,1.687689
tease,5.302744,112.0341,347,1,1.683153
prent,5.302047,109.9676,314,0,1.713391
arnut,5.301753,103.3084,283,0,1.667819
aruhe,5.301658,93.4225,228,0,1.792873
poler,5.301537,105.9633,284,0,1.767387
spile,5.301135,117.0069,338,0,1.708207
stria,5.301041,100.5438,262,0,1.767603
baser,5.300562,98.7495,278,0,1.827430
pates,5.299234,103.5080,288,0,1.750108
space,5.299158,115.7853,312,1,1.741685
spite,5.299066,122.6613,357,1,1.711447
tapes,5.299053,102.6985,288,0,1.740173
soled,5.298819,103.3568,281,0,1.711231
teads,5.298789,99.2903,263,0,1.737149
clame,5.298741,117.4078,333,0,1.709719
alecs,5.298689,106.4747,270,0,1.741901
pacer,5.297724,107.3637,304,0,1.776242
bares,5.297109,99.0458,278,0,1.807343
ayres,5.297061,88.6648,209,0,1.804536
resay,5.296893,93.4562,209,0,1.863499
terga,5.296168,102.9957,276,0,1.777970
spart,5.296129,121.8752,365,0,1.704752
drail,5.295980,105.5028,273,0,1.689201
cesta,5.295943,100.8575,248,0,1.753564
raced,5.295896,105.1529,307,0,1.758315
roues,5.295790,98.7313,248,0,1.767819
pales,5.295529,103.4587,285,0,1.742117
pries,5.295276,107.3352,297,0,1.735853
moile,5.295216,103.7957,252,0,1.702376
ronde,5.295168,110.4246,324,0,1.725270
ramen,5.295133,101.5270,276,1,1.774946
nerts,5.295085,94.8108,256,0,1.743629
heist,5.294966,125.4605,349,1,1.670626
boart,5.294785,111.8639,335,0,1.699784
birle,5.294497,104.4661,291,0,1.735205
birse,5.294300,105.8674,293,0,1.724190
years,5.293802,91.7352,209,0,1.817927
oread,5.293775,101.7413,242,0,1.826350
reach,5.293654,111.2894,296,1,1.771706
onset,5.293635,104.4540,256,1,1.707775
dance,5.293597,111.8397,329,1,1.683801
sheal,5.293447,111.2981,289,0,1.776674
salut,5.293155,116.1188,360,0,1.666307
apres,5.292663,99.9184,270,0,1.782073
those,5.291735,115.6799,308,1,1.710151
astir,5.291689,96.5672,262,0,1.726566
glace,5.291682,114.0790,321,0,1.710799
safer,5.291651,99.1106,287,1,1.831317
goier,5.290936,106.1620,271,0,1.774514
slope,5.290605,110.8445,294,1,1.720734
cried,5.290373,118.8816,343,1,1.702592
heals,5.289732,102.4609,248,0,1.735637
renay,5.289435,98.7944,216,0,1.846868
pared,5.289367,111.0043,327,0,1.745356
erase,5.289078,106.9680,326,1,1.745356
tapir,5.288984,108.0229,310,1,1.661555
renos,5.288941,95.5417,237,0,1.754212
sucre,5.288579,109.2143,304,0,1.731317
ahent,5.288567,112.5568,276,0,1.731965
isnae,5.288372,90.4436,207,0,1.800432
saunt,5.287934,121.5287,375,0,1.657019
trema,5.287171,103.9408,275,0,1.783801
slake,5.287030,113.9132,312,0,1.775162
cripe,5.286513,114.7970,336,0,1.700432
tians,5.285916,111.8683,345,0,1.653996
pause,5.285657,110.9983,273,1,1.723110
sedan,5.285161,104.6527,272,1,1.723974
samen,5.285086,104.5058,280,0,1.736717
ureas,5.284916,90.5611,202,0,1.820734
leany,5.284574,104.0609,277,0,1.801944
taupe,5.284198,102.9127,251,0,1.719654
blore,5.283795,107.2333,318,0,1.761555
larns,5.283748,95.5529,227,0,1.705616
waite,5.283740,96.7279,255,0,1.762851
tolas,5.283690,102.1559,286,0,1.677970
senti,5.283602,107.6661,303,0,1.722030
chase,5.283522,118.2043,298,1,1.741685
smore,5.283157,105.2099,296,0,1.768467
feast,5.283054,115.1685,304,1,1.732829
lines,5.283010,102.0626,274,0,1.689201
retag,5.282883,101.9667,276,0,1.771058
heats,5.282402,111.1218,282,0,1.738877
riled,5.281669,109.6048,280,0,1.721598
rache,5.281402,102.8212,296,0,1.765659
vaire,5.281091,97.5253,264,0,1.811015
morne,5.280856,108.1352,303,0,1.724190
peril,5.280693,105.1322,277,1,1.712527
outer,5.280644,100.9153,255,1,1.781425
airns,5.280130,99.3378,245,0,1.694600
hales,5.280012,96.4246,241,0,1.740605
ranis,5.279698,97.3775,245,0,1.698488
ceros,5.279155,101.5719,255,0,1.735421
blear,5.278904,107.8726,291,0,1.805616
haute,5.278771,103.8907,254,1,1.735853
piler,5.278460,108.1119,277,0,1.739525
sited,5.278415,112.3287,329,0,1.691361
sural,5.278031,104.7797,261,0,1.721814
utile,5.276972,99.9322,269,1,1.708855
soyle,5.276551,99.3784,233,0,1.746004
brose,5.276343,108.5309,317,0,1.766955
siled,5.276160,109.1037,314,0,1.683369
liras,5.276063,92.2371,207,0,1.721382
rages,5.275988,95.7240,262,0,1.786177
stein,5.275901,116.1749,303,1,1.724406
perai,5.275862,97.5477,215,0,1.795032
morel,5.275550,106.3330,278,0,1.738013
ocrea,5.275146,94.8091,213,0,1.829806
slime,5.275099,111.4328,316,1,1.697408
tilde,5.273952,107.9356,311,1,1.669978
grade,5.273926,114.5171,341,1,1.755076
crias,5.273800,103.3438,266,0,1.695032
suent,5.273656,127.9175,334,0,1.697624
stain,5.273644,114.4384,345,1,1.688985
tiled,5.273437,111.4294,311,0,1.657667
naled,5.273379,105.5918,300,0,1.718143
thine,5.273227,118.7927,344,0,1.676674
shine,5.273119,120.2406,334,1,1.702376
morat,5.272920,114.4834,325,0,1.670194
doner,5.272917,118.2276,324,0,1.734557
inset,5.272795,109.0976,303,0,1.695032
hates,5.272720,103.2661,282,0,1.748596
istle,5.272351,96.8117,270,0,1.731965
hause,5.272021,105.1184,259,0,1.721598
neath,5.271676,107.2194,272,0,1.724838
pance,5.271535,114.0989,325,0,1.680130
spiel,5.271433,117.9503,338,1,1.684017
doser,5.271386,107.5590,301,0,1.751188
agile,5.271346,106.0739,263,1,1.754860
coles,5.271121,101.5140,247,0,1.690929
souce,5.271029,115.5469,310,0,1.704104
swale,5.270769,111.6436,308,0,1.760907
shalt,5.270468,130.7521,412,1,1.657451
false,5.269441,108.3581,308,1,1.732829
tarre,5.269267,108.5102,332,0,1.755940
reams,5.268397,102.8454,270,0,1.769762
carls,5.267944,105.6911,279,0,1.680994
tawer,5.267430,103.8829,297,0,1.800216
sapor,5.266972,109.5253,321,0,1.692873
grone,5.266762,115.9624,345,0,1.741685
hotel,5.266515,104.2233,260,1,1.680130
amole,5.266357,101.3274,226,0,1.766091
repot,5.265057,106.0963,302,0,1.716631
hared,5.264465,104.6700,295,0,1.743844
bears,5.264191,105.5866,278,0,1.789201
dores,5.264107,107.9529,301,0,1.731102
loipe,5.263615,102.6596,253,0,1.694816
slyer,5.263273,94.6268,237,0,1.787905
canst,5.262863,121.2592,387,0,1.608855
chore,5.262738,120.5447,345,1,1.716631
sawer,5.262556,102.6657,298,0,1.825918
penal,5.262342,111.0769,286,1,1.697624
trued,5.262185,118.3019,347,0,1.682721
sprat,5.261731,122.9369,365,0,1.676026
soger,5.261416,107.9978,303,0,1.773218
regal,5.261404,106.6976,270,1,1.778186
farce,5.260885,111.1045,329,1,1.747948
arene,5.259770,110.8281,343,0,1.705184
culet,5.259547,113.0121,313,0,1.645572
aglet,5.259434,101.5071,263,0,1.726998
eclat,5.258936,107.1356,285,1,1.748596
hoser,5.258642,105.8501,279,0,1.746004
rosed,5.258609,107.5132,301,0,1.729590
laird,5.258392,107.6600,273,0,1.673866
acers,5.258278,98.4048,237,0,1.788769
enrol,5.257998,98.9940,221,0,1.757667
shone,5.257977,114.4255,292,1,1.708855
ranee,5.257815,108.9594,343,0,1.726566
ceils,5.257477,108.3909,292,0,1.671274
water,5.257439,104.5257,297,1,1.804320
tiros,5.257061,106.8488,307,0,1.634125
trend,5.256699,113.1901,320,1,1.696112
lades,5.256643,98.8056,272,0,1.732829
cuter,5.256383,113.3248,308,0,1.718143
saith,5.256060,130.0367,395,0,1.653132
brine,5.255865,114.2225,338,1,1.733477
anted,5.255622,106.8687,275,0,1.701728
cager,5.255449,106.0436,302,0,1.770842
cable,5.255436,121.6272,350,1,1.684881
poser,5.255285,112.4220,295,1,1.747516
cored,5.254654,122.6207,356,0,1.694168
brast,5.254650,118.0557,356,0,1.677538
intel,5.254576,103.0683,271,0,1.693737
heard,5.254475,111.0579,295,1,1.725702
teach,5.254409,122.4168,303,1,1.707775
tawse,5.254323,108.5732,306,0,1.719654
anode,5.253543,104.7952,242,1,1.745356
riots,5.253382,105.6073,307,0,1.643629
aerie,5.253231,101.6549,265,0,1.733477
parol,5.253150,108.7806,293,0,1.668035
urena,5.253048,94.9136,215,0,1.801512
roust,5.252851,125.2713,379,0,1.614903
scone,5.252786,107.2289,268,1,1.716199
teloi,5.252741,91.4536,204,0,1.733909
cotes,5.252262,104.5188,261,0,1.698920
plait,5.251992,121.1650,363,1,1.618790
noule,5.251796,104.5413,276,0,1.692225
crans,5.251794,109.3706,306,0,1.666091
luser,5.251727,100.2138,249,0,1.752916
loans,5.251500,102.8903,299,0,1.660475
toned,5.251390,117.5210,331,0,1.649028
lento,5.251036,98.6251,235,0,1.696328
curat,5.250763,121.0976,338,0,1.641253
afire,5.250717,99.2056,238,1,1.793305
doest,5.250486,116.6415,310,0,1.675810
lures,5.250113,99.1875,249,0,1.732829
notes,5.250019,101.0994,256,0,1.708207
borne,5.250011,114.8592,337,1,1.725054
eloin,5.249929,112.5715,332,0,1.717711
sithe,5.249544,121.2004,349,0,1.698704
acred,5.249500,108.3356,307,0,1.732181
madre,5.248892,114.3832,344,0,1.728294
lease,5.248506,114.1862,344,1,1.661771
noles,5.248481,97.6238,231,0,1.700216
grape,5.248356,113.1270,329,1,1.740605
pilea,5.248009,106.4704,252,0,1.738661
tames,5.247694,103.7896,286,0,1.720086
sewar,5.247517,106.4445,298,0,1.779050
timer,5.247412,110.5965,298,1,1.717495
seity,5.247244,112.3443,294,0,1.768251
borel,5.247127,114.7901,318,0,1.738877
aport,5.247026,112.6233,308,0,1.666307
pores,5.246713,112.7521,295,0,1.727430
deans,5.246708,106.2432,272,0,1.702808
boite,5.246126,107.9210,284,0,1.706479
honer,5.245898,110.2674,287,0,1.729374
septa,5.245066,114.9309,288,0,1.741037
taker,5.244716,99.7888,279,1,1.800648
drain,5.244658,118.8039,322,1,1.641253
roble,5.244253,109.6557,318,0,1.725486
sonde,5.243838,111.3093,300,0,1.687041
eland,5.243790,115.5667,300,0,1.716199
parge,5.243673,112.6441,329,0,1.728942
satyr,5.243510,103.1201,302,1,1.704536
metal,5.243453,111.8864,264,1,1.713823
droit,5.243253,124.1231,382,1,1.602808
crake,5.243114,118.6501,341,0,1.761339
meals,5.243107,110.7607,284,0,1.708855
speir,5.242834,113.0406,297,0,1.723974
smart,5.242078,122.6181,359,1,1.679050
aunes,5.241686,99.3827,221,0,1.727862
geals,5.241402,109.8994,279,0,1.711447
rices,5.241337,100.2778,256,0,1.712527
carns,5.241284,110.7089,306,0,1.642981
grant,5.241281,115.6117,341,1,1.652268
soree,5.241163,112.9214,361,0,1.710151
padle,5.241005,118.2648,350,0,1.677106
olpae,5.240806,104.5438,216,0,1.760475
write,5.240663,112.4177,339,1,1.723758
tiger,5.240574,112.8134,321,1,1.719654
royne,5.240400,99.8492,242,0,1.746220
meats,5.240231,110.6078,286,0,1.712095
tache,5.239468,112.3633,303,0,1.701728
saker,5.239128,102.2622,295,0,1.826350
rhies,5.238951,105.9685,273,0,1.715551
plast,5.238676,132.0523,406,0,1.609071
arish,5.238297,104.6683,267,0,1.676890
blite,5.238019,116.4505,337,0,1.678834
ablet,5.237782,107.6013,278,0,1.713607
siree,5.237468,112.6406,351,0,1.682289
liard,5.237352,109.6842,273,0,1.660691
torsi,5.237338,107.6825,307,0,1.653780
acute,5.237285,102.4911,231,1,1.724190
naris,5.237178,96.6708,245,0,1.688985
trike,5.236329,107.7646,310,0,1.723326
trons,5.236312,112.6708,330,0,1.634557
roils,5.236039,99.7482,238,0,1.661771
cites,5.235986,109.9624,310,0,1.671058
hoast,5.235861,126.7374,379,0,1.635205
gilet,5.235847,116.1361,328,0,1.649244
polar,5.235490,111.4216,293,1,1.670410
druse,5.235260,115.5322,344,0,1.687689
delta,5.235089,105.3006,257,1,1.720950
geats,5.235079,107.3387,278,0,1.714687
tules,5.235038,109.1080,306,0,1.661555
lotsa,5.234782,105.4968,286,0,1.672354
diner,5.234629,123.7482,337,1,1.706695
rules,5.234223,100.9171,249,0,1.725486
eliad,5.233850,115.9305,275,0,1.745140
repla,5.233700,101.5140,265,0,1.776026
caned,5.233346,116.4108,329,0,1.672354
hires,5.233280,104.4678,273,0,1.698056
flane,5.233228,111.8950,317,0,1.725702
bleat,5.233089,118.3382,288,1,1.741037
redia,5.232304,103.8199,221,0,1.788769
setae,5.232293,116.6371,347,0,1.685961
sutor,5.232231,124.1594,379,0,1.622246
ranke,5.231726,103.9814,302,0,1.757019
nites,5.230959,108.2216,303,0,1.680346
peans,5.230898,110.9585,284,0,1.699136
leads,5.230806,105.1633,272,0,1.715767
miter,5.230694,111.3499,298,0,1.719222
smile,5.230522,114.0194,316,1,1.682505
toils,5.230374,110.2769,334,0,1.597840
blaes,5.230340,110.0479,297,0,1.734557
teams,5.229758,110.2216,286,0,1.705832
panes,5.229688,106.3305,284,0,1.705616
hance,5.229636,116.0644,312,0,1.678618
lepra,5.229600,102.5153,265,0,1.770194
minae,5.229091,108.4652,257,0,1.718143
recto,5.228848,102.8186,276,0,1.719654
lyart,5.228680,105.5702,259,0,1.680130
rheas,5.227970,102.6354,238,0,1.776026
taish,5.227659,130.6562,395,0,1.613175
deary,5.227506,111.1849,281,0,1.804320
crime,5.227263,116.6829,338,1,1.683585
skate,5.227142,113.0873,305,1,1.760259
caber,5.226982,114.9637,326,0,1.754428
eards,5.226660,98.2691,257,0,1.776242
slaty,5.226337,120.0048,369,0,1.705184
airth,5.226118,112.1447,297,0,1.654860
haets,5.226098,116.9905,302,0,1.724190
smite,5.226090,118.8618,332,1,1.685745
forte,5.226070,112.8592,336,1,1.732397
gales,5.225924,104.3210,279,0,1.716415
prial,5.225689,112.0022,277,0,1.677754
macle,5.225452,118.2907,333,0,1.678402
strep,5.225353,117.1019,327,0,1.733909
besat,5.224855,115.2523,295,0,1.715983
tosed,5.224828,108.9387,293,0,1.665659
arret,5.223725,115.4181,332,0,1.745140
tirls,5.223209,105.6695,256,0,1.629806
speal,5.223097,120.4644,285,0,1.744492
pelta,5.221760,107.8717,255,0,1.717279
riley,5.220624,102.1603,209,0,1.795032
coals,5.220553,111.6436,325,0,1.635853
altos,5.220324,107.5676,286,0,1.652484
brant,5.220248,117.0000,344,0,1.650540
stied,5.219654,115.5762,329,0,1.697840
wrote,5.219356,116.2458,352,1,1.730238
aloin,5.219278,116.7961,304,0,1.669114
argue,5.219119,109.3646,250,1,1.749244
eruct,5.219017,121.4449,308,0,1.693089
tardo,5.218862,109.5685,306,0,1.653348
telae,5.218580,114.8756,319,0,1.652268
tawie,5.218500,99.9823,255,0,1.729374
blart,5.218485,118.2501,328,0,1.672138
elate,5.218084,109.3836,319,1,1.663715
ploat,5.217844,118.6233,330,0,1.617495
grice,5.217790,120.1395,344,0,1.684665
paseo,5.217772,100.6881,207,0,1.750756
artsy,5.217736,104.0194,302,1,1.717063
enlit,5.217559,115.6177,301,0,1.688553
erics,5.217536,107.8985,256,0,1.728942
telco,5.217209,105.3940,250,0,1.662419
males,5.216873,106.2017,284,0,1.713823
loper,5.216822,109.3179,284,0,1.744060
coats,5.216773,113.2471,329,0,1.639093
lotas,5.216765,104.4048,286,0,1.664579
drats,5.216519,109.1425,318,0,1.654860
caneh,5.216229,118.7978,312,0,1.680778
actor,5.215938,108.6173,294,1,1.663931
gates,5.215795,101.8907,278,0,1.724406
trins,5.215676,117.2445,335,0,1.628078
argot,5.214968,116.5914,314,0,1.648380
faine,5.214904,109.9970,282,0,1.738661
gator,5.214610,111.3862,314,0,1.651404
lited,5.214588,115.5149,311,0,1.644276
mates,5.214370,105.3404,286,0,1.721814
heirs,5.213938,107.5184,273,0,1.693089
geist,5.213924,122.3132,352,0,1.646436
namer,5.213813,102.8626,276,0,1.777970
camel,5.213769,119.8881,333,1,1.674946
loirs,5.212699,99.8492,238,0,1.655940
poral,5.212620,113.9607,293,0,1.669330
remit,5.212201,111.0873,298,1,1.690929
glair,5.212128,110.5533,294,0,1.657667
notal,5.211774,106.6881,278,0,1.650108
terse,5.211730,127.0380,391,1,1.620950
afore,5.211487,99.2540,241,0,1.799784
crues,5.210962,112.0920,304,0,1.688121
asper,5.210785,103.3335,270,0,1.787689
lairy,5.210735,105.2454,244,0,1.747300
walie,5.210695,104.6570,273,0,1.725486
liens,5.210568,110.8860,274,0,1.668035
scant,5.210369,125.3084,387,1,1.626782
lucre,5.209917,107.8838,290,0,1.684233
wanle,5.209839,113.4881,327,0,1.690281
cutie,5.209820,116.4497,310,1,1.647300
prats,5.209697,121.4648,365,0,1.651188
shoat,5.209390,132.4454,379,0,1.654860
sober,5.208938,114.9369,317,1,1.756803
frise,5.208745,112.3806,312,0,1.726566
reman,5.208662,108.8661,276,0,1.728078
sured,5.208506,118.5110,344,0,1.690497
styre,5.208348,100.2518,249,0,1.779266
troke,5.207709,107.9460,309,0,1.729806
scape,5.207566,118.6363,312,0,1.715119
paeon,5.207529,104.7840,232,0,1.717711
shade,5.207197,112.5205,286,1,1.722246
daint,5.206962,130.8963,394,0,1.598704
syren,5.206612,104.0609,251,0,1.718359
crome,5.206278,121.1037,349,0,1.690065
barde,5.205891,119.7438,360,0,1.730238
waler,5.205866,107.0726,292,0,1.796328
escar,5.205404,98.9957,237,0,1.782937
hosel,5.205191,106.2605,261,0,1.652268
tices,5.205188,110.3296,310,0,1.648596
rotis,5.204856,107.5184,307,0,1.635637
lenis,5.203497,106.7106,274,0,1.663283
leaps,5.203298,111.4950,285,0,1.701296
spalt,5.203263,131.9330,406,0,1.625270
cones,5.203110,113.7473,278,0,1.654428
latke,5.202874,105.6082,271,0,1.716199
slept,5.202708,128.5870,341,1,1.666739
chart,5.202158,140.5024,404,1,1.627214
sieth,5.202039,139.1754,353,0,1.675378
cased,5.202006,104.8765,280,0,1.688985
stipe,5.201640,126.5231,357,0,1.695680
raphe,5.200789,106.4903,298,0,1.722030
grail,5.200526,111.4415,294,1,1.659827
tined,5.200492,129.8579,366,0,1.621166
grame,5.200191,117.9659,338,0,1.723758
artic,5.199760,108.8713,295,0,1.668251
motel,5.199635,110.3616,271,1,1.653348
toney,5.199632,111.9149,287,0,1.722462
psoae,5.199545,101.0441,216,0,1.769546
piste,5.199475,126.9525,357,0,1.653348
miler,5.198944,111.4268,266,0,1.711231
plies,5.198851,121.4259,338,0,1.639957
yales,5.198802,97.6618,242,0,1.743413
tepas,5.198633,112.7719,288,0,1.693305
purse,5.197432,127.5754,356,1,1.666091
meril,5.197315,107.9080,266,0,1.684233
tabes,5.196982,106.7158,295,0,1.705832
coria,5.196639,114.1222,296,0,1.704104
fares,5.196469,103.5901,287,0,1.773434
biter,5.196380,117.1132,326,0,1.720086
inure,5.196136,102.8523,256,0,1.718359
clats,5.195610,121.4769,368,0,1.611447
pelas,5.195411,116.0238,285,0,1.695248
stead,5.195062,110.3719,263,1,1.758315
helot,5.194597,110.3400,270,0,1.653132
olein,5.194432,107.6160,265,0,1.696544
preon,5.194356,118.1965,303,0,1.678618
aides,5.194329,99.8639,223,0,1.721814
yates,5.194153,95.9702,216,0,1.751404
macer,5.194141,113.6091,313,0,1.747948
slaid,5.193840,120.5352,349,0,1.627214
mesal,5.193023,116.4687,284,0,1.685961
steno,5.192862,114.5611,302,0,1.725270
caird,5.192720,122.0773,343,0,1.611231
phase,5.192650,128.5836,317,1,1.685529
sield,5.192611,119.9080,314,0,1.663715
horal,5.192365,107.8207,259,0,1.667819
yrent,5.192282,102.8721,240,0,1.714687
feral,5.191905,113.6799,292,1,1.765443
spine,5.191887,128.7883,355,1,1.670194
ciels,5.191663,116.4877,292,0,1.643413
runes,5.191593,108.5464,276,0,1.688985
urial,5.191531,98.2259,216,0,1.702160
anger,5.190980,111.9849,296,1,1.755724
cream,5.190935,119.2566,313,1,1.715551
aside,5.190735,100.7590,223,1,1.752916
sadhe,5.190703,108.3667,286,0,1.697840
sined,5.190627,124.0834,349,0,1.646868
lenti,5.190488,105.9987,271,0,1.674946
sharn,5.190264,119.3084,309,0,1.659827
tyler,5.190181,98.7114,200,0,1.741685
lants,5.189182,108.6881,317,0,1.617711
blert,5.189027,112.8842,287,0,1.707559
trads,5.188674,110.3650,318,0,1.647948
beals,5.188257,117.0371,297,0,1.709719
pilar,5.188219,113.5080,277,0,1.642549
nails,5.188017,110.0816,326,0,1.630454
amine,5.187994,110.6665,257,0,1.721598
snide,5.187697,124.3607,349,1,1.661771
lenos,5.187571,102.0678,239,0,1.668898
apers,5.187570,109.3819,270,0,1.749244
corey,5.187497,114.6812,290,0,1.767603
laced,5.187132,114.6276,325,0,1.673002
rotls,5.186904,105.8138,257,0,1.636933
sutra,5.186722,117.6073,304,0,1.696544
taver,5.186592,112.1490,323,0,1.785745
sluit,5.186361,139.8924,441,0,1.558747
chile,5.186282,127.7205,359,0,1.630670
smote,5.186141,116.0350,302,1,1.692225
rodes,5.186094,110.8514,301,0,1.710799
shape,5.185890,127.7827,317,1,1.707775
cital,5.185667,120.7495,345,0,1.612959
slave,5.185665,118.5171,333,1,1.750324
angle,5.185033,116.5024,309,1,1.686177
pareu,5.184909,103.1132,250,0,1.757667
etnas,5.184605,104.7546,256,0,1.746652
perts,5.184496,118.3140,327,0,1.678186
paint,5.183879,130.4860,390,1,1.595032
short,5.183743,141.5901,415,1,1.621382
nicer,5.183412,111.8587,292,1,1.706479
twire,5.182920,116.3279,339,0,1.692657
raped,5.182847,115.7922,327,0,1.714687
maist,5.182230,129.1063,397,0,1.593737
shero,5.182153,116.1844,279,0,1.732829
prost,5.182022,134.0575,412,0,1.589417
abler,5.181803,107.9840,291,0,1.778186
elsin,5.181692,117.0406,305,0,1.658531
plant,5.181617,121.2289,356,1,1.582073
cotan,5.181570,127.0994,350,0,1.592873
leish,5.181493,115.5693,295,0,1.641901
beats,5.181435,114.1698,295,0,1.712959
cheat,5.180959,134.1974,328,1,1.696112
scail,5.180868,118.8168,350,0,1.634341
dolce,5.180642,121.2039,332,0,1.612959
tabor,5.180539,118.2181,335,0,1.632829
aroid,5.180137,119.0380,310,0,1.684665
teind,5.179798,133.6359,366,0,1.627862
laith,5.179503,120.3365,359,0,1.606048
racon,5.179457,114.8687,315,0,1.633045
hoten,5.179187,120.3927,311,0,1.632181
alike,5.178799,110.5594,271,1,1.730238
leach,5.178764,123.0864,304,1,1.686393
noels,5.178345,105.1097,276,0,1.680562
anime,5.178278,111.8821,257,1,1.707559
brent,5.178099,119.7231,340,0,1.685961
coder,5.177873,126.2363,356,0,1.695464
saver,5.177605,109.9521,315,0,1.811447
snipe,5.176699,130.9672,355,1,1.647300
tinas,5.176543,118.3192,345,0,1.613607
genal,5.176522,124.0652,309,0,1.671922
rebit,5.176337,118.0315,326,0,1.676674
loath,5.176108,116.1870,342,1,1.620734
lithe,5.176085,110.0747,295,1,1.651620
recon,5.175719,112.2432,286,0,1.683153
almes,5.175542,109.7516,284,0,1.687905
clied,5.175529,127.9616,367,0,1.606695
litas,5.175037,110.0039,313,0,1.636717
older,5.174711,111.0311,297,1,1.731102
ashet,5.174652,108.8825,282,0,1.726782
darts,5.174465,109.6531,318,0,1.631749
doers,5.174360,115.0380,301,0,1.698272
mores,5.174234,115.7231,296,0,1.699136
haint,5.174226,130.4592,397,0,1.593521
worse,5.174202,120.6898,337,1,1.701080
wares,5.174162,107.2099,298,0,1.756371
bates,5.174062,108.1084,295,0,1.722678
spait,5.174004,136.4687,396,0,1.623974
tauon,5.173967,116.8695,294,0,1.596544
comae,5.173851,115.7914,260,0,1.704752
loris,5.173763,101.3732,238,0,1.634989
waste,5.172850,111.6618,306,1,1.710151
radge,5.172750,118.4505,341,0,1.712311
dinar,5.172503,124.6035,322,0,1.609719
shirt,5.171998,143.2091,411,1,1.614903
hilar,5.171666,105.0242,247,0,1.641037
cures,5.171661,116.5568,304,0,1.670194
parts,5.171637,123.0536,365,0,1.628078
sheol,5.171526,117.3585,312,0,1.668035
court,5.171293,138.3961,419,1,1.557451
heron,5.170536,113.2868,287,1,1.668683
spelt,5.170358,129.7430,341,1,1.660691
claut,5.170085,129.2229,392,0,1.576458
entia,5.169970,110.4790,254,0,1.760259
fears,5.169812,110.6847,287,0,1.755292
simar,5.169658,111.3413,288,0,1.646220
bries,5.169377,111.3654,293,0,1.708423
snead,5.169179,113.3974,272,0,1.709935
prune,5.169068,120.5482,352,1,1.657019
horst,5.169029,141.4138,415,0,1.573002
bales,5.168771,111.1797,297,0,1.714687
miser,5.168693,113.0743,283,1,1.691361
lutes,5.168597,112.9240,306,0,1.648164
swear,5.168542,113.6056,298,1,1.768898
ragde,5.168066,118.4721,341,0,1.709071
tyres,5.167990,104.1041,249,0,1.701728
freit,5.167878,125.2825,337,0,1.688769
rainy,5.167671,113.6203,276,1,1.715119
ousel,5.167600,109.4276,254,0,1.659827
tunes,5.167600,118.3002,326,0,1.625054
lames,5.167591,107.6212,284,0,1.698704
gores,5.167510,113.4199,303,0,1.701728
pieta,5.166883,113.3568,238,0,1.722246
monte,5.166739,117.2911,310,0,1.636285
amort,5.166610,119.4613,325,0,1.640605
praos,5.166443,116.0920,321,0,1.652268
rugae,5.166331,109.9909,250,0,1.741469
payer,5.166141,110.4117,274,1,1.757019
unite,5.166095,114.0721,303,1,1.663715
rides,5.166034,110.8635,288,0,1.682937
goner,5.165851,128.6389,345,1,1.705184
terne,5.165598,127.6981,391,0,1.593952
armed,5.165538,124.7356,344,0,1.694384
ripen,5.165524,121.6609,317,1,1.659827
pated,5.165508,116.1965,309,0,1.660691
botel,5.165372,118.4428,301,0,1.654212
crave,5.164776,123.9641,367,1,1.736501
clipe,5.164774,130.7659,374,0,1.604536
deray,5.164773,117.8225,281,0,1.775594
pride,5.164685,129.4371,380,1,1.658747
losed,5.164339,110.0644,281,0,1.644276
mires,5.164189,111.2289,283,0,1.671274
porta,5.164150,118.9369,308,0,1.652484
telic,5.163837,110.1585,286,0,1.646652
noria,5.163756,109.7698,295,0,1.713391
celts,5.163408,110.6052,290,0,1.641685
unlet,5.163165,108.4626,276,0,1.632613
swire,5.163078,115.9089,322,0,1.718359
crept,5.163077,125.8760,341,1,1.652916
relic,5.162994,103.8268,250,1,1.710583
traps,5.162954,122.2907,365,0,1.633477
peris,5.162788,113.6022,297,0,1.673650
pried,5.162481,134.8609,380,1,1.646436
eater,5.162369,111.9512,332,1,1.718143
roins,5.161962,115.6160,315,0,1.623758
lepta,5.161672,110.3054,255,0,1.693952
sabir,5.161628,109.3585,287,0,1.652916
pairs,5.161344,113.1002,299,0,1.644492
ergot,5.161235,120.4955,324,0,1.696976
plage,5.161135,127.9348,355,0,1.656156
bared,5.161127,125.0035,360,0,1.717927
moste,5.160534,118.0073,302,0,1.652916
acnes,5.160457,102.4903,257,0,1.692441
brame,5.160300,124.0359,365,0,1.722030
salty,5.160079,124.3866,369,1,1.685313
pleas,5.159833,123.4406,285,0,1.700432
crout,5.159410,135.7369,419,0,1.556803
scran,5.159233,113.7050,306,0,1.638445
paled,5.159196,123.3836,350,0,1.652700
uraos,5.159081,100.2190,250,0,1.676674
oldie,5.158744,114.5663,270,0,1.660259
ropes,5.158710,115.1244,295,0,1.696760
death,5.158570,120.7866,305,1,1.663067
taube,5.158554,112.4955,267,0,1.679914
yeard,5.158518,112.5819,281,0,1.728510
stope,5.157815,119.5080,306,0,1.702160
poule,5.157506,122.5300,311,0,1.626782
acorn,5.157105,119.2566,315,1,1.628726
recti,5.157011,105.6816,277,0,1.698272
logie,5.156870,112.6587,273,0,1.655292
hairs,5.156788,107.6177,267,0,1.642981
stake,5.156720,117.6281,305,1,1.756587
moner,5.156139,121.3810,303,0,1.702592
hiant,5.156135,131.8933,397,0,1.580346
glade,5.155989,128.3564,366,1,1.659179
ronts,5.155985,117.3387,330,0,1.595680
heald,5.155784,121.5564,306,0,1.646220
molar,5.155468,118.9361,310,1,1.642117
cider,5.155317,125.0415,343,1,1.667603
scena,5.154535,113.3188,274,0,1.725918
eosin,5.154507,119.0717,351,0,1.686177
hoers,5.154362,115.7076,279,0,1.693089
hoaed,5.154131,103.9028,242,0,1.698704
cines,5.154077,118.8972,314,0,1.626566
leams,5.154046,114.1490,284,0,1.684449
snary,5.154017,115.9486,293,0,1.714471
rayed,5.154008,112.0255,281,0,1.739093
sepia,5.153762,111.8700,237,1,1.736501
crits,5.153681,124.2544,368,0,1.585313
shule,5.153523,129.4216,350,0,1.636501
deros,5.153339,111.6652,301,0,1.682937
goest,5.153214,123.9823,313,0,1.646436
pagle,5.153200,127.1685,355,0,1.645140
wears,5.153094,113.6479,298,0,1.738229
doles,5.153017,111.5944,281,0,1.638445
doilt,5.152601,130.7840,399,0,1.529374
stray,5.152403,114.9179,302,1,1.734125
taped,5.152147,114.8125,309,0,1.650756
scent,5.152057,125.8389,319,1,1.662203
valet,5.152000,114.0903,308,1,1.703672
petri,5.151876,114.1888,308,0,1.676890
hepar,5.151872,115.6929,298,0,1.684233
means,5.151518,114.3702,280,0,1.670842
resid,5.151334,112.2181,288,0,1.675810
talcs,5.151330,121.2687,368,0,1.583801
salve,5.151285,117.3153,333,1,1.730454
alate,5.150348,116.5214,319,0,1.678618
marge,5.150229,119.3084,338,0,1.700648
brail,5.150113,116.5559,301,0,1.658099
chert,5.149933,137.7395,361,0,1.662635
basen,5.149361,112.8229,295,0,1.685745
trild,5.149024,121.6341,313,0,1.576674
brute,5.148739,125.8898,368,1,1.670842
narco,5.148654,114.8384,315,0,1.630238
rahed,5.148556,109.4242,295,0,1.718359
shent,5.148302,143.6462,367,0,1.654860
thars,5.148299,129.8708,352,0,1.643197
yores,5.148290,104.3218,247,0,1.728726
tical,5.148151,120.2276,345,0,1.590497
lunar,5.147783,108.5395,258,1,1.639309
deare,5.147636,134.1197,409,0,1.637149
spean,5.147297,122.1594,284,0,1.696544
hoars,5.147078,112.0255,288,0,1.657667
recut,5.146735,117.7309,308,1,1.656156
harts,5.146683,123.8795,352,0,1.626566
cento,5.146441,117.2246,289,0,1.633693
trays,5.146371,106.6613,302,0,1.653996
rosin,5.146184,116.3901,315,0,1.598704
beard,5.145928,129.7110,360,1,1.699784
coper,5.145784,127.5901,339,0,1.681425
laity,5.145724,117.6868,331,0,1.671058
resod,5.145488,111.6212,301,0,1.681425
strad,5.145465,113.8441,318,0,1.660691
sorda,5.145439,114.9698,295,0,1.674946
lawer,5.145029,108.7538,292,0,1.778834
spade,5.144989,121.1503,324,1,1.690065
meint,5.144828,130.2492,343,0,1.616847
manes,5.144257,109.4302,280,0,1.677322
wrast,5.144191,129.1667,381,0,1.626566
trefa,5.143763,115.3715,291,0,1.737365
lidar,5.143627,115.6143,273,0,1.633261
smalt,5.143609,133.2263,414,0,1.599568
oners,5.143587,105.0691,237,0,1.719438
hated,5.143384,115.2868,305,0,1.659179
geans,5.143181,118.4998,291,0,1.673434
chiel,5.143086,130.8799,359,0,1.606479
scute,5.143022,129.4086,354,0,1.647084
after,5.142395,110.0073,291,1,1.758531
liger,5.142344,116.1793,284,0,1.698272
heros,5.142095,111.9728,279,0,1.677754
kesar,5.142022,109.8017,295,0,1.719438
griot,5.141965,129.7205,389,0,1.572570
dorsa,5.141622,116.3011,295,0,1.641901
stime,5.141604,122.2855,332,0,1.678834
rudie,5.141490,119.2065,303,0,1.659179
nelis,5.141478,108.5629,274,0,1.646436
plena,5.141343,118.6095,286,0,1.681210
turme,5.141270,123.1667,341,0,1.645788
sleet,5.141258,134.4272,405,1,1.575162
valse,5.141192,118.9646,333,0,1.687689
angel,5.140910,119.8121,309,1,1.661987
ranid,5.140749,125.5952,322,0,1.609071
laics,5.140584,118.6000,350,0,1.595248
coirs,5.140549,118.2294,327,0,1.593305
ready,5.140457,114.2121,281,1,1.785097
goral,5.140389,119.5322,297,0,1.643629
gloat,5.139804,124.0462,346,1,1.591793
loden,5.139628,123.8035,321,0,1.616415
poles,5.139180,118.1067,294,0,1.634773
estro,5.139140,106.5646,246,0,1.751836
haled,5.138928,115.5408,306,0,1.651188
boast,5.138767,128.2285,379,1,1.609287
raged,5.138570,122.4747,341,0,1.696760
peare,5.138523,133.4950,402,0,1.633477
skear,5.138216,114.0238,295,0,1.765011
dotes,5.137863,112.1413,293,0,1.646436
stoep,5.137754,122.1637,306,0,1.680562
salic,5.137648,117.6695,350,0,1.622246
retie,5.137210,124.5706,376,0,1.609935
spaed,5.137127,119.9814,324,0,1.677754
solah,5.136944,123.0587,335,0,1.622678
tarps,5.136781,123.8164,365,0,1.610367
ament,5.136716,116.0687,273,0,1.674082
chair,5.136705,129.3767,345,1,1.611015
ratus,5.136668,112.4834,304,0,1.644492
slued,5.136492,125.9961,363,0,1.612527
herls,5.136387,108.6173,253,0,1.673434
ripes,5.136010,115.4449,297,0,1.668898
coled,5.135756,125.2376,332,0,1.601512
ileac,5.135550,109.1771,239,0,1.732613
piers,5.135477,120.2337,297,0,1.666739
buret,5.135245,131.9166,368,0,1.654644
stour,5.135141,128.2475,379,0,1.616631
swore,5.134984,121.0501,337,1,1.724838
lacey,5.134647,111.5486,271,0,1.746436
aspie,5.134505,109.1011,235,0,1.716847
shame,5.134291,126.7633,312,1,1.690929
yeans,5.133910,106.2890,269,0,1.700432
droil,5.133342,122.5689,331,0,1.573650
drake,5.133279,121.8829,349,1,1.708855
tides,5.132862,118.5862,329,0,1.619006
deils,5.132503,120.7460,314,0,1.618790
carve,5.132240,125.0484,367,1,1.713391
snake,5.131733,122.1015,317,1,1.708207
enarm,5.131707,113.2454,276,0,1.719222
tronc,5.131611,129.6410,386,0,1.560043
coati,5.131558,111.1028,253,0,1.646220
cades,5.131555,107.8847,280,0,1.670194
shoal,5.131504,124.0073,335,1,1.625702
laker,5.131231,106.3184,287,0,1.779266
harem,5.130996,114.1810,304,1,1.696328
pager,5.130909,119.0873,329,0,1.714687
crios,5.130332,119.2946,327,0,1.586393
soave,5.130148,106.6397,244,0,1.777970
sprue,5.130044,130.0808,356,0,1.668251
monie,5.129506,123.4639,302,0,1.631749
daris,5.129290,108.3918,270,0,1.627214
recap,5.129264,116.9145,304,1,1.687689
corbe,5.129159,130.6302,378,0,1.652268
oncet,5.129150,115.6730,289,0,1.629158
boner,5.129140,128.7719,337,0,1.703456
metro,5.128853,115.7905,301,1,1.669978
shute,5.128754,149.7102,413,0,1.639741
kiore,5.128730,103.5754,251,0,1.700216
torcs,5.128098,128.5205,368,0,1.569114
lined,5.127894,134.4471,366,0,1.599784
opter,5.127711,116.4359,302,0,1.706479
bract,5.127642,133.9702,397,0,1.600000
baels,5.127639,121.3024,297,0,1.695032
anils,5.127488,119.1814,326,0,1.606048
proas,5.127212,119.7361,321,0,1.645356
miner,5.126933,124.1214,314,1,1.674730
moral,5.126887,121.1339,310,1,1.641037
bores,5.126843,120.8773,317,0,1.700000
dotal,5.126556,122.7650,328,0,1.588337
surge,5.126411,126.8022,343,1,1.674082
potes,5.126367,120.5508,306,0,1.642765
toric,5.125839,120.0307,355,0,1.581857
forel,5.125749,118.4056,309,0,1.704968
rohes,5.125728,109.4812,279,0,1.700432
paris,5.125321,116.3270,299,0,1.623542
douse,5.125293,123.8130,307,0,1.619438
auger,5.125239,114.0583,250,0,1.736933
deash,5.125079,120.1680,286,0,1.648812
parti,5.124882,115.2998,310,0,1.635205
relet,5.124829,122.9317,326,0,1.608207
krait,5.124580,118.6734,329,0,1.626134
clary,5.124522,127.0147,324,0,1.671706
hayer,5.124460,103.1279,230,0,1.755508
cains,5.124268,127.7041,371,0,1.583153
arcos,5.124207,109.8613,284,0,1.641901
otary,5.123986,107.3326,273,0,1.716415
hayle,5.123950,109.6808,257,0,1.685961
yarto,5.123811,108.8410,273,0,1.657883
grain,5.123811,126.4592,331,1,1.611879
canto,5.123782,124.3261,350,0,1.583585
regna,5.123374,118.7546,296,0,1.720086
epact,5.123354,127.1581,323,0,1.662419
radon,5.123334,122.8117,316,0,1.603456
print,5.123238,139.3395,410,1,1.555940
melas,5.123155,119.2238,284,0,1.666955
horde,5.123125,124.6778,365,1,1.648812
warst,5.123096,130.6708,381,0,1.603456
holes,5.122879,110.5698,261,0,1.633261
rauns,5.122615,111.9555,286,0,1.627214
style,5.122177,109.4924,277,1,1.699784
royal,5.121471,111.8916,260,1,1.663067
topes,5.121412,119.4726,306,0,1.632829
dites,5.121334,119.4587,329,0,1.618575
coted,5.121227,123.3110,322,0,1.609503
agone,5.121101,116.0566,249,0,1.723326
getas,5.120983,112.4134,278,0,1.677538
aleft,5.120944,124.3417,292,0,1.680562
ulnar,5.120932,107.4631,258,0,1.630670
grein,5.120687,130.6579,348,0,1.647300
spice,5.120665,136.4549,370,1,1.619654
sneap,5.120581,123.2937,284,0,1.686177
speil,5.120468,130.9179,338,0,1.630238
pored,5.120388,137.8233,390,0,1.638013
blast,5.120171,140.6562,429,1,1.581641
roads,5.120028,110.4462,295,0,1.643629
haros,5.120027,112.2829,288,0,1.627646
super,5.119950,131.9140,356,1,1.677754
snoep,5.119868,127.3387,308,0,1.632181
brule,5.119308,122.4065,347,0,1.667603
piles,5.118909,125.0613,338,0,1.606911
coyer,5.118624,116.5430,290,0,1.705832
amice,5.118262,116.1533,271,0,1.671058
flite,5.117943,127.5158,354,0,1.644924
gerah,5.117611,122.0911,304,0,1.681210
calos,5.117292,118.3667,325,0,1.592657
lured,5.117238,122.7451,328,0,1.643413
heils,5.116458,117.2289,295,0,1.613607
noted,5.116377,123.0406,331,0,1.618790
sport,5.116340,139.7222,412,1,1.589201
noirs,5.115489,115.4769,315,0,1.602592
beaut,5.115180,120.4989,285,0,1.677970
easle,5.115172,117.4268,344,0,1.620734
barge,5.114867,126.2302,357,1,1.701512
blade,5.114478,134.2803,380,1,1.657451
natis,5.114385,118.1274,345,0,1.604320
trove,5.114255,121.5607,361,1,1.704968
sargo,5.114113,114.8860,312,0,1.650324
glean,5.114019,129.0648,309,1,1.665659
leear,5.114015,120.2829,325,0,1.680778
unset,5.113571,123.0596,326,1,1.612743
trams,5.113569,122.1914,359,0,1.616631
bolar,5.113440,126.8471,330,0,1.642981
frape,5.113310,122.2086,349,0,1.704968
resty,5.113065,109.9797,249,0,1.753780
clans,5.112813,128.2622,376,0,1.570194
manor,5.112607,122.6035,334,1,1.604320
segol,5.112133,115.9089,293,0,1.631317
capes,5.111989,118.2778,312,0,1.656156
redon,5.111882,125.5425,324,0,1.653564
decal,5.111868,127.0657,325,1,1.639309
darns,5.111804,114.7089,303,0,1.590497
banes,5.111118,112.8609,295,0,1.678186
rifte,5.110966,119.9503,337,0,1.668035
amrit,5.110210,122.0514,319,0,1.613175
eyras,5.110096,103.2445,215,0,1.756156
sayed,5.109987,110.7512,278,0,1.700864
derns,5.109864,115.0181,304,0,1.640605
twier,5.109596,125.0812,339,0,1.682721
nadir,5.109361,121.6747,322,1,1.600864
spirt,5.109201,143.6497,420,0,1.582721
barye,5.108413,112.9369,287,0,1.736285
stoln,5.108043,124.4419,357,0,1.574730
hosen,5.107881,123.2825,296,0,1.604320
narcs,5.107878,115.9667,306,0,1.601728
argol,5.107823,119.0501,297,0,1.619222
peaty,5.107787,120.0531,290,0,1.724406
bonie,5.107520,126.4946,305,0,1.632613
crust,5.107479,142.5689,429,1,1.535205
heare,5.107106,126.2000,365,0,1.631965
algor,5.106496,120.5698,297,0,1.617063
flier,5.106122,123.0475,310,1,1.711231
acted,5.105806,112.8609,277,0,1.647516
maple,5.105212,130.2631,363,1,1.634773
cease,5.104751,127.8164,370,1,1.599136
sprit,5.104570,144.4039,420,0,1.561771
wrest,5.104421,131.4613,357,1,1.661987
harls,5.104304,114.1058,273,0,1.623326
horas,5.103896,116.6078,288,0,1.628942
tamed,5.103886,121.1434,322,0,1.630670
enols,5.103839,115.9002,308,0,1.661123
tours,5.103713,131.6592,379,0,1.573434
royst,5.103692,125.5780,364,0,1.568251
crare,5.103576,130.0523,376,0,1.695032
alowe,5.103270,110.7184,238,0,1.726782
email,5.103123,119.3482,302,1,1.694816
spail,5.103102,133.6082,380,0,1.594816
colas,5.102920,122.5387,325,0,1.593952
tyran,5.102849,114.5447,283,0,1.595680
dicer,5.102557,127.5711,343,0,1.644708
smelt,5.102521,127.6834,320,1,1.634989
groan,5.102471,132.2873,344,1,1.610583
alkie,5.102296,113.3611,271,0,1.697624
sleer,5.102188,126.6164,351,0,1.639741
shred,5.102046,125.4311,361,0,1.647732
oncer,5.101998,117.3577,286,0,1.693737
dulse,5.101962,129.3067,363,0,1.577106
tuple,5.101806,127.3032,348,0,1.582505
raids,5.101625,109.7758,270,0,1.628942
paned,5.101594,126.7529,342,0,1.616199
beans,5.101585,118.7780,295,0,1.671706
urali,5.101547,99.1901,210,0,1.679482
oiled,5.101531,119.6955,270,0,1.636933
untie,5.101332,116.1767,303,1,1.634341
scaur,5.101301,118.8842,329,0,1.629590
amies,5.100958,105.0950,229,0,1.696544
traik,5.100954,121.8501,329,0,1.623758
urnal,5.100919,107.0354,258,0,1.632829
tansy,5.100456,127.5521,376,0,1.608855
draco,5.100417,129.5650,359,0,1.591577
napes,5.100057,110.7935,284,0,1.665443
douar,5.099949,129.1806,322,0,1.603024
argil,5.099918,121.1529,294,0,1.613607
gaper,5.099906,120.0013,329,0,1.706911
strap,5.099869,129.8225,365,1,1.636933
clime,5.099864,132.6648,371,0,1.587689
liber,5.099405,119.0924,291,0,1.681857
sabot,5.099370,132.2596,379,0,1.593952
treen,5.099262,134.3883,391,0,1.568251
crash,5.099146,136.8799,386,1,1.612095
herns,5.099142,116.4557,296,0,1.635421
lunes,5.099115,117.1607,304,0,1.603672
house,5.098863,128.7952,324,1,1.614255
doats,5.098842,117.8069,334,0,1.586609
suint,5.098685,159.8242,506,0,1.540173
singe,5.098533,136.6708,372,1,1.630454
bairn,5.098444,126.3322,331,0,1.607991
arett,5.098057,125.4510,332,0,1.709503
flote,5.097806,118.6657,311,0,1.651404
perns,5.097802,119.2920,314,0,1.636933
euros,5.097742,116.4678,268,0,1.700000
siroc,5.097720,117.1140,327,0,1.585313
copse,5.097681,129.8622,323,1,1.600864
certy,5.097484,118.2311,264,0,1.718359
treat,5.097429,126.6976,332,1,1.716415
rosti,5.097307,113.2834,307,0,1.619438
bloat,5.097079,134.6760,372,1,1.590065
renga,5.097014,119.5322,296,0,1.712743
terms,5.096907,118.0125,310,0,1.643629
cents,5.096811,119.8086,316,0,1.605184
clint,5.096727,142.8618,435,0,1.516199
comet,5.096267,128.2112,331,1,1.596760
loave,5.096156,110.0652,252,0,1.730886
reset,5.096149,133.0648,391,1,1.588337
repin,5.095714,123.9374,317,0,1.633909
biner,5.095561,128.7123,338,0,1.675594
tuyer,5.095488,114.9041,265,0,1.676458
gruel,5.095021,121.9451,323,1,1.645140
garbe,5.094681,126.2795,357,0,1.677754
brain,5.094657,125.1443,331,1,1.610151
roach,5.094568,132.5257,366,1,1.614255
rifle,5.094523,118.5568,310,1,1.664795
riced,5.094510,128.5214,343,0,1.623110
spuer,5.094381,132.6311,356,0,1.673866
armil,5.094232,118.7374,284,0,1.611447
rouge,5.094130,124.0384,329,1,1.661987
clues,5.093539,125.1348,337,0,1.592225
feats,5.093397,121.4320,304,0,1.679050
abort,5.092981,125.1210,335,1,1.622462
sweat,5.092741,130.7978,306,1,1.704320
ruled,5.092734,126.1629,328,0,1.636069
swile,5.092620,128.5922,353,0,1.638877
gairs,5.092418,116.2631,294,0,1.618790
moten,5.092210,124.7019,310,0,1.605400
tuans,5.092039,129.1935,375,0,1.568467
fetal,5.091970,125.3240,285,1,1.680778
moers,5.091941,121.9356,296,0,1.666307
stoai,5.091856,111.1572,252,0,1.703888
reaks,5.091692,115.2713,295,0,1.725486
coapt,5.091632,131.8380,383,0,1.549244
galed,5.091522,132.5084,366,0,1.626998
canso,5.090957,124.7849,349,0,1.569330
filet,5.090702,132.5015,354,1,1.613607
puler,5.090382,125.0017,317,0,1.653996
reign,5.090321,134.3832,348,1,1.641253
salle,5.090151,125.6799,344,0,1.691145
grist,5.089856,134.5974,397,0,1.557235
hable,5.089837,125.9529,332,0,1.627214
tragi,5.089810,118.0359,320,0,1.626350
tubae,5.089431,121.3603,267,0,1.661123
steam,5.089415,123.7205,291,1,1.710799
blest,5.089319,133.6661,347,0,1.617063
meris,5.089268,114.0981,283,0,1.645356
ahint,5.089220,142.1698,397,0,1.574514
marts,5.089169,126.0652,359,0,1.599784
leman,5.089028,122.0004,288,0,1.642765
thein,5.089011,138.6726,344,0,1.588769
lodes,5.088925,113.5616,281,0,1.625486
snath,5.088867,148.6251,443,0,1.573218
beano,5.088832,115.2056,248,0,1.700216
cited,5.088441,130.2467,351,0,1.581641
sopra,5.088289,125.0458,321,0,1.659827
tinge,5.087338,135.6298,385,0,1.604752
agent,5.087335,122.4549,293,1,1.669330
diact,5.087315,135.1590,396,0,1.534989
ravel,5.087085,117.4242,317,0,1.755940
legit,5.086851,124.8324,328,0,1.607775
avert,5.086686,119.0207,323,1,1.722246
boral,5.086578,129.0683,330,0,1.641901
harns,5.086423,119.3067,309,0,1.585313
twoer,5.086399,129.3076,352,0,1.689201
karst,5.086388,131.2048,387,0,1.593305
liney,5.086220,123.0415,292,0,1.673218
feist,5.086074,139.2488,372,0,1.610799
thirl,5.085916,127.5235,300,0,1.560043
gated,5.085626,122.9879,323,0,1.634989
iotas,5.085465,109.8475,252,0,1.652484
cants,5.085064,128.5447,387,0,1.555076
chose,5.084959,137.3335,335,1,1.626134
treif,5.084959,128.2233,337,0,1.642549
crude,5.084949,136.0652,394,1,1.611015
tehrs,5.084812,122.4488,326,0,1.663499
reest,5.084521,138.3374,391,0,1.577538
ainee,5.084423,120.3477,316,0,1.630238
rayon,5.084365,117.4268,286,1,1.613823
burse,5.084164,133.1443,363,0,1.638661
splat,5.083871,140.2778,406,1,1.583369
relie,5.083633,122.4151,334,0,1.601944
comte,5.083502,128.9801,331,0,1.595032
taken,5.083288,113.6428,290,1,1.658963
goers,5.083065,119.5434,303,0,1.668898
longe,5.082910,130.2579,339,0,1.611231
pulse,5.082814,143.2618,391,1,1.573434
troak,5.082745,124.5188,329,0,1.622462
auris,5.082559,110.2173,248,0,1.645788
ulcer,5.082541,114.4307,290,1,1.665659
spent,5.082452,141.2929,364,1,1.622678
comer,5.082330,134.4229,349,0,1.661339
intra,5.082289,112.1724,264,0,1.656156
mairs,5.082269,115.7940,288,0,1.616199
tacos,5.082060,119.0648,329,0,1.578186
feals,5.081862,122.9102,308,0,1.675810
awner,5.081687,120.3892,316,0,1.716199
rimes,5.081653,115.2367,283,0,1.648812
merls,5.081200,114.6095,282,0,1.646652
incle,5.081136,118.2380,319,0,1.611447
whare,5.081010,125.8190,336,0,1.697624
tidal,5.080965,129.2238,351,1,1.560907
caese,5.080872,128.4937,370,0,1.584449
prime,5.080692,133.4553,382,1,1.627430
maron,5.080583,126.3590,334,0,1.591793
easer,5.080536,113.4026,326,0,1.690281
riads,5.080466,113.7205,270,0,1.615767
agers,5.080021,110.1335,262,0,1.718790
treys,5.079945,109.5313,251,0,1.689417
krone,5.079938,119.1641,331,0,1.678834
reamy,5.079844,119.6255,278,0,1.753780
ponce,5.079776,135.3905,351,0,1.572786
gayer,5.079653,113.2963,272,1,1.731317
tater,5.079278,120.1335,332,0,1.734773
praty,5.078996,130.5283,372,0,1.635205
costa,5.078772,126.4220,329,0,1.596112
metol,5.078715,118.5050,273,0,1.605184
aygre,5.078688,114.1093,272,0,1.694384
paces,5.078517,120.0212,312,0,1.643629
saury,5.078315,122.5525,308,0,1.690497
dault,5.078206,133.6505,398,0,1.532829
talus,5.078198,122.6328,360,0,1.572570
hired,5.078006,129.2160,345,0,1.608639
swart,5.077975,136.7045,381,0,1.635421
drome,5.077817,135.4432,400,0,1.637581
sowle,5.077581,124.1991,322,0,1.649028
brats,5.077485,125.4181,356,0,1.623758
nitro,5.077187,121.0916,338,0,1.578402
carny,5.077183,130.4842,348,0,1.626998
opera,5.077097,109.3153,224,1,1.757451
bosie,5.076603,114.6199,269,0,1.649244
spule,5.076513,142.6691,391,0,1.604320
salop,5.076403,127.6505,359,0,1.589201
trems,5.075628,119.8648,310,0,1.652052
ayont,5.075439,126.9801,331,0,1.571274
tower,5.075197,128.8117,352,1,1.692873
erose,5.075188,121.8985,361,0,1.629806
menta,5.074965,119.8233,273,0,1.652484
hoist,5.074936,150.2467,464,1,1.513175
rakes,5.074906,108.5680,295,0,1.731965
enate,5.074706,119.6220,342,0,1.596760
atrip,5.074675,121.7058,310,0,1.599784
neaps,5.074458,116.2484,284,0,1.647948
facet,5.074455,121.6410,313,1,1.650324
daces,5.074131,109.9555,280,0,1.647300
labor,5.074018,124.2371,330,1,1.611447
toads,5.073834,118.2302,334,0,1.579698
rowie,5.073652,112.6579,290,0,1.685961
plain,5.073008,137.8026,402,1,1.541685
lotah,5.072974,125.9797,342,0,1.583585
sower,5.072910,127.0397,337,1,1.718575
coaly,5.072895,130.1317,379,0,1.619870
ornis,5.072610,117.7015,315,0,1.574730
naric,5.072422,115.5676,311,0,1.614471
pails,5.072392,131.8164,380,0,1.565011
feria,5.072255,112.6657,238,0,1.744060
chine,5.072251,144.1698,388,0,1.592657
hones,5.072111,123.9184,296,0,1.596760
coley,5.072046,121.3404,289,0,1.674946
twaes,5.071713,116.6596,306,0,1.672138
guile,5.071698,136.7814,347,1,1.591577
meath,5.071467,134.6665,323,0,1.631102
coned,5.071030,140.9387,363,0,1.565011
sehri,5.071001,112.7400,273,0,1.696328
eniac,5.070959,120.0842,290,0,1.693089
weals,5.070909,123.7343,308,0,1.658747
fates,5.070846,114.5654,304,0,1.688769
shorl,5.070775,127.3775,300,0,1.592225
staun,5.070527,132.2959,375,0,1.590497
frena,5.070328,118.4497,302,0,1.715767
alive,5.070301,121.1538,302,1,1.705400
skier,5.070295,119.4769,308,1,1.704536
seine,5.070274,137.7395,425,0,1.559827
redos,5.070271,115.3395,301,0,1.662635
pones,5.070199,128.8022,308,0,1.598272
riyal,5.070142,115.4173,252,0,1.635205
vares,5.070135,114.7745,315,0,1.728294
debar,5.070085,136.5784,360,1,1.655076
irons,5.069399,117.8397,315,0,1.601080
torus,5.069397,133.6782,379,1,1.557883
orcas,5.069307,113.6920,284,0,1.626998
korat,5.069283,122.3037,329,0,1.609935
velar,5.069203,121.9391,317,0,1.721382
feuar,5.068723,120.5335,268,0,1.695464
tahrs,5.068390,127.5814,352,0,1.613391
alane,5.068286,126.6726,358,0,1.637365
lyres,5.068268,105.6350,237,0,1.680346
giant,5.068230,141.4207,413,1,1.556156
moles,5.068227,120.6898,292,0,1.606479
curst,5.067923,151.8855,429,0,1.517279
tarok,5.067885,121.3698,329,0,1.606263
oracy,5.067729,118.4790,318,0,1.662851
betas,5.067673,120.0531,295,0,1.675810
mated,5.067440,123.9045,322,0,1.632397
dital,5.067403,131.4251,351,0,1.560475
ultra,5.067096,109.9633,255,1,1.640821
dhole,5.067081,125.3810,335,0,1.584665
staid,5.067039,128.7166,356,1,1.608639
trite,5.066951,129.5918,376,1,1.654212
cameo,5.066894,118.8600,247,1,1.664579
minar,5.066860,127.1114,325,0,1.577754
noris,5.066740,116.7521,315,0,1.581641
lobar,5.066388,128.1361,330,0,1.612743
clapt,5.066135,143.9814,432,0,1.521598
laver,5.066073,117.9408,317,0,1.764363
lopes,5.065709,120.2259,294,0,1.611447
dream,5.065665,130.7875,344,1,1.663067
fries,5.065484,120.3944,312,0,1.674514
hails,5.065162,122.1629,347,0,1.563499
cesti,5.065045,119.3404,310,0,1.628942
tomes,5.064969,120.8903,302,0,1.612743
surah,5.064932,132.5767,328,0,1.601944
roily,5.064667,118.6475,285,0,1.645788
facer,5.064244,122.2708,329,0,1.714903
goles,5.063443,118.3780,293,0,1.609071
serif,5.063313,119.4000,312,1,1.659827
stave,5.063239,123.2367,334,1,1.731749
spial,5.062564,138.9715,380,0,1.587041
toges,5.062414,118.4022,312,0,1.614903
routs,5.062338,132.5715,379,0,1.561123
loued,5.062164,128.2881,322,0,1.593089
soily,5.062085,126.9292,366,0,1.607559
cloye,5.061857,114.9611,259,0,1.631533
frame,5.061795,126.8583,360,1,1.688121
anele,5.061704,127.3629,358,0,1.580346
narre,5.061528,116.8212,343,0,1.681210
sofar,5.061286,124.0350,328,0,1.626998
plats,5.061163,138.5948,406,0,1.555292
terce,5.060474,142.8125,422,0,1.543413
loins,5.060094,127.6281,374,0,1.538445
folie,5.060022,120.9015,289,0,1.635205
toker,5.059701,118.1430,309,0,1.693305
force,5.059603,132.5421,368,1,1.640605
corns,5.059564,136.2976,370,0,1.535637
erbia,5.059260,115.2911,227,0,1.738661
romal,5.059090,125.6402,310,0,1.618575
samey,5.059088,121.4665,287,0,1.729806
aspen,5.058918,117.3032,284,0,1.646004
poets,5.058749,132.1326,334,0,1.618359
coble,5.058445,136.4523,368,0,1.577538
tyers,5.058346,116.0298,251,0,1.668898
olden,5.058168,127.6022,321,1,1.589417
mensa,5.057767,121.7715,280,0,1.638229
refit,5.057680,127.4924,337,1,1.643844
dials,5.057611,126.9603,349,0,1.555508
ligne,5.056860,139.7335,380,0,1.590713
reata,5.056739,120.6553,332,0,1.683585
dures,5.056580,127.2186,344,0,1.617711
robes,5.056245,123.0164,317,0,1.662419
fared,5.056219,127.9149,357,0,1.684017
resaw,5.055970,116.3641,298,0,1.692225
motes,5.055948,121.9244,302,0,1.614471
idler,5.055847,116.8454,280,1,1.687257
swole,5.055767,127.0803,322,0,1.645356
decor,5.055518,129.3067,356,1,1.624406
gride,5.055410,141.8259,401,0,1.633045
antis,5.055106,128.2389,345,0,1.579914
skart,5.054908,138.1205,387,0,1.631533
diels,5.054874,128.1948,314,0,1.590929
rogue,5.054698,127.2281,329,1,1.642117
rater,5.054583,119.7473,332,0,1.725270
rente,5.054468,132.8004,391,0,1.569978
ardeb,5.054340,133.1382,360,0,1.660907
bluet,5.054071,139.4242,373,0,1.576674
cirls,5.053687,122.3728,286,0,1.545788
cames,5.053657,120.5464,305,0,1.636069
atoke,5.053173,105.7663,214,0,1.718143
slipt,5.053115,157.9071,487,0,1.509287
credo,5.053023,134.2605,356,1,1.627862
ticed,5.052770,130.6916,351,0,1.559179
porge,5.052348,136.0756,388,0,1.621598
crons,5.052071,133.4855,370,0,1.550540
acned,5.052045,126.6639,329,0,1.603024
radio,5.052034,118.4324,226,1,1.635421
meare,5.051818,137.8035,412,0,1.605184
runed,5.051671,137.0467,366,0,1.599568
layed,5.051409,124.8687,322,0,1.653780
pleon,5.051376,130.2484,311,0,1.582721
frail,5.051329,124.1931,317,1,1.624190
stere,5.050885,136.2017,391,0,1.631102
coils,5.050707,128.5482,368,0,1.513823
sayon,5.050705,126.4229,347,0,1.575594
repay,5.050565,121.2523,274,1,1.741253
adorn,5.050345,129.9987,316,1,1.590713
erupt,5.049988,135.9374,346,1,1.626998
clour,5.049754,134.1084,373,0,1.525486
coits,5.049685,135.4657,413,0,1.517063
gulet,5.049654,134.6060,356,0,1.563715
apery,5.049636,122.9093,274,0,1.733261
glute,5.049426,133.7775,356,0,1.576674
bread,5.049388,138.7123,360,1,1.679482
bathe,5.049162,127.1270,333,1,1.640605
pedal,5.049114,138.6130,350,1,1.606048
wales,5.049027,118.6691,308,0,1.663715
times,5.048687,126.0246,332,0,1.584881
plied,5.048682,148.1430,413,1,1.550540
genas,5.048530,123.3456,291,0,1.633045
baron,5.048480,131.6160,345,1,1.592657
thorn,5.048480,144.6000,401,1,1.518575
eusol,5.048340,125.0631,338,0,1.626350
teres,5.048229,134.6622,391,0,1.568898
gluer,5.048210,128.9758,323,0,1.642981
gripe,5.048001,137.4898,386,1,1.618575
amuse,5.047928,125.7378,277,1,1.644708
teaks,5.047334,123.3387,305,0,1.661555
miles,5.047207,123.8994,316,0,1.578618
garis,5.047192,117.6229,294,0,1.597840
flair,5.046899,125.0086,317,1,1.622030
fetor,5.046739,124.5335,336,0,1.665875
skite,5.046676,132.8462,363,0,1.638229
froes,5.046384,123.0086,316,0,1.680994
lipes,5.046352,127.1702,338,0,1.583585
other,5.045676,114.9844,301,1,1.702160
decan,5.045638,132.1110,329,0,1.591361
chela,5.045082,138.1827,327,0,1.646868
muter,5.045078,131.8285,341,0,1.633693
siker,5.044262,119.3940,308,0,1.691145
geits,5.044122,129.7257,352,0,1.592657
lions,5.044099,129.5460,374,0,1.517063
lards,5.043396,114.1827,282,0,1.603456
trees,5.043273,134.4981,391,0,1.577322
raven,5.043183,123.1616,333,1,1.707991
almeh,5.043156,126.9931,313,0,1.606911
mites,5.042837,127.0337,332,0,1.586609
zaire,5.042818,103.8708,262,0,1.753132
geare,5.042524,137.9823,408,0,1.607775
rasse,5.042372,117.6246,326,0,1.711447
rueda,5.042328,119.2946,254,0,1.697408
ither,5.042277,113.3827,295,0,1.689417
apted,5.042266,125.3551,309,0,1.607991
nairu,5.042213,107.0864,241,0,1.632829
hault,5.042129,140.6717,421,0,1.527646
tatie,5.041977,119.2911,294,0,1.663931
loupe,5.041870,126.8877,311,0,1.590929
pryse,5.041532,124.8212,341,0,1.637365
cutes,5.041494,132.1283,354,0,1.585529
nache,5.041388,121.0000,312,0,1.626998
sloth,5.041329,147.8596,445,1,1.524622
glent,5.041147,130.6942,326,0,1.591793
cured,5.040738,142.2086,394,0,1.580778
repos,5.040720,118.7711,295,0,1.648596
roams,5.040683,121.5538,327,0,1.612311
delts,5.040621,118.1922,303,0,1.589201
besit,5.040339,133.4389,356,0,1.601728
gored,5.040300,146.5516,413,0,1.612311
patin,5.040208,139.2894,390,0,1.529806
dines,5.039912,133.3974,349,0,1.574082
cosed,5.039891,124.0108,302,0,1.581641
goras,5.039875,123.4829,312,0,1.604752
wries,5.039733,123.5875,322,0,1.657451
cages,5.039711,114.1482,285,0,1.638229
bated,5.039705,129.6255,335,0,1.633261
rewan,5.039435,124.1914,316,0,1.675594
lerps,5.039423,118.9352,293,0,1.639093
pecan,5.039308,131.6073,325,1,1.587689
sente,5.039266,142.3909,439,0,1.531749
hoard,5.039188,129.7594,341,1,1.568251
urned,5.039067,133.2255,366,0,1.601512
pures,5.039053,135.1305,356,0,1.614039
drave,5.038576,136.1637,400,0,1.684017
souct,5.038551,164.2069,506,0,1.499136
pelts,5.038517,129.5028,341,0,1.585529
incel,5.038465,124.4168,319,0,1.587257
trank,5.038438,130.2060,355,0,1.587041
fract,5.038140,144.7201,424,0,1.566091
ratch,5.037868,143.4276,404,0,1.574730
moras,5.037787,127.2479,327,0,1.602160
kaies,5.037722,106.9931,254,0,1.686393
abers,5.037189,115.1659,278,0,1.705400
proin,5.036800,141.3585,409,0,1.522030
aryls,5.036775,109.4510,274,0,1.618359
sepad,5.036763,129.6203,324,0,1.629590
tiges,5.036711,127.3024,352,0,1.587041
bayer,5.036375,119.8605,287,0,1.729590
oaker,5.036239,104.8618,232,0,1.779914
shola,5.036106,129.0354,335,0,1.605616
pusle,5.036042,145.7283,391,0,1.564579
genro,5.035949,131.1927,345,0,1.628078
bride,5.035890,141.5892,402,1,1.631317
marls,5.035859,123.5788,316,0,1.596544
gamer,5.035786,126.9680,338,1,1.686825
ryals,5.035631,117.7300,274,0,1.617927
cogie,5.035498,128.0955,308,0,1.592657
horme,5.035476,130.9724,354,0,1.617495
teaed,5.035458,135.5244,391,0,1.541685
seamy,5.035107,129.8242,316,0,1.715551
elite,5.035049,131.1650,389,1,1.541685
pelon,5.035015,126.4117,306,0,1.577538
diets,5.034855,132.3270,329,0,1.594168
ribes,5.034840,118.9508,293,0,1.634557
towse,5.034818,131.3352,344,0,1.612311
ocean,5.034766,116.4721,239,1,1.689633
volae,5.034398,120.6432,252,0,1.704320
yenta,5.034290,113.8631,275,0,1.682073
clave,5.034267,140.5041,389,0,1.640605
ricey,5.034161,117.7430,263,0,1.696544
breis,5.033997,119.7594,293,0,1.654644
acros,5.033974,116.5361,284,0,1.615983
besot,5.033832,129.8907,320,0,1.607343
trabs,5.033816,126.5076,356,0,1.593737
aiver,5.033534,115.9935,264,0,1.753348
moira,5.033483,126.8488,332,0,1.640605
names,5.033405,113.2514,280,0,1.645356
derth,5.033340,134.7814,377,0,1.600864
boars,5.033151,123.5235,327,0,1.631749
nosed,5.033087,124.8091,300,0,1.590929
wared,5.033054,134.3624,376,0,1.666955
coden,5.032759,142.1819,363,0,1.553780
shied,5.032746,136.7840,370,1,1.587905
mealy,5.032677,135.9866,338,1,1.692873
bayle,5.032394,129.9184,328,0,1.660043
prion,5.032288,142.9309,409,0,1.521166
uteri,5.032076,109.6652,249,0,1.679914
yarns,5.031886,117.9961,293,0,1.588121
verst,5.031536,132.4272,367,0,1.625486
thali,5.031533,130.2881,359,0,1.570842
luted,5.031523,132.2613,339,0,1.558747
leady,5.031002,130.6769,322,0,1.699784
baled,5.030563,140.1542,380,0,1.625270
filer,5.030246,126.9015,310,1,1.678186
nepit,5.030001,133.9313,359,0,1.572354
easel,5.029607,121.8717,344,1,1.596544
craft,5.029602,144.6233,424,1,1.554212
naker,5.029498,113.1451,302,0,1.725918
craig,5.029390,133.2030,360,0,1.566523
trier,5.029298,134.0575,376,0,1.647084
rolag,5.029138,124.7253,297,0,1.605616
fayre,5.029118,116.3469,290,0,1.705616
towie,5.029099,119.8302,299,0,1.622030
sabed,5.028980,123.1797,332,0,1.642117
stand,5.028978,131.7136,377,1,1.571922
dirge,5.028793,142.7935,401,1,1.597408
vitae,5.028620,117.6212,292,0,1.684449
kiter,5.028560,119.9097,310,0,1.658963
boule,5.028534,138.1732,351,1,1.599352
sowar,5.028424,130.4246,348,0,1.621598
gable,5.028230,143.1391,384,0,1.603024
pines,5.028155,136.7011,355,0,1.570410
trawl,5.028155,123.1089,329,1,1.601296
eaten,5.028045,125.4665,342,1,1.576458
grope,5.027993,135.7672,388,1,1.625054
beray,5.027979,128.5533,287,0,1.744492
takes,5.027963,114.7685,305,0,1.668035
mouse,5.027936,140.2536,341,1,1.587473
orach,5.027752,136.0022,366,0,1.597840
apode,5.027693,120.8695,265,0,1.651620
capot,5.027655,138.2017,383,0,1.518575
rivet,5.027483,132.8981,367,1,1.649892
lamed,5.027315,133.3637,361,0,1.609287
apron,5.027306,130.8462,313,1,1.567387
gnarl,5.027254,130.1266,318,0,1.577754
delis,5.027000,124.5136,314,0,1.584665
piets,5.026865,143.0907,357,0,1.590497
theca,5.026139,143.3559,328,0,1.642333
gites,5.025934,127.9417,352,0,1.589201
retch,5.025893,138.0324,361,1,1.624838
yager,5.025811,114.1508,272,0,1.715983
raths,5.025721,127.5218,352,0,1.599136
corni,5.025637,138.3140,402,0,1.542765
dairy,5.025247,132.0350,329,1,1.632181
tuned,5.025170,139.3076,374,0,1.535637
largo,5.025073,121.4052,297,0,1.603240
larch,5.024752,138.2587,361,0,1.574082
kales,5.024676,119.2894,312,0,1.653564
arede,5.024491,142.9922,409,0,1.603024
tauld,5.024294,136.6657,398,0,1.511879
thiol,5.023853,136.7028,392,0,1.484881
tuber,5.023321,137.7741,368,1,1.617711
latte,5.022392,122.7590,319,1,1.647084
lieus,5.022125,117.1667,289,0,1.606263
snout,5.022093,158.0229,479,1,1.503672
sewan,5.021838,129.6946,317,0,1.637365
argon,5.021721,139.8734,344,0,1.571274
spred,5.021493,136.4151,390,0,1.615551
strag,5.021236,125.2212,340,0,1.613823
fores,5.021160,124.8117,316,0,1.666091
towel,5.021068,125.9901,312,1,1.599136
areal,5.020944,124.3132,325,0,1.685529
moist,5.020707,147.1287,448,1,1.486393
sweir,5.020619,126.0488,322,0,1.654644
beath,5.020513,138.1032,333,0,1.631965
story,5.020477,133.4881,364,1,1.647300
blame,5.020466,142.7572,382,1,1.626134
borde,5.019931,148.0929,432,0,1.622894
doper,5.019840,142.4143,390,0,1.628942
abies,5.019840,107.9616,234,0,1.678402
opine,5.019529,129.8544,281,1,1.623758
creak,5.019323,136.8540,341,1,1.689417
noils,5.019257,127.4060,374,0,1.523110
shorn,5.019137,143.9495,388,1,1.544276
niger,5.018886,134.4816,348,0,1.644924
matey,5.018217,122.8091,264,1,1.705832
peons,5.017952,131.0484,306,0,1.583585
torte,5.017649,132.3754,378,0,1.645788
ethal,5.017563,121.9832,310,0,1.683585
nagor,5.016985,130.5352,344,0,1.574514
scorn,5.016958,133.8994,370,1,1.551620
point,5.016858,155.0639,479,1,1.487689
rouls,5.016773,127.0691,310,0,1.557883
rutin,5.016721,139.8898,375,0,1.513175
ideal,5.016658,120.5689,253,1,1.686825
mired,5.016532,143.3214,383,0,1.581857
guise,5.016099,142.6380,343,1,1.580562
clits,5.015931,141.7473,428,0,1.489417
plead,5.015929,144.0151,350,1,1.611015
loric,5.015910,119.3819,308,0,1.560475
chant,5.015471,162.4929,479,1,1.509719
teade,5.015455,135.2877,391,0,1.553996
serow,5.015175,128.0695,337,0,1.657883
avise,5.015001,120.0229,279,0,1.679266
spilt,5.014978,160.7019,487,1,1.503240
atony,5.014844,132.9067,331,0,1.606911
noble,5.014826,128.2778,342,1,1.586825
roped,5.014743,142.4229,390,0,1.607343
meaty,5.014619,128.8739,328,1,1.696112
ashen,5.014165,111.3663,257,1,1.649676
shoed,5.014093,132.7944,339,0,1.594384
dalts,5.013519,125.0423,359,0,1.539093
rhime,5.013265,129.1244,342,0,1.607127
rowel,5.013029,125.8415,311,0,1.663067
ounce,5.012944,136.9810,313,1,1.578834
airer,5.012923,116.9188,265,0,1.713607
sloid,5.012884,135.6004,394,0,1.511663
limen,5.012779,135.7300,340,0,1.554428
grans,5.012746,128.2959,338,0,1.584233
proem,5.012477,145.0674,388,0,1.605400
togue,5.012389,133.8276,325,0,1.578186
delay,5.012291,139.6462,322,1,1.682937
raves,5.012290,117.6454,315,0,1.717063
fanes,5.012116,118.5551,303,0,1.644276
leone,5.012113,130.5378,383,0,1.519222
peins,5.011985,139.2255,355,0,1.577106
mulse,5.011941,144.0756,388,0,1.545140
maneh,5.011520,128.9050,318,0,1.596328
aegis,5.011274,112.6043,237,0,1.663931
yites,5.010950,115.1780,273,0,1.616199
hider,5.010480,133.9685,345,0,1.609935
moats,5.010382,133.4190,381,0,1.554644
waist,5.010281,141.3413,408,1,1.543629
biers,5.010086,123.3508,293,0,1.639309
blent,5.009933,132.9819,325,0,1.590065
boles,5.009894,126.8497,313,0,1.607343
halon,5.009801,129.0752,346,0,1.525918
chape,5.009724,145.2834,363,0,1.598056
mpret,5.009627,140.5577,388,0,1.578834
dorts,5.009475,134.6570,386,0,1.524406
clept,5.009413,138.9058,340,0,1.557019
ruble,5.009262,132.2622,347,0,1.612095
tyred,5.008930,128.1940,322,0,1.612311
slive,5.008581,137.5140,384,0,1.628294
loges,5.008553,120.5767,293,0,1.593521
carom,5.008494,141.9529,387,0,1.548380
ureic,5.008459,118.4695,263,0,1.631965
pesto,5.008243,130.4177,306,1,1.594168
oscar,5.008192,116.2000,284,0,1.610799
diary,5.008142,132.6631,329,1,1.619006
sweal,5.008107,135.6143,308,0,1.675162
yrapt,5.008011,128.0445,372,0,1.562635
latus,5.007995,126.2458,360,0,1.559179
goats,5.007458,127.7629,365,0,1.557235
suber,5.007062,136.6328,363,0,1.643413
tense,5.006987,142.9732,439,1,1.491793
state,5.006693,132.7737,347,1,1.687473
colin,5.006563,148.9784,443,0,1.470626
tuina,5.006495,139.4873,353,0,1.578186
poled,5.006411,142.8177,372,0,1.545356
hoied,5.006385,130.5931,306,0,1.576674
goals,5.006346,128.0661,359,0,1.553996
clots,5.005896,134.9957,389,0,1.495896
maned,5.005346,135.5261,355,0,1.587905
bluer,5.005130,136.2311,347,1,1.641253
delos,5.005053,119.2937,281,0,1.590281
steer,5.004562,140.7659,391,1,1.621166
glaur,5.003990,129.7257,347,0,1.559179
ables,5.003910,118.3745,297,0,1.645572
botes,5.003511,126.6000,320,0,1.615335
party,5.003298,139.0769,372,1,1.612095
gaits,5.003294,135.3395,391,0,1.542549
stroy,5.003201,135.0536,364,0,1.625486
ramin,5.002786,132.2086,325,0,1.563715
beare,5.002695,146.1870,431,0,1.606048
lomes,5.002340,122.7184,292,0,1.591361
spain,5.002081,144.6778,401,0,1.546868
loads,5.001991,121.7715,330,0,1.558315
riems,5.001570,121.8190,283,0,1.619870
mulie,5.001468,134.6968,330,0,1.554860
fiest,5.001413,152.5387,372,0,1.582937
saser,5.001348,120.2829,326,0,1.753780
terra,5.000995,128.3235,332,1,1.664795
caver,5.000994,133.9330,367,0,1.701728
cimar,5.000974,138.2726,355,0,1.536501
percs,5.000947,136.7011,351,0,1.586393
cauri,5.000910,120.7754,264,0,1.603888
ports,5.000550,145.4950,412,0,1.520734
icers,5.000437,115.5823,256,0,1.652484
bored,5.000291,155.9590,432,0,1.610583
ankle,4.999441,123.6255,314,1,1.631965
coney,4.999438,135.3758,341,0,1.638445
leuco,4.998624,129.4890,291,0,1.569978
feint,4.998566,151.2998,396,0,1.583801
gaols,4.998565,129.1443,359,0,1.545788
porin,4.998311,143.1737,409,0,1.507127
salse,4.998292,128.9127,344,0,1.693089
roman,4.998282,135.4449,334,0,1.570626
trods,4.998263,134.0056,386,0,1.532397
tardy,4.998207,133.4769,356,1,1.608855
clout,4.997774,149.1477,444,1,1.460907
goels,4.997741,126.9352,296,0,1.589417
chirt,4.997638,162.2363,459,0,1.505184
datos,4.997547,123.4985,334,0,1.548164
nirls,4.997541,117.7300,272,0,1.555076
voile,4.997313,126.3935,309,0,1.624190
shyer,4.997271,123.8380,300,0,1.659395
poted,4.997211,138.5205,363,0,1.553348
fires,4.997127,124.1672,312,0,1.638229
anker,4.996876,119.2160,302,0,1.701512
dural,4.996402,134.5603,333,0,1.559611
hoper,4.996376,134.3019,348,0,1.623758
aleph,4.995867,136.3106,315,0,1.594816
grime,4.995221,141.2644,390,1,1.601728
hoary,4.994690,125.1434,312,0,1.641685
solid,4.994295,137.6704,394,1,1.500000
nabes,4.994061,116.8635,295,0,1.631102
scary,4.994054,130.3918,321,1,1.660259
sdein,4.994011,140.4713,349,0,1.583801
sowne,4.993879,138.6821,344,0,1.611015
weans,4.993847,129.7594,317,0,1.620734
coram,4.993719,147.1849,387,0,1.549676
oleic,4.993672,117.1227,265,0,1.631102
genoa,4.993450,129.5313,256,0,1.656156
dwale,4.993249,142.8220,396,0,1.598704
cosey,4.993104,123.2989,291,0,1.655076
lours,4.993055,128.2518,310,0,1.552052
brake,4.993006,135.4112,373,1,1.677754
shard,4.992971,136.1551,345,1,1.579482
maces,4.992854,123.1330,305,0,1.615335
fader,4.992783,131.9978,357,0,1.685313
rends,4.992644,122.2147,304,0,1.609719
calve,4.992545,141.0795,389,0,1.620734
pilot,4.992319,142.0549,402,1,1.469330
frats,4.992284,135.5616,383,0,1.589849
biles,4.992275,129.4657,334,0,1.579482
stude,4.991787,138.4704,376,0,1.606263
leafs,4.991741,125.7577,308,0,1.638013
orang,4.991488,128.6873,344,0,1.593089
talea,4.991486,124.4168,319,0,1.621382
probe,4.991452,139.8708,402,1,1.611015
regos,4.991414,120.2717,303,0,1.630670
conia,4.991349,146.6527,372,0,1.574946
taste,4.991170,130.9508,347,1,1.640605
diota,4.990648,132.6795,344,0,1.574946
copen,4.990627,144.0790,351,0,1.539741
tasse,4.990468,130.1870,347,0,1.647516
gault,4.990194,147.9227,428,0,1.503456
thans,4.990061,150.7866,443,0,1.525702
halts,4.990002,139.8380,412,0,1.533909
boras,4.989933,130.8462,327,0,1.603024
bites,4.989928,131.7110,356,0,1.587473
talcy,4.989869,139.8467,397,0,1.567819
coarb,4.989493,140.5438,395,0,1.558315
orgue,4.988959,131.9901,329,0,1.625702
derma,4.988735,135.8259,344,0,1.638877
dalis,4.988670,129.4276,349,0,1.534557
daunt,4.988596,142.8790,402,1,1.494816
tunas,4.988565,135.9175,375,0,1.528078
mahoe,4.988553,118.0661,262,0,1.642765
renig,4.988394,136.0531,348,0,1.612311
lowse,4.988326,128.7832,322,0,1.590929
taigs,4.988099,135.3914,391,0,1.536285
titre,4.987929,134.7607,376,0,1.609503
grues,4.987870,131.1270,343,0,1.606263
riped,4.987843,145.0363,380,0,1.579482
leaks,4.987821,129.2678,312,0,1.640173
helio,4.987808,114.9611,253,0,1.607991
broil,4.987192,134.5015,360,1,1.542549
grens,4.987174,129.4760,331,0,1.619654
laids,4.987024,126.3391,349,0,1.543629
strew,4.986963,132.2579,357,0,1.659827
mased,4.986913,127.1037,326,0,1.604536
tapis,4.986505,139.8942,396,0,1.528942
cauls,4.986435,142.6812,413,0,1.517279
rands,4.986142,120.9473,303,0,1.559611
mails,4.985818,134.3503,377,0,1.536717
wanes,4.985682,124.1594,317,0,1.627214
youse,4.985551,122.2613,310,0,1.617063
hairy,4.985494,123.8579,291,1,1.626998
hades,4.985309,117.3715,286,0,1.612527
butle,4.985089,142.0851,373,0,1.565011
twine,4.985071,143.8527,398,1,1.575162
colts,4.984976,136.8315,389,0,1.484233
cerne,4.984736,149.8199,446,0,1.509935
sugar,4.984669,134.7296,353,1,1.562851
craps,4.984489,142.7616,390,0,1.549460
parve,4.984342,137.3024,391,0,1.657235
swine,4.984175,145.1158,384,1,1.600864
pruta,4.984016,139.4778,358,0,1.557019
pease,4.983879,149.7525,418,0,1.542981
ascot,4.983826,128.3590,329,1,1.561123
douce,4.983703,143.5503,353,0,1.541901
volet,4.982989,130.2060,331,0,1.596328
bouse,4.982691,141.7991,339,0,1.588337
helos,4.982541,119.5339,272,0,1.585097
wiser,4.982368,128.0177,322,1,1.641253
panto,4.982280,132.5603,350,0,1.527430
hains,4.982157,136.9827,383,0,1.525486
godet,4.982084,142.2181,391,0,1.549028
cigar,4.981796,136.0004,360,1,1.538661
scope,4.981568,135.7283,323,1,1.599568
limes,4.981427,125.9123,316,0,1.563499
serum,4.981069,135.8570,350,1,1.604104
wires,4.980447,126.9940,322,0,1.621166
holed,4.980167,134.5162,335,0,1.543844
spect,4.980098,158.4168,389,0,1.572138
ramis,4.980045,123.0017,288,0,1.572786
weary,4.979855,127.5667,300,1,1.722246
loche,4.979680,131.1512,320,0,1.573002
baned,4.979532,143.0907,377,0,1.588769
palis,4.979486,137.9711,380,0,1.530886
tophe,4.979407,136.4056,353,0,1.550756
siver,4.979083,130.7106,343,0,1.676242
clash,4.978794,159.7672,465,1,1.516199
serra,4.978767,126.5136,326,0,1.690497
muset,4.978625,149.7577,401,0,1.541253
trigo,4.978424,141.0397,389,0,1.525702
lytes,4.978418,114.9724,277,0,1.595680
turns,4.978381,142.1006,365,0,1.506263
beaty,4.978311,132.2026,324,0,1.696976
olpes,4.978278,127.6782,294,0,1.584449
float,4.978258,140.7305,369,1,1.556156
apiol,4.977924,137.8510,321,0,1.555508
alcos,4.977828,128.4436,325,0,1.546004
whale,4.977591,134.8419,340,1,1.618143
ragis,4.977385,122.2104,294,0,1.574946
upter,4.977307,132.5767,346,0,1.611447
dents,4.977144,127.0587,337,0,1.552700
onery,4.976884,120.2130,261,0,1.703456
usnea,4.976762,110.9551,223,0,1.673866
lehrs,4.976731,116.6009,253,0,1.642117
calid,4.976507,152.0765,432,0,1.497624
reame,4.976469,141.7110,412,0,1.586609
finer,4.976348,138.7581,352,1,1.641685
rares,4.976270,120.9922,326,0,1.677322
rudes,4.975967,131.6445,344,0,1.597408
brans,4.975905,128.5706,338,0,1.582505
tynes,4.975853,118.9421,288,0,1.572570
begar,4.975679,141.3706,357,0,1.640389
raser,4.975677,121.1227,326,0,1.697408
fetas,4.975675,126.8618,304,0,1.641901
naive,4.975603,124.6432,314,1,1.662851
nosey,4.975542,123.1356,303,1,1.664363
stend,4.975387,134.4298,337,0,1.607343
ergon,4.975318,143.0190,345,0,1.619870
pains,4.975252,143.3404,401,0,1.526998
agist,4.975232,142.4479,391,0,1.538877
toped,4.975222,137.2531,363,0,1.543413
reuse,4.975116,144.9991,416,1,1.521166
tamin,4.974731,147.1460,413,0,1.499784
lifer,4.974662,129.0449,310,0,1.649028
melts,4.974635,129.2505,320,0,1.557235
ogler,4.974276,119.9434,292,0,1.668035
darre,4.973987,140.9326,409,0,1.619438
glost,4.973943,145.6212,424,0,1.467819
pents,4.973865,135.8095,364,0,1.549028
livre,4.973840,127.2263,327,0,1.639093
shope,4.973633,146.6708,359,0,1.592225
daric,4.973355,131.0078,343,0,1.552700
cards,4.973322,129.9443,338,0,1.540821
frist,4.973133,153.5348,444,0,1.521598
abuse,4.973006,128.2501,275,1,1.626566
crith,4.972826,158.8955,459,0,1.504320
autos,4.972576,132.4531,311,0,1.566739
stupe,4.972376,155.7292,416,0,1.591793
trait,4.972279,140.9629,380,1,1.566739
atocs,4.972266,128.4004,329,0,1.572354
choir,4.972162,153.0916,445,1,1.495464
freon,4.972109,135.5486,341,0,1.617279
creel,4.971906,144.1153,409,0,1.532181
caped,4.971737,137.4328,367,0,1.566739
doris,4.971608,132.2976,355,0,1.519870
plues,4.971475,146.0687,391,0,1.536069
ranch,4.971241,145.9546,390,1,1.530238
muser,4.971185,138.2225,350,0,1.605832
trips,4.970868,146.1749,420,0,1.511447
voter,4.970862,134.1948,361,1,1.668898
lints,4.970757,138.8929,403,0,1.482505
posit,4.970634,154.4868,450,1,1.471706
shaul,4.970472,146.0462,412,0,1.528510
lakes,4.970304,120.5629,312,0,1.646652
payor,4.969899,135.0734,354,0,1.551404
weirs,4.969628,128.2354,322,0,1.616199
kores,4.969470,126.3754,315,0,1.638877
savor,4.969257,131.8441,365,1,1.605832
paoli,4.969239,124.6095,266,0,1.578618
plans,4.969098,142.5914,408,0,1.514039
ulans,4.969080,130.4436,364,0,1.538445
hents,4.968923,141.1503,367,0,1.547516
gelts,4.968826,127.5425,328,0,1.559827
laich,4.968788,149.5322,434,0,1.514255
curia,4.968763,134.2795,314,0,1.590713
eales,4.968618,124.3685,344,0,1.577538
owrie,4.968517,121.3438,290,0,1.650972
matlo,4.968194,134.8886,357,0,1.540389
remap,4.967936,136.4376,346,0,1.623974
moria,4.967895,135.1227,332,0,1.619654
sidhe,4.967812,140.2104,370,0,1.562635
ropey,4.967768,133.8518,310,0,1.680778
sherd,4.967690,140.8004,361,0,1.614903
piled,4.967571,153.8017,413,0,1.517495
stele,4.967268,144.3045,405,0,1.551620
aimed,4.967188,135.0985,290,0,1.598272
bepat,4.966736,138.4903,334,0,1.593737
barns,4.966637,131.3136,338,0,1.559395
urson,4.966460,136.1749,380,0,1.492873
frati,4.966430,131.6989,344,0,1.596976
aulos,4.966297,129.2393,298,0,1.558747
creds,4.966171,131.6436,327,0,1.599352
loach,4.965940,146.8151,412,0,1.528942
frost,4.965647,150.2881,440,1,1.528078
medal,4.965580,147.3119,361,1,1.577754
octal,4.965303,128.8937,319,1,1.555292
silty,4.965302,146.7883,422,0,1.550108
acton,4.965203,137.7335,350,0,1.522246
etics,4.965020,136.4030,342,0,1.614471
wader,4.964739,138.3978,376,0,1.668251
patio,4.964509,131.2894,261,1,1.567387
layin,4.964470,138.9965,382,0,1.522894
faint,4.964256,154.2009,436,1,1.533693
intro,4.964252,126.9076,338,1,1.552916
orcin,4.963895,143.3646,402,0,1.503672
sears,4.963888,126.9646,326,0,1.715551
mures,4.963793,137.8423,350,0,1.585745
sneer,4.963740,141.8864,384,1,1.572786
conge,4.963739,150.3166,387,0,1.548596
actin,4.963695,141.9555,378,0,1.516631
amide,4.963438,130.8816,290,0,1.619438
ering,4.963254,141.8501,348,0,1.643197
nerds,4.963234,121.3749,304,0,1.600216
slove,4.963182,133.1495,342,0,1.634773
organ,4.962875,140.8981,344,1,1.556371
spyre,4.962778,131.6531,341,0,1.637149
milor,4.962633,134.4903,336,0,1.505616
lower,4.962441,129.2246,311,1,1.671490
gleis,4.962406,135.2989,330,0,1.560475
bagie,4.962312,134.4281,310,0,1.616415
bulse,4.962271,150.3210,399,0,1.546004
carer,4.961953,137.7361,376,0,1.661987
swelt,4.961133,145.6428,361,0,1.591361
crays,4.961126,124.9292,321,0,1.569978
solve,4.961121,133.4570,342,1,1.623110
phone,4.961085,141.2808,355,1,1.542981
lapin,4.960930,144.9093,402,0,1.498488
halos,4.960683,126.5836,335,0,1.534989
bonce,4.960676,149.4510,389,0,1.545356
carps,4.960561,143.4207,390,0,1.526350
veals,4.960449,132.0220,333,0,1.630670
aunts,4.960322,139.7231,375,0,1.521166
afrit,4.960137,136.3737,344,0,1.567387
north,4.960115,144.3745,401,1,1.505184
denay,4.959978,142.5533,314,0,1.646436
ovate,4.959894,115.3162,252,1,1.692009
chest,4.959560,173.8190,416,1,1.572138
codes,4.959483,128.7737,302,0,1.562851
count,4.959479,171.2765,515,1,1.439957
slorm,4.959358,135.0726,343,0,1.544924
slang,4.959300,143.2022,424,1,1.543629
shake,4.959245,143.8380,333,1,1.646652
troys,4.959211,127.9693,364,0,1.538445
toman,4.959038,143.5961,381,0,1.506695
boats,4.958933,135.6920,379,0,1.555508
linos,4.958803,134.6475,374,0,1.483585
parae,4.958756,140.5974,402,0,1.618143
doree,4.958681,157.0423,481,0,1.547948
scray,4.958351,130.8255,321,0,1.631533
herma,4.958162,132.0644,304,0,1.633693
wetas,4.958141,128.5274,306,0,1.624838
parly,4.957647,143.3620,370,0,1.608855
plyer,4.957469,130.9706,316,0,1.622030
andro,4.957464,136.6371,316,0,1.553132
rotte,4.957452,134.0877,378,0,1.625054
cagot,4.957252,139.8078,390,0,1.500648
daurs,4.956736,129.4726,332,0,1.544276
shiur,4.956499,147.1175,416,0,1.500216
horis,4.956095,131.3931,348,0,1.514687
taxer,4.956041,121.5737,330,0,1.729374
borna,4.955893,142.0194,345,0,1.583801
pelau,4.955691,130.2199,266,0,1.618143
prude,4.955522,152.7080,437,1,1.554860
dants,4.955443,131.5978,377,0,1.502592
arked,4.955392,133.5918,349,0,1.642333
sorer,4.955389,137.5019,361,0,1.664363
torch,4.955294,168.8263,473,1,1.488121
stirp,4.955198,151.2877,420,0,1.543629
durst,4.954675,156.6579,443,0,1.464795
pians,4.954652,145.2488,401,0,1.513823
haunt,4.954619,151.8985,437,1,1.489633
scree,4.954435,145.1996,423,1,1.561339
clued,4.954344,150.3616,409,1,1.502808
volte,4.954159,129.8898,331,0,1.594600
ridge,4.954156,149.3896,401,1,1.577106
nodes,4.954003,128.0108,300,0,1.572138
yarco,4.953988,128.1283,318,0,1.566091
orbit,4.953903,144.1205,397,1,1.502808
moder,4.953860,150.5197,400,0,1.611015
clasp,4.953652,161.4432,472,1,1.484017
ample,4.953569,139.8821,363,1,1.584665
spied,4.953436,148.5222,402,1,1.555724
goary,4.953236,134.9732,353,0,1.617495
gusle,4.953099,147.0242,381,0,1.538877
kanes,4.953056,124.3667,317,0,1.617063
lense,4.952772,141.6514,406,0,1.470410
luger,4.952645,135.8570,323,0,1.612743
ileus,4.952528,124.1559,289,0,1.594384
garni,4.952455,137.1598,331,0,1.568251
eared,4.952426,141.6186,409,0,1.580778
dirts,4.952345,137.4320,383,0,1.496544
thens,4.952237,150.5145,367,0,1.561123
eldin,4.952237,155.0769,370,0,1.550324
smolt,4.952093,149.2393,439,0,1.484017
rebut,4.952044,142.0125,368,1,1.578186
troat,4.951930,145.2566,384,0,1.565443
penis,4.951928,141.4225,355,0,1.544492
heads,4.951876,127.6117,286,0,1.595464
rorie,4.951856,122.7296,308,0,1.631749
copra,4.951815,146.3434,361,0,1.550108
coude,4.951752,144.5387,353,0,1.542765
brens,4.951688,128.1197,325,0,1.617927
naped,4.951631,132.2389,342,0,1.576026
flies,4.951470,138.7011,356,0,1.578618
cohen,4.951418,147.6048,350,0,1.543413
cavie,4.951389,133.5002,326,0,1.630886
idant,4.951316,139.8942,394,0,1.529590
epris,4.951146,130.0963,297,0,1.619438
soman,4.951095,145.6117,393,0,1.532397
ramee,4.950776,140.1922,412,0,1.600864
garth,4.950746,145.5797,400,0,1.521382
mines,4.950677,137.5866,337,0,1.542117
rears,4.950658,127.6393,326,0,1.659179
denis,4.950615,140.0246,349,0,1.548164
ragee,4.950553,140.4229,408,0,1.603024
meany,4.950530,138.1024,346,0,1.654860
spide,4.950454,148.8315,402,0,1.568035
slaes,4.950364,130.9905,344,0,1.660907
farts,4.950313,137.6834,383,0,1.566739
frets,4.950272,135.5400,344,0,1.625270
luces,4.950113,131.3525,337,0,1.541685
yaird,4.950086,133.3447,329,0,1.556371
asker,4.950027,115.7387,295,0,1.715551
metis,4.949879,132.8445,332,0,1.560691
tends,4.949593,127.7076,337,0,1.545788
toaze,4.949480,111.6333,258,0,1.697408
koine,4.949447,133.9978,308,0,1.604104
festa,4.949403,130.9231,304,0,1.636069
dimer,4.949349,149.7395,383,0,1.580994
nards,4.948978,120.8626,303,0,1.550108
creps,4.948696,141.4009,351,0,1.584881
filar,4.948673,134.1283,317,0,1.581210
baits,4.948526,138.8834,397,0,1.540821
entry,4.948452,124.7581,257,1,1.693305
lobes,4.948178,127.8553,313,0,1.577106
leres,4.947956,133.8449,351,0,1.547516
scour,4.947949,144.7546,411,1,1.514039
suety,4.947912,150.8773,391,0,1.654860
monal,4.947855,146.1585,384,0,1.511879
cadge,4.947608,139.5996,367,0,1.564363
toyed,4.947509,133.7749,313,0,1.567819
couta,4.947505,144.8713,355,0,1.544924
matin,4.947481,148.8065,413,0,1.501512
waide,4.947457,129.7905,321,0,1.619438
aurae,4.947421,123.2333,302,0,1.640389
vaute,4.947234,124.3080,292,0,1.630886
strop,4.947047,150.7391,412,0,1.528294
siped,4.946687,149.5797,402,0,1.541253
melon,4.946600,134.2544,310,1,1.549244
tubar,4.946380,143.6134,378,0,1.520734
strip,4.946348,152.2639,420,1,1.522678
pants,4.946338,144.1603,419,0,1.498920
fouet,4.946023,143.3447,345,0,1.570410
steel,4.945993,146.5931,405,1,1.527430
chars,4.945910,152.7780,386,0,1.559179
cargo,4.945753,138.7089,363,1,1.540605
rubel,4.945459,139.9909,347,0,1.587905
duars,4.945402,133.1071,332,0,1.549460
dulce,4.945323,149.3395,409,0,1.499568
poake,4.945305,123.3473,264,0,1.636933
glide,4.945076,156.1024,429,1,1.537149
wrist,4.945014,153.4164,442,1,1.504536
coins,4.944952,152.1473,444,0,1.475810
ictal,4.944835,132.6406,345,0,1.542549
acerb,4.944777,130.0765,326,0,1.631749
three,4.944655,158.5266,466,1,1.528294
bails,4.944559,139.4942,389,0,1.537581
faery,4.944273,130.3270,290,0,1.724622
bagel,4.943592,146.8168,384,1,1.593521
pawer,4.943510,135.7257,364,0,1.660043
uredo,4.943289,134.2441,333,0,1.596112
paced,4.943139,139.2842,367,0,1.554212
groin,4.942818,158.7253,451,1,1.496328
reink,4.942449,139.0665,343,0,1.618143
crony,4.942340,152.0479,440,1,1.534557
poley,4.941928,140.6268,320,0,1.618790
fairs,4.941465,127.2531,313,0,1.583153
poyse,4.941411,137.6289,312,0,1.569114
bones,4.941391,136.6795,326,0,1.570842
alods,4.941355,132.1447,330,0,1.539309
teers,4.941206,144.2700,391,0,1.536069
dules,4.941168,138.1533,363,0,1.525054
abets,4.940763,128.3080,295,0,1.629158
liker,4.940432,123.6013,291,0,1.644060
sudor,4.940251,151.8976,440,0,1.486177
vales,4.940150,127.4009,333,0,1.635637
split,4.940095,164.9266,487,1,1.469114
ergos,4.940035,127.7862,303,0,1.628942
rimed,4.940021,150.0644,383,0,1.559395
unred,4.939854,138.9335,366,0,1.567819
roids,4.939726,133.5909,355,0,1.521598
outed,4.939573,135.8683,313,0,1.559395
roose,4.939478,134.4730,361,0,1.639525
doseh,4.939291,137.1279,339,0,1.537581
craze,4.939120,133.6263,369,1,1.681641
hoyle,4.938999,124.5490,259,0,1.578618
irony,4.938573,134.6492,376,1,1.585097
varec,4.938448,133.3862,367,0,1.653780
amens,4.938415,128.3019,290,0,1.606048
scarp,4.938212,146.0687,390,0,1.563067
praus,4.938212,140.3279,371,0,1.548164
cides,4.937962,133.9624,342,0,1.534989
bodle,4.937759,153.7404,413,0,1.542333
stark,4.937590,146.2691,387,1,1.615767
blain,4.937576,153.6600,435,0,1.514255
drupe,4.937413,153.4492,437,0,1.544060
mince,4.937396,151.6713,394,1,1.516631
daker,4.937256,129.6497,349,0,1.664147
staig,4.937218,140.1482,391,0,1.561771
sonly,4.937185,148.0134,431,0,1.538229
cavel,4.937152,143.8432,389,0,1.607991
hants,4.937058,150.2812,443,0,1.497408
puers,4.936900,146.3849,356,0,1.581210
nodal,4.936885,142.8289,362,0,1.514039
worst,4.936765,162.2276,462,1,1.496112
front,4.936650,157.0994,454,1,1.501080
avine,4.936607,133.6488,314,0,1.652268
rowen,4.936422,143.5944,351,0,1.615119
glode,4.936295,145.9158,392,0,1.543629
yealm,4.936267,138.0350,338,0,1.601512
nuder,4.936221,140.6147,366,0,1.591361
based,4.936065,130.7633,332,0,1.605400
blist,4.935921,162.2613,486,0,1.459611
doura,4.935918,142.5050,351,0,1.568683
copes,4.935886,138.4549,323,0,1.548812
cardi,4.935737,134.1706,343,0,1.547948
piano,4.935639,135.3041,287,1,1.542333
board,4.935595,150.9680,412,1,1.542333
mesto,4.935431,133.4354,302,0,1.565875
meins,4.935406,140.4497,337,0,1.548812
louts,4.935249,145.6531,415,0,1.475810
ditas,4.935107,134.2371,356,0,1.521598
grots,4.935093,140.8039,398,0,1.509935
robed,4.935088,160.3097,432,0,1.573002
huers,4.935080,141.1132,333,0,1.579698
stoke,4.935074,132.4134,313,1,1.641037
peach,4.934818,153.3430,363,1,1.567603
ogres,4.934714,122.5516,303,0,1.628078
sharp,4.934635,156.3633,405,1,1.555724
carob,4.934282,145.4950,395,0,1.528294
hawse,4.934148,138.3503,337,0,1.577970
fayer,4.933965,125.2212,290,0,1.695680
escot,4.933946,133.1261,356,0,1.609719
weald,4.933870,153.1745,396,0,1.569330
dolia,4.933856,142.8877,337,0,1.558963
grits,4.933670,143.6004,397,0,1.503456
steak,4.933440,140.3443,320,1,1.684665
soole,4.933383,137.6359,353,0,1.612311
fated,4.933280,135.0760,341,0,1.599352
terfs,4.933244,133.1175,344,0,1.597192
pitas,4.932914,145.4251,396,0,1.517927
grout,4.932901,157.9477,460,1,1.474946
boets,4.932866,138.7244,333,0,1.590929
floes,4.932758,133.4328,315,0,1.585097
derny,4.932695,144.5231,347,0,1.624622
antsy,4.932571,138.5300,376,0,1.554212
yodle,4.932545,133.3784,322,0,1.571058
nemas,4.932461,124.6060,280,0,1.598488
cions,4.932304,153.5443,444,0,1.454428
dewar,4.932281,145.8518,376,0,1.616847
crams,4.931711,144.0592,384,0,1.532613
syrah,4.931665,140.7097,338,0,1.549460
negro,4.931617,135.0078,345,0,1.595680
spoil,4.931599,149.3058,422,1,1.479266
tamis,4.931357,142.2086,397,0,1.508855
tolus,4.931293,144.6276,415,0,1.465227
donas,4.931188,139.0043,351,0,1.504968
enorm,4.930863,139.3283,312,0,1.603672
honed,4.930459,150.6423,372,0,1.507343
homer,4.930085,141.1244,354,1,1.603672
dames,4.930070,128.2233,326,0,1.583585
beton,4.929931,141.2721,344,0,1.558099
blats,4.929907,149.0726,429,0,1.527862
yourt,4.929897,144.2406,406,0,1.502592
bidet,4.929764,157.2194,423,0,1.519438
morts,4.929469,149.4605,406,0,1.492441
grave,4.929457,142.4108,398,1,1.654644
toged,4.929393,145.6324,391,0,1.525486
fient,4.929220,160.3581,396,0,1.555940
pules,4.929110,148.5965,391,0,1.521382
reran,4.929040,134.1309,343,0,1.621382
brome,4.928946,147.3577,411,0,1.606479
ulyie,4.928923,119.8449,269,0,1.575594
cunei,4.928911,141.3983,329,0,1.548164
segno,4.928885,139.1944,330,0,1.578618
doeth,4.928715,150.8065,358,0,1.541037
basil,4.928584,142.8937,389,1,1.522462
moans,4.928424,141.5693,393,0,1.513391
lowne,4.928358,137.3490,348,0,1.563931
nides,4.928231,137.4570,349,0,1.544276
mercs,4.928160,139.0562,344,0,1.558099
raked,4.928109,130.6380,349,0,1.642549
copal,4.927866,155.0181,410,0,1.490713
heaps,4.927777,139.8311,317,0,1.580994
hemal,4.927730,141.8302,313,0,1.570410
guest,4.927672,163.4026,401,1,1.533045
gular,4.927515,141.4242,347,0,1.531317
malts,4.927364,143.7508,414,0,1.507127
aloft,4.927067,143.3093,369,1,1.529590
lycea,4.926950,119.9503,271,0,1.620950
keirs,4.926499,124.9758,308,0,1.606048
hurst,4.926498,180.3503,484,0,1.459611
isled,4.926034,126.8246,314,0,1.571490
cours,4.926028,152.5499,411,0,1.489417
marsh,4.925994,151.9374,396,1,1.504536
uptie,4.925931,136.7624,346,0,1.540605
routh,4.925922,157.5184,438,0,1.480130
hosta,4.925855,150.0082,379,0,1.538445
chute,4.925780,164.6026,428,1,1.530022
ploye,4.925450,132.5119,313,0,1.575378
safed,4.925410,128.6631,341,0,1.609287
coupe,4.925357,148.6432,349,1,1.528294
psora,4.925278,134.2976,321,0,1.594816
doits,4.925039,146.8911,433,0,1.464579
nerka,4.925034,123.8233,302,0,1.656371
tarot,4.924807,143.8648,384,1,1.549244
first,4.924730,160.1136,444,1,1.485313
ruins,4.924687,144.5041,362,0,1.510367
areas,4.924437,126.8013,326,0,1.646652
yelts,4.924402,124.3641,278,0,1.586825
slype,4.924297,142.7339,384,0,1.563715
clons,4.924004,147.9348,410,0,1.454644
moled,4.924002,150.8998,380,0,1.517063
perea,4.923989,151.0933,402,0,1.560475
setup,4.923833,158.6985,416,1,1.543197
glias,4.923477,144.8108,385,0,1.517279
seame,4.923201,148.1870,416,0,1.548380
inapt,4.923052,140.9603,390,0,1.505184
suave,4.923007,131.9063,305,1,1.664579
warts,4.923005,138.3978,381,0,1.549676
rhyne,4.922980,122.8186,286,0,1.590065
mange,4.922965,146.8082,371,1,1.571490
daily,4.922948,157.4000,442,1,1.552700
baton,4.922849,148.5292,390,1,1.507991
ochre,4.922668,132.8860,345,0,1.609503
netop,4.922593,129.4380,313,0,1.546868
sabin,4.922346,144.4678,400,0,1.511231
tetra,4.922317,133.6289,332,0,1.653564
amirs,4.922209,128.4773,288,0,1.566091
toady,4.922172,137.2143,376,0,1.563715
rabis,4.922062,124.9404,287,0,1.558531
oyers,4.921675,118.9758,258,0,1.648164
fouer,4.921562,140.9922,344,0,1.634989
spode,4.921545,141.0294,361,0,1.574514
paedo,4.921370,126.9905,265,0,1.610799
yrneh,4.921276,123.9244,286,0,1.586825
spard,4.920994,145.6022,388,0,1.547300
fleas,4.920955,139.2410,308,0,1.639093
mento,4.920866,134.7227,310,0,1.549244
foule,4.920863,141.3387,346,0,1.565443
dirls,4.920690,132.7780,301,0,1.493305
flirt,4.920479,149.4924,371,1,1.516199
pedro,4.920322,146.2803,390,0,1.562203
linac,4.919797,142.2475,393,0,1.517711
loped,4.919231,146.2009,372,0,1.522030
oints,4.919202,145.4518,413,0,1.483153
scaly,4.918850,147.0605,427,1,1.580778
altho,4.918843,134.6881,342,0,1.531533
lotic,4.918757,136.3771,376,0,1.475810
centu,4.918752,139.0432,340,0,1.528078
prunt,4.918623,157.1762,435,0,1.452052
gades,4.918537,127.8035,319,0,1.588337
proul,4.918479,146.4099,399,0,1.471490
bream,4.918389,143.5875,365,0,1.631965
crags,4.918279,136.7529,358,0,1.535205
track,4.918189,154.2665,426,1,1.536501
model,4.918111,149.3940,380,1,1.517279
horns,4.918086,148.5577,388,0,1.477970
pages,4.917949,133.0691,334,0,1.582073
fried,4.917864,156.2821,414,1,1.585097
ketas,4.917574,128.5559,305,0,1.614687
eagre,4.917493,141.9486,408,0,1.560043
lapis,4.917485,140.0263,380,0,1.507559
loams,4.917350,135.3231,371,0,1.526998
pirls,4.917318,142.2881,338,0,1.489633
arefy,4.917219,130.5153,290,0,1.692441
snoke,4.917183,141.8994,333,0,1.592657
pucer,4.916937,151.8726,387,0,1.555508
aitus,4.916925,132.9940,318,0,1.548164
shaly,4.916866,154.6898,440,0,1.573434
uncle,4.916807,132.3883,349,1,1.529158
tawed,4.916747,137.3862,350,0,1.578186
onces,4.916153,127.7603,278,0,1.561123
adept,4.915998,134.3745,309,1,1.584665
platy,4.915896,155.4536,438,0,1.539309
soote,4.915725,145.0898,372,0,1.615551
abune,4.915583,136.1991,296,0,1.599568
anear,4.915453,131.7698,343,0,1.616415
alefs,4.915425,136.8108,308,0,1.612527
wairs,4.915381,127.9538,312,0,1.566091
shlep,4.915367,151.1054,400,0,1.531317
truly,4.915301,135.1063,322,1,1.546220
touns,4.915039,160.7408,479,0,1.455940
deity,4.914951,146.6769,339,1,1.606048
pinot,4.914948,163.9296,479,0,1.432829
belts,4.914647,137.6462,347,0,1.558099
tonic,4.914575,155.4734,462,1,1.452700
trogs,4.914529,142.1490,398,0,1.503672
mease,4.914433,149.4441,416,0,1.514687
align,4.914204,163.7991,433,1,1.495032
acrid,4.914169,141.3119,343,1,1.520950
urare,4.913784,125.0752,302,0,1.663283
hiree,4.913741,143.7585,415,0,1.514903
ident,4.913717,145.9184,366,0,1.565011
shura,4.913653,146.7616,328,0,1.574730
teles,4.913216,142.0384,405,0,1.476242
porns,4.913181,151.8035,409,0,1.479482
poult,4.913042,162.6389,468,0,1.421814
moted,4.912959,145.5970,368,0,1.525054
pured,4.912913,161.1322,437,0,1.524622
lynes,4.912872,122.2803,285,0,1.551188
tyros,4.912844,137.3568,364,0,1.496112
trant,4.912825,146.1732,407,0,1.530022
petre,4.912450,164.8549,473,0,1.486609
ceiba,4.912417,131.8518,275,0,1.608639
canid,4.912116,167.7706,464,0,1.461123
beany,4.911987,143.2497,346,0,1.655724
moper,4.911880,152.1888,388,0,1.596976
faros,4.911561,130.3451,328,0,1.567819
maare,4.911275,146.3097,412,0,1.618575
ouens,4.911270,137.8060,352,0,1.583153
kraut,4.911191,139.0397,384,0,1.527646
emirs,4.911028,130.5793,283,0,1.614687
trigs,4.910908,145.2739,397,0,1.497192
holme,4.910765,139.1253,336,0,1.524838
flame,4.910622,147.3076,384,1,1.592225
trims,4.910525,142.4963,397,0,1.494600
owlet,4.910199,134.0635,312,0,1.564579
dogie,4.910069,149.1892,356,0,1.540173
droke,4.909968,143.7637,401,0,1.593305
caged,4.909898,140.5698,367,0,1.548812
canty,4.909719,147.3482,401,0,1.539093
hules,4.909419,137.4320,350,0,1.519870
belah,4.909307,147.7136,332,0,1.586825
cluey,4.909150,142.0384,350,0,1.576242
tramp,4.909052,151.0328,431,1,1.503456
tanhs,4.908910,150.4678,443,0,1.490713
danio,4.908816,148.8220,306,0,1.526566
scald,4.908377,144.1542,415,1,1.507343
arena,4.908161,130.8471,343,1,1.627430
corny,4.907939,158.9983,440,1,1.519654
reifs,4.907613,130.6639,312,0,1.601296
lemur,4.907576,134.6406,318,1,1.571706
fiers,4.907465,134.7028,312,0,1.605400
yetis,4.907425,123.0916,294,0,1.590281
togas,4.907293,136.4600,365,0,1.517927
shmoe,4.907081,150.4367,359,0,1.549676
nugae,4.906902,138.2354,289,0,1.602808
feare,4.906690,151.1711,433,0,1.572138
laves,4.906563,128.7927,333,0,1.631749
sonic,4.906553,150.2095,444,1,1.478402
antae,4.906318,133.4199,342,0,1.574514
talar,4.906187,140.5326,371,0,1.525270
capri,4.906078,139.9089,347,0,1.532829
scrap,4.906068,147.5184,390,1,1.534341
auric,4.906029,127.8311,278,0,1.571274
tench,4.905938,155.7646,380,0,1.516415
bider,4.905833,156.3676,402,0,1.584017
curio,4.905779,144.6285,375,1,1.487473
braid,4.905736,152.0765,380,1,1.529806
sered,4.905672,160.4713,469,0,1.505184
carpi,4.905239,139.0674,347,0,1.533477
sawed,4.905170,136.4048,361,0,1.603888
menad,4.905159,149.6566,355,0,1.541037
noyes,4.905138,124.0013,303,0,1.582505
treks,4.904992,136.8004,339,0,1.607775
marcs,4.904905,147.4026,384,0,1.507991
nidor,4.904877,155.1140,432,0,1.471274
berth,4.904541,151.1227,400,1,1.569762
glary,4.904518,147.2747,371,0,1.589849
belon,4.904494,144.3754,342,0,1.550108
lemon,4.904485,137.4717,310,1,1.534125
tharm,4.904404,157.2143,416,0,1.506263
bines,4.904207,140.8022,357,0,1.542981
galut,4.904186,151.8492,428,0,1.474730
viler,4.903961,136.6942,327,0,1.633045
lunas,4.903930,137.5261,364,0,1.506695
waled,4.903889,149.5581,396,0,1.574298
skean,4.903611,143.6765,322,0,1.623326
herse,4.903477,161.2307,456,0,1.479266
holey,4.903431,132.0428,308,0,1.617279
musar,4.903284,143.9814,369,0,1.508855
snoek,4.903248,145.8864,333,0,1.582289
strak,4.903246,145.2549,387,0,1.587041
sigla,4.902960,144.7244,385,0,1.534557
toter,4.902916,143.2825,378,0,1.627430
meson,4.902872,139.7508,321,0,1.529374
gnars,4.902868,137.3870,338,0,1.538877
token,4.902861,136.6829,334,1,1.551620
sinew,4.902851,149.3680,384,1,1.549028
treed,4.902680,166.7970,473,0,1.487905
fiars,4.902586,132.6864,313,0,1.569978
rivel,4.902528,136.6803,327,0,1.620734
dropt,4.902525,160.5965,470,0,1.449460
sneak,4.902426,145.0855,322,1,1.636285
marid,4.902421,148.0471,370,0,1.505832
ingle,4.902208,144.9922,380,0,1.549892
goyle,4.901984,138.1084,316,0,1.554428
upset,4.901914,155.8423,416,1,1.519006
proke,4.901744,144.1525,384,0,1.589633
depot,4.901630,140.4298,363,1,1.516199
blets,4.901388,141.5391,347,0,1.563283
spake,4.901332,153.8328,375,0,1.614471
meads,4.901162,137.4985,326,0,1.568683
ryots,4.901117,135.9823,364,0,1.505616
octan,4.901069,140.4609,350,0,1.507343
navel,4.901001,133.2670,345,1,1.617279
twice,4.900961,145.1978,387,1,1.524622
golpe,4.900935,147.5918,380,0,1.517495
malis,4.900783,142.1525,377,0,1.502592
scion,4.900764,153.4916,444,1,1.469978
perse,4.900757,170.4687,486,0,1.480778
posed,4.900635,145.8976,361,0,1.525486
rangs,4.900631,136.4022,338,0,1.530886
lorel,4.900512,135.0475,345,0,1.605184
reiks,4.900437,128.4557,308,0,1.603456
hosed,4.900373,139.1676,339,0,1.523974
rokes,4.900127,128.3780,315,0,1.624622
draft,4.900100,152.4203,434,1,1.501728
minor,4.899903,152.8626,426,1,1.469114
cower,4.899872,151.7758,388,1,1.608855
daisy,4.899737,142.8238,380,1,1.541685
soken,4.899565,143.1624,333,0,1.577322
wried,4.899437,162.9395,428,0,1.568035
chain,4.899191,169.5425,457,1,1.469330
rumen,4.899181,144.2743,356,0,1.554212
whear,4.899172,141.9564,336,0,1.626134
timed,4.898677,151.8873,389,0,1.495464
yince,4.898634,135.4683,304,0,1.546220
venal,4.898514,142.0384,345,0,1.591145
claim,4.898388,164.1041,455,1,1.469978
seals,4.898030,138.5611,344,0,1.636069
hames,4.897724,131.2039,312,0,1.578402
snark,4.897723,149.1235,381,0,1.567387
weros,4.897511,135.7559,337,0,1.600864
rigol,4.897431,141.8441,346,0,1.484233
crems,4.897313,140.5205,344,0,1.568035
grand,4.897134,161.0190,438,1,1.494816
peags,4.896835,141.8570,334,0,1.568251
broad,4.896709,163.5339,412,1,1.528510
graip,4.896329,146.6475,377,0,1.507775
runts,4.896319,144.8065,365,0,1.482289
plaid,4.896285,163.3706,450,1,1.461339
farls,4.896186,135.1987,342,0,1.563499
lover,4.896049,137.2523,335,1,1.657019
yodel,4.895960,138.7685,322,0,1.546868
breid,4.895317,157.8968,402,0,1.565227
brave,4.895271,148.1024,419,1,1.652916
begat,4.895145,147.6333,344,1,1.575810
karts,4.895082,138.5438,387,0,1.539525
pilao,4.895079,140.8505,307,0,1.538445
moyle,4.895033,138.7780,301,0,1.551836
alews,4.894635,137.8285,308,0,1.604752
gapes,4.894341,133.6333,334,0,1.574298
mains,4.893615,146.6760,402,0,1.498704
flute,4.893539,149.9382,391,1,1.541037
manto,4.893516,144.2320,381,0,1.499136
bento,4.893428,142.0575,344,0,1.550108
tasar,4.893355,148.0911,430,0,1.505400
cafes,4.893277,128.1611,316,0,1.588985
cupel,4.893263,158.9153,419,0,1.474298
chirl,4.893242,155.9944,390,0,1.476026
spaul,4.893130,160.0022,449,0,1.496328
abide,4.893067,137.6886,299,1,1.601296
biont,4.893065,171.6946,508,0,1.438877
oorie,4.892945,124.3339,308,0,1.617927
nudie,4.892801,150.4263,373,0,1.520518
sowce,4.892767,147.6384,358,0,1.560475
stoun,4.892635,165.2790,479,0,1.474946
named,4.892586,139.7888,355,0,1.555940
storm,4.892541,150.5326,406,1,1.526350
seats,4.892514,141.2186,347,0,1.639309
cloke,4.892438,146.8134,360,0,1.549892
pacey,4.892360,139.0233,311,0,1.627646
brits,4.892277,147.0441,403,0,1.501728
letch,4.892268,148.4048,346,0,1.539525
lyard,4.892255,147.5149,363,0,1.522678
arcus,4.891736,128.8272,329,0,1.537797
dript,4.891690,165.3594,472,0,1.442981
latch,4.891674,161.5019,462,1,1.489417
laths,4.891566,143.0371,412,0,1.513823
elops,4.891489,142.2423,348,0,1.573434
sohur,4.891351,153.0950,427,0,1.485097
suete,4.891279,168.7089,482,0,1.487689
nasty,4.891009,140.8557,376,1,1.565011
gents,4.890924,141.5227,377,0,1.523326
cetyl,4.890618,134.1015,323,0,1.551188
salmi,4.890470,141.6194,377,0,1.533693
bruit,4.889995,162.4644,454,0,1.461339
duras,4.889845,137.9270,332,0,1.520734
valor,4.889824,137.4708,349,1,1.562635
there,4.889796,163.2825,466,1,1.495464
chuse,4.889687,170.9931,434,0,1.515767
mural,4.889680,145.7499,354,1,1.527646
crore,4.889550,152.5395,421,0,1.579482
nopal,4.889267,142.2156,359,0,1.500000
etuis,4.889257,141.4337,365,0,1.597840
lends,4.889255,131.6289,315,0,1.524406
title,4.889248,144.6916,389,1,1.530022
meith,4.888825,156.7451,383,0,1.509071
diols,4.888504,145.3188,394,0,1.439957
hadst,4.888473,157.3629,455,0,1.459611
redip,4.888275,149.3464,380,0,1.543844
sango,4.888194,146.4376,398,0,1.521166
volar,4.888110,141.8104,349,0,1.563931
gains,4.887793,152.4592,407,0,1.501296
lardy,4.887752,144.9231,363,0,1.587473
glans,4.887456,152.0013,424,0,1.488337
scath,4.887296,179.0683,506,0,1.519006
ayelp,4.887112,143.8026,331,0,1.579050
lovie,4.886999,132.9136,309,0,1.586177
haily,4.886619,145.5676,401,0,1.547516
tegua,4.886502,137.3672,286,0,1.594384
tango,4.886490,148.3123,394,1,1.495464
sates,4.886412,133.7646,347,0,1.649028
trest,4.886372,151.4095,391,0,1.592441
saheb,4.886167,128.3978,313,0,1.612527
lohan,4.886053,136.8117,346,0,1.509071
prief,4.886043,152.8393,402,0,1.556156
gynae,4.885888,139.3050,312,0,1.582721
cornu,4.885810,162.1914,462,0,1.458531
inarm,4.885762,135.3603,325,0,1.534341
rapid,4.885753,146.1395,357,1,1.503456
moray,4.885708,150.0747,372,0,1.586177
rille,4.885628,134.4168,334,0,1.594168
teats,4.885538,142.5084,347,0,1.592441
sprad,4.885516,146.9853,388,0,1.518575
molas,4.885506,144.9948,371,0,1.509503
arame,4.885450,144.9136,412,0,1.599784
homie,4.885415,136.5629,307,0,1.532829
goris,4.885113,140.4644,367,0,1.490497
ludes,4.885013,140.8600,363,0,1.512095
spurt,4.884889,179.7801,493,1,1.478834
beins,4.884870,144.9395,357,0,1.549676
spray,4.884560,152.1257,395,1,1.592009
defat,4.884189,144.7555,341,0,1.557667
trews,4.884158,139.8026,357,0,1.597840
sales,4.884003,132.2104,344,0,1.641037
agrin,4.883870,144.1965,331,0,1.531317
antic,4.883805,145.5788,378,1,1.505400
idles,4.883486,126.3140,314,0,1.554644
titer,4.883440,145.2626,376,0,1.599568
pined,4.883413,172.1274,446,0,1.480994
taira,4.883332,140.5369,380,0,1.523758
mayor,4.883015,144.6743,372,1,1.523110
rhino,4.882912,147.5797,393,1,1.496112
dobie,4.882494,151.3188,356,0,1.523758
nidal,4.882446,157.1970,413,0,1.486177
swail,4.882357,148.5067,404,0,1.525486
weils,4.882192,141.7948,353,0,1.536717
dirke,4.882048,144.7356,391,0,1.550540
snarf,4.882018,139.8518,360,0,1.550756
audit,4.881950,155.4320,363,1,1.493089
sadly,4.881850,154.9447,448,1,1.553996
raupo,4.881755,132.1620,302,0,1.539093
croak,4.881540,160.1222,407,1,1.538445
louis,4.881483,133.2963,358,0,1.471274
dices,4.881001,136.7382,342,0,1.512095
deman,4.880877,150.6441,355,0,1.527646
whore,4.880875,151.8147,404,0,1.582073
redly,4.880825,143.0916,324,0,1.642333
vanes,4.880736,131.0622,335,0,1.599136
miens,4.880718,149.6713,358,0,1.520950
stipa,4.880562,156.5533,396,0,1.554428
plash,4.880187,169.8147,479,0,1.460043
urges,4.880120,134.7158,343,0,1.567387
skort,4.880103,155.2540,436,0,1.515983
orfes,4.879902,130.0039,316,0,1.613175
liang,4.879816,153.3024,433,0,1.496328
lodge,4.879699,151.0527,392,1,1.519654
giron,4.879670,163.8397,451,0,1.459179
glues,4.879627,147.4631,381,0,1.510367
files,4.879565,141.6108,356,0,1.545572
borts,4.879530,154.0695,421,0,1.493305
flora,4.879371,138.7996,319,1,1.586393
inept,4.879268,146.5775,359,1,1.540605
adieu,4.878827,123.6955,284,0,1.646652
rumes,4.878795,141.2609,350,0,1.563283
derig,4.878700,152.1793,401,0,1.541037
usage,4.878654,127.4570,273,1,1.627646
potin,4.878643,164.6397,479,0,1.422462
bigae,4.878587,142.2017,310,0,1.595464
adult,4.878509,149.1054,398,1,1.477970
servo,4.878496,135.6756,342,0,1.628726
value,4.878444,133.4873,313,1,1.598920
selva,4.878378,136.2302,333,0,1.639309
perog,4.878364,146.7892,388,0,1.542981
abled,4.877838,150.5110,380,1,1.556156
arses,4.877822,124.0454,326,0,1.659179
brash,4.877786,148.5084,391,1,1.528510
agley,4.877739,134.6916,314,0,1.642981
crisp,4.877638,159.5754,448,1,1.457883
tabis,4.877456,143.9849,397,0,1.494600
caids,4.877052,142.1793,379,0,1.480994
ulnas,4.877023,138.7676,364,0,1.498056
torsk,4.876863,156.8765,436,0,1.483585
oaken,4.876187,123.7171,239,1,1.638229
pioye,4.876124,127.5512,288,0,1.575162
adits,4.876078,139.0890,356,0,1.517063
mason,4.875990,149.0795,393,1,1.479266
comes,4.875932,142.9145,327,0,1.528726
krais,4.875881,132.4013,318,0,1.558099
stoic,4.875739,143.9140,413,1,1.507991
nitry,4.875651,144.7097,360,0,1.533909
ostia,4.875369,128.9404,291,0,1.602160
powre,4.875189,153.2860,419,0,1.562635
soapy,4.875153,149.9702,409,1,1.574946
poney,4.874759,151.9330,363,0,1.582289
ferns,4.874532,135.1287,337,0,1.575594
ofter,4.874264,133.7136,336,0,1.634989
kayle,4.874220,135.5218,327,0,1.598920
therm,4.873990,152.4393,372,0,1.541685
novae,4.873922,128.9758,274,0,1.647084
beaus,4.873912,131.6263,275,0,1.609935
cloam,4.873794,164.3961,439,0,1.468683
garre,4.873702,148.0739,408,0,1.590065
lords,4.873691,135.2981,324,0,1.496112
parev,4.873645,144.2268,391,0,1.624406
fecal,4.873610,151.0924,353,1,1.574298
roven,4.873367,150.2873,367,0,1.600648
wager,4.873249,141.4700,370,1,1.636285
gaunt,4.873148,166.1136,453,1,1.465443
tonus,4.872660,162.2665,479,0,1.428726
glime,4.872585,159.8078,419,0,1.505832
macro,4.872578,148.5335,387,1,1.513391
vireo,4.872460,134.6441,303,0,1.621598
slank,4.872287,163.8268,468,0,1.516847
spree,4.872194,168.5577,486,1,1.521814
carbo,4.872060,150.0384,395,0,1.515119
erect,4.871425,156.0324,422,1,1.498272
stive,4.871310,150.0212,407,0,1.609719
laund,4.870992,154.6354,430,0,1.452484
ketol,4.870977,127.9590,283,0,1.544924
vires,4.870958,135.2134,343,0,1.593089
pinta,4.870889,155.0078,390,0,1.495464
ideas,4.870838,118.5516,231,0,1.647948
greet,4.870830,166.9870,483,1,1.479482
raiks,4.870391,130.6311,318,0,1.553348
marly,4.870195,152.0022,380,0,1.580562
logan,4.870168,157.0648,395,0,1.487473
edict,4.870162,153.3214,372,1,1.541901
fayne,4.870011,134.8454,312,0,1.588121
plots,4.869922,157.1123,440,0,1.439741
skirt,4.869408,156.4678,428,1,1.509503
clipt,4.869388,172.2881,504,0,1.399568
cunit,4.869310,182.4937,534,0,1.397840
reels,4.869277,140.3235,351,0,1.520518
orbed,4.869203,163.7922,432,0,1.556587
eilds,4.869052,139.7801,314,0,1.548380
tacet,4.869051,143.8432,359,0,1.563715
fable,4.869011,154.2553,404,1,1.567387
motey,4.868910,141.6825,321,0,1.598488
salat,4.868733,167.8648,493,0,1.486393
agree,4.868715,147.7041,408,1,1.568467
onely,4.868623,133.4553,329,0,1.623974
gomer,4.868529,154.9680,395,0,1.579482
belay,4.868377,155.1071,344,0,1.651836
aweto,4.868312,130.0756,255,0,1.632181
foist,4.868142,166.3037,487,1,1.453348
strim,4.867968,149.3870,397,0,1.498920
pluot,4.867951,167.2099,468,0,1.398488
abode,4.867913,136.0324,293,1,1.607775
liver,4.867697,138.5991,327,1,1.629158
prads,4.867669,148.2363,388,0,1.507775
orgia,4.867650,140.8808,336,0,1.582937
tulsi,4.867454,153.8553,441,0,1.447732
lands,4.867448,138.2994,377,0,1.474298
gants,4.867355,150.3823,427,0,1.473218
raved,4.867285,149.0268,400,0,1.627646
duals,4.867063,150.9102,410,0,1.469978
shere,4.866934,163.0717,456,0,1.521166
ceres,4.866824,154.5222,423,0,1.484881
brios,4.866616,141.9434,365,0,1.502808
thurl,4.866516,155.3309,352,0,1.456156
ralph,4.866375,142.7745,350,1,1.500648
chola,4.866323,160.3123,412,0,1.495896
comal,4.866317,165.5149,439,0,1.470626
wiles,4.866298,141.3473,353,0,1.528510
along,4.865900,154.9948,395,1,1.505184
avers,4.865635,129.6825,315,0,1.654212
angst,4.865540,155.2886,427,1,1.470194
dolts,4.865439,145.4622,391,0,1.431749
grasp,4.865198,152.1352,413,1,1.498056
keros,4.865014,129.4596,315,0,1.590713
rotch,4.865006,171.3179,473,0,1.467387
shave,4.864788,147.8518,360,1,1.621814
moues,4.864777,145.3430,327,0,1.535421
tates,4.864557,135.5210,347,0,1.602160
brand,4.864556,158.9482,434,1,1.493089
inerm,4.864418,134.2553,314,0,1.569762
today,4.864172,150.6320,376,1,1.533909
nomes,4.864009,137.1486,308,0,1.538013
crapy,4.863660,157.7905,430,0,1.533477
south,4.863615,196.3754,571,1,1.441901
plesh,4.863612,166.8540,400,0,1.495464
ruche,4.863601,148.0592,395,0,1.544924
stony,4.863599,160.3123,459,1,1.529806
acker,4.863546,134.1387,341,0,1.647300
meane,4.863518,151.0562,431,0,1.487689
eyots,4.863463,140.7616,387,0,1.593089
gaurs,4.863384,141.1469,353,0,1.514903
ribas,4.863278,130.5490,287,0,1.537581
spina,4.862833,160.3598,401,0,1.528942
karos,4.862728,133.6428,347,0,1.540605
clads,4.862640,152.9637,415,0,1.468035
dunce,4.862472,162.9032,432,1,1.463067
amber,4.862385,145.2056,365,1,1.619870
paver,4.862300,147.1374,391,0,1.645572
skail,4.861503,152.4220,417,0,1.521598
eisel,4.861453,145.2298,395,0,1.461339
glens,4.861385,146.6251,350,0,1.523758
cagey,4.861156,135.8035,297,1,1.622246
letup,4.861083,146.5248,348,0,1.496112
pyres,4.860562,142.7037,341,0,1.561555
yamen,4.860548,135.0976,295,0,1.572138
chals,4.860334,167.1607,465,0,1.479698
girts,4.860113,148.5836,397,0,1.467171
edits,4.860105,143.8060,341,0,1.565659
crees,4.859968,154.1024,423,0,1.493305
saran,4.859960,150.5231,408,0,1.501944
scout,4.859847,172.2104,506,1,1.449460
doyen,4.859718,155.2626,355,0,1.511663
scalp,4.859687,163.6324,472,1,1.483585
rafts,4.859666,140.3866,383,0,1.530238
crawl,4.859664,151.2281,409,1,1.517279
marae,4.859490,148.3382,412,0,1.589849
ukase,4.859382,135.9780,287,0,1.604536
duels,4.859312,152.5395,363,0,1.505400
celom,4.859301,146.9793,340,0,1.505832
pirns,4.859157,157.2652,410,0,1.451620
segni,4.859000,146.5464,372,0,1.557235
libra,4.858982,136.6605,301,0,1.550540
daynt,4.858716,155.6384,432,0,1.448164
picra,4.858699,149.0769,347,0,1.509719
capon,4.858496,160.0937,421,0,1.441469
plica,4.858403,167.4415,441,0,1.473218
agros,4.858380,132.6302,312,0,1.546004
glint,4.858314,172.5577,492,1,1.434341
dunes,4.858266,148.7676,379,0,1.488553
tepid,4.858253,154.2389,396,1,1.489633
carat,4.858180,166.0004,473,1,1.469330
under,4.858052,144.2683,366,1,1.569114
acold,4.858034,152.6354,400,0,1.468898
lotus,4.858026,148.2501,415,0,1.451836
algin,4.857967,168.5525,433,0,1.469762
sepic,4.857862,148.6251,370,0,1.530238
steen,4.857801,158.5283,439,0,1.479482
lomed,4.857565,154.0203,380,0,1.501944
orpin,4.857525,152.3451,409,0,1.460043
binal,4.857367,163.8821,435,0,1.484881
chota,4.856846,168.6389,422,0,1.499136
treck,4.856808,152.5404,374,0,1.571922
miros,4.856754,144.1594,362,0,1.465659
strig,4.856580,148.1050,397,0,1.499568
brust,4.856214,171.2384,481,0,1.451620
howre,4.856096,151.5400,404,0,1.561123
monde,4.856057,159.2367,402,0,1.492873
theic,4.855872,160.3365,370,0,1.523326
daube,4.855862,145.4397,334,0,1.543413
botas,4.855608,146.5352,379,0,1.518359
wites,4.855559,144.7788,369,0,1.536501
supra,4.855190,154.2320,371,0,1.546436
symar,4.855156,144.6432,384,0,1.508207
posey,4.855132,146.6337,333,0,1.598920
tenes,4.855109,151.4346,439,0,1.439741
warns,4.854921,144.0756,368,0,1.508423
amble,4.854838,152.8989,382,1,1.550324
straw,4.854672,144.8376,381,1,1.562851
teels,4.854567,152.1145,405,0,1.456587
tomia,4.854525,149.8363,352,0,1.533261
stalk,4.854183,162.6769,450,1,1.536285
grued,4.854095,170.1006,454,0,1.516847
biota,4.853920,145.4415,358,0,1.543844
coeds,4.853918,145.4994,353,0,1.531102
basto,4.853873,145.5857,379,0,1.516631
locis,4.853727,138.7901,368,0,1.443844
norma,4.853333,144.1862,334,0,1.543197
verso,4.853046,138.2510,342,1,1.585961
fones,4.852621,144.0678,330,0,1.536933
prese,4.852610,171.5728,486,0,1.489201
abrin,4.852273,143.2583,331,0,1.517927
dauts,4.852220,147.7248,407,0,1.468035
tangs,4.852182,150.4393,427,0,1.466955
yeads,4.852072,127.7464,278,0,1.598272
adust,4.851920,155.8035,407,0,1.466955
swage,4.851919,148.8618,362,0,1.592009
patly,4.851845,161.9123,438,0,1.524190
cauld,4.851630,169.3050,490,0,1.427862
mules,4.851481,151.1728,388,0,1.493089
kiers,4.851451,134.9732,308,0,1.578186
sythe,4.851391,144.4220,362,0,1.560691
noily,4.851147,151.7378,439,0,1.507127
polts,4.851086,157.8363,440,0,1.428078
giros,4.850757,143.6523,367,0,1.468251
owler,4.850609,135.7585,311,0,1.629158
surly,4.850547,155.5840,348,1,1.553996
cutey,4.850370,144.7391,312,0,1.569546
poesy,4.850363,158.6959,407,1,1.588121
aloud,4.850175,151.4147,346,1,1.490281
maced,4.850108,149.3222,382,0,1.525918
lipas,4.850091,147.8631,380,0,1.486609
loury,4.849983,149.5823,360,0,1.536069
shout,4.849697,196.0272,571,1,1.442117
gilas,4.849575,148.2994,385,0,1.484233
tokes,4.849546,132.4825,313,0,1.560691
pinas,4.849418,154.0523,401,0,1.473434
foals,4.849341,141.9305,379,0,1.518359
larum,4.848955,142.0488,354,0,1.506911
viner,4.848651,151.4821,383,0,1.596544
wrapt,4.848584,159.0415,443,0,1.482937
bents,4.848354,143.5961,375,0,1.521598
amour,4.848054,145.6281,326,0,1.525918
louns,4.848039,157.9875,450,0,1.434557
waned,4.847988,156.9413,404,0,1.537797
unary,4.847549,133.7827,327,0,1.573002
crabs,4.847268,147.7171,381,0,1.509719
omers,4.847175,132.2717,296,0,1.600000
ahold,4.847121,153.9045,392,0,1.461555
third,4.847065,168.6328,454,1,1.431749
henry,4.847031,140.7866,286,0,1.607775
boyar,4.846935,150.1127,370,0,1.525270
haver,4.846865,137.9883,354,0,1.644060
stang,4.846843,152.4808,427,0,1.525054
chard,4.846713,169.7767,447,1,1.469762
draps,4.846713,147.9486,388,0,1.496976
tiara,4.846425,141.6808,380,1,1.510583
peace,4.846264,165.0173,461,1,1.465443
tholi,4.846186,144.9680,392,0,1.455292
aitch,4.846156,163.8803,432,0,1.478402
fails,4.846111,149.7214,404,0,1.503672
aspro,4.846052,135.7879,321,0,1.553132
tonga,4.846043,159.0052,394,1,1.491361
opals,4.845967,139.2618,359,0,1.510799
herds,4.845919,141.8760,361,0,1.533261
biled,4.845606,168.5672,432,0,1.490065
cobra,4.845522,160.1197,395,1,1.515767
lunge,4.845502,161.8907,419,1,1.497840
moits,4.845362,157.2687,448,0,1.432613
skran,4.844971,147.8950,381,0,1.525702
leers,4.844887,142.8376,351,0,1.514687
faces,4.844814,130.8117,316,0,1.582289
lathi,4.844692,136.1395,359,0,1.520950
rangi,4.844396,144.6657,331,0,1.538013
riven,4.844355,153.4492,383,0,1.572786
piney,4.844322,159.5693,363,1,1.554428
esile,4.844195,145.4691,395,0,1.485529
goaty,4.844104,146.0808,393,0,1.541253
rases,4.843998,125.7948,326,0,1.659395
balti,4.843904,148.7071,396,0,1.515119
demit,4.843863,156.0151,389,0,1.490497
rewin,4.843850,147.0968,365,0,1.561339
gules,4.843769,149.6618,381,0,1.495680
claps,4.843510,168.9767,472,0,1.453564
lanch,4.843507,166.1680,465,0,1.444924
rubes,4.843380,146.1024,363,0,1.549028
eskar,4.843209,125.5374,295,0,1.667171
tilak,4.842736,150.9810,402,0,1.487041
fired,4.842634,159.5322,414,0,1.548812
tripy,4.842412,158.8203,432,0,1.495464
resow,4.842362,135.6056,337,0,1.583585
punce,4.842349,167.2600,434,0,1.459395
roves,4.842298,140.2510,342,0,1.609719
laxer,4.842273,125.3879,318,0,1.707991
harim,4.842147,143.3006,343,0,1.485097
honey,4.841992,146.3832,353,1,1.580778
tronk,4.841573,160.5205,437,0,1.471490
chats,4.841536,182.1793,506,0,1.482937
curls,4.841520,151.4726,339,0,1.460259
guars,4.841432,144.7400,353,0,1.520086
zante,4.841418,130.8160,337,0,1.607559
lotte,4.841281,139.4181,343,0,1.539741
beads,4.841259,142.4004,332,0,1.569546
darer,4.841151,151.3914,409,0,1.609503
beret,4.841070,176.3737,500,1,1.469330
shand,4.840873,159.2384,440,0,1.461987
mutes,4.840823,154.9715,401,0,1.501080
koras,4.840721,138.8575,347,0,1.541901
pical,4.840721,164.7892,441,0,1.450324
sengi,4.840288,147.1633,372,0,1.549892
reply,4.840279,142.0929,316,1,1.628294
phial,4.840219,163.4320,428,0,1.453348
teuch,4.840215,177.0674,428,0,1.481857
ayins,4.840129,143.4769,350,0,1.496760
ernes,4.840116,142.5093,384,0,1.501944
mohel,4.840087,143.5927,336,0,1.506911
lawed,4.840027,151.0251,396,0,1.556803
cedis,4.839763,142.5870,342,0,1.509071
acmes,4.839692,130.5827,305,0,1.566739
pyral,4.839661,152.3270,370,0,1.503456
adobe,4.839640,136.6933,293,1,1.598920
noisy,4.839618,150.9093,438,1,1.496112
moils,4.839515,152.1991,416,0,1.429374
phage,4.839415,155.8130,375,0,1.527646
scram,4.839396,148.9991,384,1,1.510583
dorty,4.839299,164.4782,452,0,1.508423
scand,4.839169,151.6972,422,0,1.469330
ybore,4.839145,134.9499,332,0,1.585745
moble,4.839031,159.7447,402,0,1.493089
blues,4.839021,155.2842,399,0,1.508639
crier,4.839007,156.6786,411,1,1.563067
games,4.838892,137.5970,333,0,1.554212
disme,4.838801,154.5274,385,0,1.482289
fleur,4.838785,147.0164,352,0,1.558963
morns,4.838650,158.0998,409,0,1.451188
drays,4.838644,137.2652,350,0,1.517495
darcy,4.838535,157.6246,415,0,1.523974
nicol,4.838504,156.9533,443,0,1.407127
altar,4.838487,144.2328,371,1,1.501080
cadee,4.838408,158.0860,456,0,1.487041
drily,4.838354,158.0263,390,0,1.513607
loose,4.838171,143.1780,353,1,1.554212
agues,4.838113,128.5991,261,0,1.587905
eathe,4.838077,143.9762,389,0,1.503456
tikes,4.838057,140.2544,363,0,1.532829
chide,4.837533,167.0337,436,1,1.490497
bolas,4.837533,151.9486,378,0,1.510367
cuber,4.837474,163.2333,417,0,1.533693
verts,4.837395,140.7564,367,0,1.571706
stove,4.836894,142.2518,349,1,1.616199
unlit,4.836874,156.0272,441,1,1.421382
eidos,4.836839,136.8523,346,0,1.564795
wrens,4.836838,143.9616,354,0,1.566955
pauls,4.836823,161.1434,449,0,1.461123
mages,4.836806,137.9184,333,0,1.553780
merse,4.836626,168.7952,476,0,1.452484
cakes,4.836504,139.9486,349,0,1.584017
duets,4.836221,157.9806,376,0,1.508639
spald,4.836132,162.3071,457,0,1.467819
manos,4.835853,149.2367,393,0,1.471706
alcid,4.835812,164.6691,432,0,1.450972
mache,4.835726,152.8756,376,0,1.533261
chiro,4.835409,164.4963,445,0,1.465659
inust,4.835401,174.4082,506,0,1.422894
odist,4.835367,153.6497,433,0,1.447300
metre,4.835335,165.1624,462,0,1.458315
bogle,4.835271,162.4557,415,0,1.510367
peony,4.835201,156.8678,388,0,1.567603
astun,4.835199,145.7430,375,0,1.486393
randy,4.835064,153.8207,382,1,1.543629
cytes,4.834857,130.1663,292,0,1.533045
patsy,4.834843,168.0048,465,1,1.513175
rared,4.834723,151.9486,409,0,1.587905
hosey,4.834714,139.2592,319,0,1.597408
buteo,4.834628,150.1603,336,0,1.530454
round,4.834628,176.3987,485,1,1.430454
baric,4.834576,144.2156,360,0,1.521598
choil,4.834555,170.5654,478,0,1.401728
aleck,4.834390,160.5361,364,0,1.578834
axile,4.834331,131.9279,302,0,1.641685
mosed,4.834240,151.0233,366,0,1.497192
piton,4.834136,169.4190,479,0,1.400216
holts,4.834119,160.3451,445,0,1.426566
goeth,4.834056,157.6315,365,0,1.511663
gaily,4.834056,166.6881,460,1,1.523326
vlies,4.834038,146.5266,384,0,1.533477
haems,4.833726,146.9853,342,0,1.549460
aches,4.833667,128.6449,298,0,1.590497
porty,4.833663,165.4838,445,0,1.504752
fault,4.833585,164.3832,456,1,1.467819
chode,4.833445,162.7762,410,0,1.496976
cloth,4.833258,174.5438,495,1,1.414903
tumor,4.833122,165.5572,456,1,1.426350
manis,4.833118,151.9374,402,0,1.466091
bason,4.833064,151.1857,391,0,1.480130
stond,4.832955,162.2613,465,0,1.456371
refis,4.832818,132.5413,312,0,1.575810
racer,4.832414,143.4406,376,1,1.618790
croft,4.832401,173.9382,499,0,1.438661
samek,4.832394,148.0039,371,0,1.582721
weird,4.832344,166.0022,428,1,1.526782
pards,4.832088,146.4609,388,0,1.484665
chary,4.832040,167.1339,417,0,1.543197
crank,4.831946,169.7145,462,1,1.503024
rehab,4.831900,135.4216,317,1,1.603888
goura,4.831855,152.7849,366,0,1.539309
oaths,4.831787,143.5607,379,0,1.514471
scuta,4.831754,161.8726,419,0,1.505832
wired,4.831652,165.5564,428,0,1.531749
merle,4.831149,160.7667,442,0,1.463499
drive,4.830812,164.0039,453,1,1.561987
odals,4.830711,132.2181,330,0,1.512311
raita,4.830672,143.4467,380,0,1.511447
yeahs,4.830550,130.4566,311,0,1.593305
piety,4.830521,156.4454,370,1,1.574514
kites,4.830459,141.1235,363,0,1.526350
limed,4.830381,160.2415,403,0,1.474082
palsy,4.830303,173.4536,488,1,1.505184
ansae,4.830280,138.4618,348,0,1.546652
mured,4.830035,171.4276,452,0,1.496328
lomas,4.829903,146.1888,371,0,1.494384
monas,4.829888,152.3866,393,0,1.473002
bayes,4.829768,130.2968,288,0,1.596976
miaul,4.829651,145.6255,371,0,1.462635
nirly,4.829639,142.8981,316,0,1.539093
basin,4.829620,152.7054,400,1,1.474514
girls,4.829489,143.8276,320,0,1.463931
sores,4.829473,142.6622,361,0,1.626350
ysame,4.829463,128.0920,287,0,1.601944
polis,4.829273,154.8168,422,0,1.423542
hauls,4.829132,151.1927,412,0,1.459611
podal,4.828743,164.6544,413,0,1.448596
gnats,4.828730,153.4665,427,0,1.462635
prays,4.828730,147.8890,395,0,1.513823
ealed,4.828689,156.3123,434,0,1.488121
noahs,4.828603,137.5823,370,0,1.500000
erugo,4.828520,152.0531,344,0,1.573218
covet,4.828311,151.0147,382,1,1.529806
deism,4.828170,154.9801,385,0,1.470842
cogue,4.828069,158.8713,359,0,1.494168
rugal,4.827935,152.8790,347,0,1.507343
barre,4.827673,156.4194,431,0,1.588337
sayid,4.827667,146.8186,380,0,1.489633
seder,4.827625,165.4060,469,0,1.506479
moult,4.827599,174.5395,492,1,1.393521
prosy,4.827581,165.9650,467,0,1.505400
loids,4.827499,145.5089,394,0,1.436285
clays,4.827126,152.4203,427,0,1.474082
diram,4.826955,154.8022,370,0,1.469330
vairs,4.826901,136.3840,330,0,1.538013
doula,4.826584,157.1063,361,0,1.489201
aidos,4.826547,138.8393,326,0,1.516199
geyan,4.826539,152.9248,339,0,1.542765
fiats,4.826480,155.7879,417,0,1.493737
dynel,4.826439,153.3611,380,0,1.474946
bants,4.826359,152.8886,435,0,1.471490
purge,4.826359,165.1719,435,1,1.508207
aizle,4.826161,131.6376,301,0,1.626350
flats,4.826114,158.9430,436,0,1.493952
larks,4.826035,142.0384,352,0,1.527862
maker,4.825971,139.5037,357,1,1.632181
parch,4.825701,176.2164,471,0,1.455292
lehua,4.825479,129.1512,268,0,1.594600
deter,4.825418,171.5305,473,1,1.480346
cyano,4.825356,150.3650,394,0,1.460475
wrath,4.825350,165.1175,450,1,1.491793
serge,4.825260,166.2562,476,0,1.488769
parer,4.824934,152.0877,402,1,1.605832
yages,4.824859,126.0514,276,0,1.583369
sheer,4.824798,167.5633,456,1,1.511231
cadis,4.824672,147.6721,379,0,1.458963
saucy,4.824621,160.7253,440,1,1.522462
sewin,4.824414,154.3797,384,0,1.523110
eagle,4.824291,156.9793,435,1,1.480562
liman,4.823987,158.7460,420,0,1.457451
tousy,4.823986,172.1559,507,0,1.466955
unled,4.823968,151.0752,385,0,1.475162
yules,4.823739,136.2164,331,0,1.522678
vaper,4.823663,148.3581,391,0,1.626134
gerle,4.823568,164.7218,457,0,1.466091
krans,4.823383,145.3153,381,0,1.521382
ocher,4.823329,142.0609,345,0,1.599568
lobed,4.823265,164.1317,413,0,1.487689
drony,4.823188,173.8553,487,0,1.482073
albee,4.823049,168.1559,457,0,1.490497
benis,4.823016,147.2307,357,0,1.517063
thema,4.822881,156.3028,338,0,1.559395
peise,4.822778,174.8773,499,0,1.420950
halid,4.822579,154.9957,416,0,1.439957
image,4.822541,138.5093,302,1,1.576458
knarl,4.822357,144.6086,337,0,1.514903
chais,4.822224,167.0363,418,0,1.478402
sirup,4.822171,164.2242,441,0,1.442549
reens,4.821923,148.9611,384,0,1.482505
laked,4.821901,144.4756,376,0,1.557235
wails,4.821867,148.6216,404,0,1.486609
forge,4.821694,156.4048,422,1,1.560259
rewon,4.821619,147.2540,351,0,1.566955
topis,4.821615,158.8678,450,0,1.421598
duper,4.821596,166.2553,437,0,1.515551
rozet,4.821581,140.0030,371,0,1.620302
waits,4.821540,149.0467,408,0,1.489849
halve,4.821534,144.0868,364,1,1.563067
liken,4.821467,152.3512,385,1,1.502376
doric,4.821408,158.8808,445,0,1.445356
peter,4.821277,172.1836,473,0,1.476674
rawin,4.820920,146.6795,355,0,1.511231
owres,4.820673,141.4467,337,0,1.589201
carbs,4.820604,149.7940,381,0,1.486609
tyned,4.820560,147.2039,350,0,1.483153
cover,4.820509,159.4302,402,1,1.594384
burst,4.820459,180.5240,481,1,1.433693
lifes,4.820156,143.2894,356,0,1.516415
voars,4.820153,140.9620,365,0,1.552700
onlay,4.820096,145.9374,346,0,1.546652
start,4.820028,162.0298,430,1,1.558747
mayst,4.819789,167.3084,473,0,1.443197
perch,4.819770,172.2337,442,1,1.505400
areca,4.819726,147.9512,376,0,1.576890
baith,4.819541,166.8212,455,0,1.459827
curli,4.819490,146.1447,340,0,1.467387
rudas,4.819467,143.1305,332,0,1.500432
ascon,4.819288,144.2847,349,0,1.484017
ghast,4.819268,178.2467,503,0,1.454860
lyted,4.819262,142.4911,322,0,1.506263
tract,4.819158,169.0415,473,1,1.479482
degas,4.819135,141.4017,319,0,1.538877
chaos,4.818929,161.6341,413,1,1.484017
dryas,4.818797,141.2695,350,0,1.492009
boree,4.818739,169.7369,498,0,1.516847
sanes,4.818727,137.4648,348,0,1.604536
kaneh,4.818714,143.7024,341,0,1.536069
ligan,4.818613,166.5905,433,0,1.459611
duple,4.818382,169.7689,451,0,1.446004
artal,4.818348,145.3551,371,0,1.503240
erode,4.818344,163.7473,481,1,1.500648
lowes,4.818342,138.8894,322,0,1.538877
tugra,4.818125,152.8609,366,0,1.502808
cuits,4.818017,178.7270,527,0,1.403672
codas,4.817885,148.9724,361,0,1.465875
sorex,4.817812,140.6907,357,0,1.636285
carex,4.817677,139.7257,370,0,1.633909
axite,4.817531,130.3166,292,0,1.644924
courd,4.817519,183.9339,524,0,1.400000
grike,4.817392,152.8030,396,0,1.557451
saved,4.817003,143.7724,383,0,1.589417
sires,4.816965,138.4212,351,0,1.598488
forme,4.816902,153.1123,403,0,1.557667
sapid,4.816778,157.4484,420,0,1.465227
ervil,4.816645,141.0406,327,0,1.593089
leuds,4.816565,148.1706,363,0,1.489849
hards,4.816561,139.9348,345,0,1.483153
fatso,4.816461,149.6004,384,0,1.496328
besti,4.816282,144.5361,356,0,1.545356
retax,4.815709,133.3335,330,0,1.650324
wheat,4.815671,162.3175,350,1,1.561555
felts,4.815619,147.7827,366,0,1.524190
octas,4.815473,137.7369,329,0,1.516415
skoal,4.815315,155.2635,399,0,1.520302
barny,4.815145,159.4259,401,0,1.543413
looie,4.815049,134.2873,314,0,1.563931
giber,4.814916,161.2756,405,0,1.537365
ohias,4.814642,134.9378,305,0,1.533909
tases,4.814578,135.9201,347,0,1.595464
syned,4.814469,145.7248,368,0,1.508855
levas,4.814467,142.7184,333,0,1.584881
guilt,4.814235,184.5499,530,1,1.386609
sheet,4.814166,191.5676,535,1,1.446652
dopes,4.813883,149.2168,361,0,1.496328
lurid,4.813843,157.1935,375,1,1.432181
drove,4.813825,165.3810,463,1,1.568467
cardy,4.813775,159.1054,415,0,1.524838
boned,4.813661,175.5970,436,0,1.481425
rumal,4.813411,152.0212,354,0,1.505184
unais,4.813303,136.9093,309,0,1.508207
slurp,4.813275,166.1248,400,1,1.458315
kerns,4.813224,138.4834,347,0,1.548380
krona,4.812842,148.9076,356,0,1.537581
emacs,4.812824,147.8432,337,0,1.568683
truer,4.812790,158.2294,416,1,1.543197
elute,4.812766,155.8026,424,0,1.437797
laevo,4.812748,130.8246,268,0,1.629158
yurta,4.812688,138.3002,310,0,1.540389
baurs,4.812543,148.1343,367,0,1.513175
taras,4.812312,155.5996,430,0,1.485313
vesta,4.811824,140.5853,334,0,1.590929
sepoy,4.811716,152.6043,366,0,1.594384
dosai,4.811713,136.3788,306,0,1.528726
cursi,4.811647,152.5352,388,0,1.456371
karns,4.811379,145.9002,381,0,1.498272
sella,4.811037,146.8799,344,0,1.600000
estoc,4.810874,138.4367,356,0,1.573650
taiko,4.810646,138.7918,288,0,1.517927
emits,4.810559,154.0073,376,0,1.538445
enter,4.810534,149.4181,391,1,1.516199
gimel,4.810298,167.2670,419,0,1.457883
stoma,4.810280,154.8808,381,0,1.544060
rives,4.810247,139.9780,343,0,1.581857
ecads,4.810071,135.3672,289,0,1.582289
scrag,4.809992,141.1339,358,0,1.511231
gleam,4.809991,161.3317,359,1,1.537797
pelma,4.809945,157.8251,363,0,1.542549
lered,4.809930,170.7391,456,0,1.458099
thrid,4.809694,168.5067,454,0,1.410799
payed,4.809558,152.4238,360,0,1.534989
absit,4.809231,155.2929,397,0,1.482505
leafy,4.809099,151.0423,346,1,1.622030
hides,4.808894,148.8609,370,0,1.477322
starr,4.808855,153.6048,430,0,1.549892
grunt,4.808674,175.5434,472,1,1.426350
toast,4.808627,163.2289,445,1,1.488769
tenue,4.808460,162.3581,461,0,1.403024
tepoy,4.808381,144.4238,340,0,1.568683
cense,4.808380,163.2695,471,0,1.407775
seans,4.808317,144.2812,348,0,1.598056
rowan,4.808271,153.8035,361,0,1.518143
debit,4.807857,166.6475,423,1,1.476242
overt,4.807586,141.4069,361,1,1.598704
lovat,4.807543,153.2315,391,0,1.495464
admen,4.807509,148.4670,355,0,1.519654
lumen,4.807490,154.6406,381,1,1.468898
grief,4.807318,163.9762,421,1,1.530454
ogles,4.807296,130.8298,293,0,1.535421
owner,4.807235,150.2337,351,1,1.592657
clove,4.807231,156.6587,396,1,1.525054
flota,4.807062,152.1119,369,0,1.510151
pargo,4.807020,152.1257,380,0,1.484449
voice,4.806762,149.4795,340,1,1.535637
topee,4.806536,154.2907,443,0,1.449676
olive,4.806341,141.8138,309,1,1.581857
biros,4.806258,147.1339,365,0,1.466523
gryce,4.805968,140.1559,349,0,1.534125
donah,4.805918,166.7227,419,0,1.423974
felon,4.805816,149.6082,343,1,1.516199
geoid,4.805563,155.3948,356,0,1.505184
regma,4.805433,148.4134,338,0,1.586609
aboil,4.805425,153.2341,344,0,1.512527
glits,4.805416,164.2829,463,0,1.407559
tubes,4.805395,157.8873,416,0,1.485097
aleye,4.805385,141.5590,373,0,1.513175
riata,4.805251,143.5650,380,0,1.498272
iftar,4.805233,141.5737,344,0,1.525270
chafe,4.805135,162.2907,383,1,1.534773
ravey,4.805049,137.7222,317,0,1.701080
robin,4.804868,165.5650,436,1,1.442117
calps,4.804587,167.6765,472,0,1.433693
blurt,4.804580,164.8523,402,1,1.446220
viral,4.804423,142.8384,327,1,1.534989
gelid,4.804213,172.8134,429,0,1.465875
caput,4.804078,170.6475,473,1,1.414471
capos,4.803859,155.2756,401,0,1.450540
shrew,4.803696,162.8091,423,1,1.549892
chiao,4.803473,159.0380,341,0,1.499136
lokes,4.803229,134.9991,308,0,1.539309
moust,4.803078,196.2104,567,0,1.382505
tangi,4.802944,157.7248,413,0,1.474082
thorp,4.802913,175.6471,473,0,1.414471
scrod,4.802415,153.7050,418,0,1.449460
labis,4.802377,147.8544,389,0,1.473218
genua,4.802365,156.4030,310,0,1.552052
threw,4.802344,164.6924,428,1,1.524190
wiels,4.802157,152.2544,353,0,1.508855
welts,4.802102,147.5330,361,0,1.507127
fines,4.801972,153.4881,374,0,1.509071
rores,4.801700,146.3866,361,0,1.569978
signa,4.801683,165.7119,407,0,1.496544
prang,4.801661,158.0790,422,0,1.473650
drags,4.801430,150.2199,383,0,1.482721
etape,4.801319,149.8052,395,0,1.487257
sauch,4.801163,183.4665,494,0,1.457451
lepid,4.800997,164.3762,413,0,1.468251
styed,4.800791,140.5067,345,0,1.547300
muist,4.800715,197.4898,576,0,1.373002
frits,4.800633,163.2514,444,0,1.467819
graft,4.800511,163.5538,454,1,1.472354
toing,4.800420,177.8164,514,0,1.423542
twain,4.800409,161.7948,434,0,1.451836
screw,4.800312,148.3823,387,1,1.557235
speld,4.800069,161.3464,405,0,1.503240
cleft,4.799950,162.6760,377,1,1.493737
fruit,4.799819,178.0695,491,1,1.427430
rebid,4.799644,164.3434,402,0,1.519222
twirl,4.799604,153.2609,357,1,1.458531
ashed,4.799510,128.4073,286,0,1.569330
softa,4.799293,157.5054,384,0,1.516415
dawen,4.799093,158.5464,404,0,1.522030
drams,4.798888,151.4544,392,0,1.480130
abris,4.798874,133.5296,287,0,1.526998
pacts,4.798858,165.6160,466,0,1.436933
aread,4.798783,158.9819,409,0,1.557235
visne,4.798709,161.5754,411,0,1.505616
muras,4.798678,152.7339,369,0,1.488769
baker,4.798637,145.5451,373,1,1.633045
arums,4.798454,146.4022,369,0,1.493521
chias,4.798324,166.6121,418,0,1.470626
cords,4.798296,160.1914,418,0,1.433477
padri,4.798029,148.9905,357,0,1.490713
civet,4.797923,161.1857,431,0,1.501944
prove,4.797920,159.9546,434,1,1.564795
urped,4.797615,164.5153,437,0,1.495896
ronne,4.797531,147.4441,383,0,1.589849
clerk,4.797278,154.8626,376,1,1.560043
ratal,4.797042,153.2989,371,0,1.503456
trior,4.796989,163.0898,461,0,1.441469
shend,4.796668,163.7413,391,0,1.497408
nurls,4.796638,140.2138,307,0,1.469546
golem,4.796487,159.0639,384,1,1.472138
tryke,4.796187,131.5650,312,0,1.572786
mined,4.795874,179.7387,444,0,1.452700
latex,4.795811,132.3737,316,0,1.611879
buran,4.795768,158.6898,390,0,1.480562
coped,4.795559,163.5978,407,0,1.459395
shalm,4.795485,172.2276,486,0,1.452484
amend,4.795430,155.2998,355,1,1.516631
dwile,4.795322,171.6523,456,0,1.476674
nouls,4.795293,158.4384,450,0,1.419222
azole,4.795267,129.0138,254,0,1.644708
pardi,4.795170,147.2065,357,0,1.491793
flied,4.794916,176.5689,456,0,1.489201
hopes,4.794834,153.5641,359,0,1.491145
while,4.794578,156.1663,401,1,1.496112
beach,4.794573,166.7071,380,1,1.540173
cymae,4.794208,144.4056,316,0,1.538877
tsadi,4.794185,139.6592,356,0,1.506263
soldi,4.794139,146.6449,394,0,1.457667
limey,4.793781,151.1892,335,0,1.547516
raspy,4.793676,155.7300,395,1,1.545788
kails,4.793366,151.8959,417,0,1.476458
alant,4.793222,165.5624,464,0,1.432397
yerba,4.793050,136.6821,287,0,1.613607
piend,4.792923,183.8069,446,0,1.459827
curns,4.792832,165.2479,410,0,1.422246
horsy,4.792723,168.8298,422,0,1.488985
tynde,4.792407,141.2644,350,0,1.495464
drear,4.792388,163.0130,409,0,1.571058
rabid,4.792088,161.1408,380,1,1.469114
harps,4.791910,156.0073,405,0,1.468683
trugo,4.791905,169.3050,460,0,1.421814
dinge,4.791861,189.1823,493,0,1.468251
donut,4.791691,185.0432,534,1,1.360259
logia,4.791487,151.6652,342,0,1.514039
clang,4.791461,171.1711,491,1,1.433909
ulema,4.791348,146.1032,304,0,1.572138
grins,4.791326,163.3179,410,0,1.462203
crops,4.791294,167.9762,452,0,1.433909
birls,4.791289,147.8579,331,0,1.462203
riser,4.791275,142.0246,351,1,1.562203
gobar,4.791231,170.4410,423,0,1.468251
niche,4.791144,153.6065,388,1,1.491793
caves,4.791120,142.8255,359,0,1.569114
lenes,4.790869,152.4125,406,0,1.418359
puled,4.790600,173.4389,451,0,1.431965
until,4.790429,159.3551,441,1,1.400216
clams,4.790340,172.5862,473,0,1.436717
limas,4.790189,148.5006,377,0,1.466523
ghest,4.790186,177.4916,435,0,1.490281
grith,4.789949,170.9421,471,0,1.422462
linty,4.789697,161.7862,439,0,1.466523
fairy,4.789587,150.9473,359,1,1.567171
franc,4.789321,159.6376,438,0,1.474082
swirl,4.789313,154.2639,358,1,1.484233
aiyee,4.789158,125.3957,280,0,1.549028
donee,4.789045,174.4955,497,0,1.418790
auloi,4.788779,143.2842,338,0,1.565875
savey,4.788562,140.7512,332,0,1.662851
seirs,4.788498,141.6540,351,0,1.593521
likes,4.788392,141.2022,356,0,1.511447
maneb,4.788346,151.7438,378,0,1.520302
molts,4.788216,162.3114,439,0,1.399784
brunt,4.787760,172.9387,462,1,1.424622
lengs,4.787742,145.6324,350,0,1.495680
crepy,4.787632,159.6531,357,0,1.568898
remet,4.787460,168.1387,462,0,1.446004
dalle,4.787412,163.3629,434,0,1.528942
corer,4.787377,167.0821,421,1,1.554644
ecrus,4.787374,143.5235,304,0,1.560475
luges,4.787289,152.6803,381,0,1.480130
preen,4.787091,178.7883,482,1,1.428078
pours,4.787036,172.1836,464,0,1.433261
koels,4.786938,146.9119,350,0,1.526566
waney,4.786922,148.3114,329,0,1.611231
tendu,4.786751,152.1801,374,0,1.468683
pyran,4.786678,154.4350,378,0,1.455508
boils,4.786659,158.4661,430,0,1.430238
swain,4.786613,164.2873,430,0,1.477538
paged,4.786484,159.5883,403,0,1.492657
ponts,4.786421,173.1512,501,0,1.391577
patte,4.786077,157.2514,395,0,1.528294
sandy,4.786005,160.8816,444,1,1.505400
duans,4.785998,158.0186,408,0,1.431965
mosey,4.785996,150.1732,335,0,1.570626
hilts,4.785851,169.2056,475,0,1.398704
thesp,4.785785,193.9114,465,0,1.474946
boult,4.785734,184.8730,517,0,1.394384
scend,4.785703,152.8246,355,0,1.504752
butes,4.785470,159.5780,416,0,1.501944
hogen,4.784998,168.1680,404,0,1.464147
derms,4.784830,151.3551,388,0,1.507127
dicot,4.784784,169.2704,484,0,1.374514
hours,4.784782,165.9460,427,0,1.431749
thins,4.784485,192.4030,560,0,1.403672
picot,4.784402,171.3188,477,0,1.370842
goety,4.784334,151.8803,366,0,1.576674
eager,4.784315,151.0173,408,1,1.550108
rakis,4.784299,134.7797,318,0,1.520734
grads,4.784286,151.1184,383,0,1.482073
raxes,4.784177,126.0583,321,0,1.660691
pions,4.783962,173.9114,487,0,1.398272
dirty,4.783863,165.7352,436,1,1.480562
panty,4.783731,165.0397,429,0,1.482937
laigh,4.783550,163.0795,452,0,1.433909
mabes,4.783502,145.4371,355,0,1.537365
gript,4.783451,175.2143,487,0,1.413607
cutin,4.783418,186.7788,534,0,1.365227
kebar,4.783290,152.8713,373,0,1.562851
mobie,4.783003,154.3149,333,0,1.491793
unmet,4.782640,152.8117,371,1,1.470410
ameer,4.782622,158.1274,412,0,1.530454
azote,4.782618,126.1905,258,0,1.647948
clags,4.782455,162.3114,443,0,1.439309
money,4.782342,160.6803,379,1,1.553996
spica,4.782269,169.7197,420,0,1.478402
crips,4.782169,167.7102,448,0,1.427430
takin,4.782108,161.6359,437,0,1.447732
decay,4.781940,152.5568,327,1,1.584449
dowle,4.781772,162.4125,419,0,1.486825
opted,4.781769,151.8086,363,0,1.484449
cyans,4.781503,156.7244,424,0,1.431965
denet,4.781380,180.7641,508,0,1.371274
fecit,4.781196,164.1749,396,0,1.489201
corps,4.781145,172.5197,452,0,1.419006
voles,4.781132,145.3145,342,0,1.528294
twals,4.781111,158.6700,439,0,1.462203
thief,4.780367,168.4151,421,1,1.471922
leets,4.780313,157.3378,405,0,1.438445
oaves,4.779976,126.7909,244,0,1.632397
bogie,4.779285,157.6600,357,0,1.509071
glout,4.779276,174.8695,491,0,1.379050
globe,4.779189,164.6683,415,1,1.489417
media,4.778878,152.7875,290,1,1.556371
trats,4.778851,158.3175,430,0,1.503240
spout,4.778716,195.3542,557,1,1.409935
dreys,4.778714,140.7400,335,0,1.552916
broke,4.778217,158.9188,422,1,1.562203
purin,4.777962,173.1883,464,0,1.393737
nutso,4.777827,169.8233,479,0,1.402376
avels,4.777658,145.5305,333,0,1.574730
tacho,4.777347,162.4479,422,0,1.457235
razes,4.777318,126.5905,319,0,1.659611
adios,4.777269,139.8907,326,0,1.518143
inlay,4.777161,153.1641,382,1,1.533909
preys,4.777155,148.6251,341,0,1.549244
thaim,4.777029,172.6622,455,0,1.425486
natch,4.776979,174.3356,479,0,1.436069
mylar,4.776794,155.1469,380,0,1.476242
bohea,4.776463,137.5270,277,0,1.600648
fades,4.776438,138.3391,341,0,1.552700
teens,4.776418,163.1166,439,0,1.418575
aunty,4.776120,157.7119,390,1,1.505184
naves,4.776034,135.3914,335,0,1.578402
dower,4.775807,172.6968,444,0,1.556371
heids,4.775613,154.0082,370,0,1.473434
bardo,4.775583,162.4661,412,0,1.485745
herms,4.775560,154.4471,374,0,1.501944
erick,4.775544,162.4981,372,0,1.565875
forts,4.775525,164.0160,440,0,1.459395
grume,4.775064,170.1516,449,0,1.497840
lurve,4.774830,147.0510,370,0,1.555292
white,4.774704,164.7158,418,1,1.499352
asset,4.774678,142.2484,347,1,1.578402
break,4.774535,156.3538,373,1,1.605832
rowed,4.774492,172.1171,444,0,1.534773
shunt,4.774310,215.9702,615,1,1.393521
built,4.774270,188.7287,538,1,1.384881
pansy,4.774203,175.7326,481,1,1.468683
metic,4.773667,152.7641,358,0,1.486177
prams,4.773610,166.9171,446,0,1.476458
fusel,4.773587,162.6121,415,0,1.479050
lunts,4.773498,159.9849,431,0,1.396976
eaned,4.773415,164.0419,436,0,1.451620
micra,4.773340,156.8462,355,0,1.481425
melic,4.773338,154.3503,371,0,1.478186
unget,4.772961,161.9356,411,0,1.472570
votes,4.772878,145.1391,349,0,1.536285
writs,4.772682,162.7529,442,0,1.450756
knelt,4.772507,146.6000,323,1,1.500000
gyres,4.771952,140.2104,329,0,1.535853
upran,4.771840,147.9719,354,0,1.457451
wines,4.771666,158.3546,384,0,1.492009
veils,4.771653,152.8963,384,0,1.508639
doily,4.771561,176.9369,490,0,1.445356
porny,4.771520,178.3650,479,0,1.463499
tapet,4.771204,159.8121,395,0,1.520086
sheel,4.771183,172.0721,468,0,1.417495
viers,4.771158,143.3438,343,0,1.560259
minas,4.771140,157.2618,402,0,1.445140
clous,4.770933,168.6475,463,0,1.392873
rawns,4.770775,148.4082,368,0,1.483585
infer,4.770701,148.7261,352,1,1.570194
aorta,4.770697,149.2436,384,1,1.502808
bialy,4.770591,170.2225,467,0,1.508423
broth,4.770547,179.6376,501,1,1.427214
hayed,4.770463,143.4052,311,0,1.533477
urman,4.770447,150.9015,379,0,1.459179
whole,4.770259,154.7261,374,1,1.502592
mauri,4.769871,140.9248,284,0,1.519438
stank,4.769862,173.5909,472,1,1.498272
timon,4.769664,177.9633,492,0,1.370194
dregs,4.769546,154.3400,386,0,1.518143
gibel,4.769205,175.8389,444,0,1.443629
sperm,4.768356,165.2091,406,1,1.535205
lesbo,4.768356,139.4380,313,0,1.515335
loamy,4.768315,161.4302,441,1,1.511015
lauds,4.768214,152.4082,410,0,1.439741
bield,4.768102,178.8955,432,0,1.470410
longa,4.767849,166.3719,395,0,1.469978
yield,4.767769,160.3892,360,1,1.499136
ursid,4.767734,159.5840,418,0,1.406911
beams,4.767539,155.8501,355,0,1.538229
gland,4.767422,189.4173,531,1,1.398920
cheap,4.767360,173.2428,363,1,1.514903
duros,4.767305,167.1762,440,0,1.412095
lythe,4.766844,134.7382,301,0,1.513607
cyder,4.766613,151.3317,363,0,1.529590
dargs,4.766420,150.2216,383,0,1.459611
kelts,4.766399,145.4475,359,0,1.496976
frust,4.766263,187.1728,519,0,1.417711
talks,4.766262,159.5365,450,0,1.456587
roneo,4.766255,158.1473,383,0,1.540173
fouat,4.766201,165.7076,373,0,1.473434
bilge,4.766142,174.2760,444,1,1.473650
fresh,4.766098,160.7356,398,1,1.530022
tubal,4.765785,172.8445,454,1,1.426998
ratan,4.765686,158.9965,407,0,1.455508
gemot,4.765601,157.8173,378,0,1.466739
grese,4.765457,171.4363,476,0,1.463499
perms,4.765330,162.7132,406,0,1.503456
leaky,4.765306,151.0994,350,1,1.624190
ctene,4.765222,166.8246,457,0,1.403888
tonne,4.765166,156.1819,397,0,1.525918
hinge,4.765166,172.8695,439,1,1.463067
girns,4.765126,167.1641,410,0,1.425918
lisle,4.765060,155.9918,395,0,1.488985
leuch,4.764998,171.4233,409,0,1.460475
awned,4.764871,169.0950,404,0,1.494168
roral,4.764818,149.6566,361,0,1.511879
clems,4.764536,160.5594,370,0,1.472138
bursa,4.764520,158.6786,367,0,1.497408
mauts,4.764451,171.8821,472,0,1.436069
biome,4.764337,152.0678,333,1,1.510367
mourn,4.763729,184.7650,499,1,1.395896
kasme,4.763684,151.9114,371,0,1.525270
enure,4.763501,158.6156,432,0,1.447084
thrip,4.763472,178.5689,474,0,1.387041
merel,4.763402,168.2147,442,0,1.439309
gonia,4.763382,176.7417,426,0,1.493089
wider,4.763168,171.7516,428,1,1.533045
decos,4.763165,140.1171,302,0,1.491793
rabic,4.763154,149.7551,360,0,1.484017
skein,4.763065,168.5516,390,0,1.509071
domes,4.762951,154.9689,366,0,1.476242
saick,4.762863,172.7114,468,0,1.479266
preif,4.762794,164.4652,402,0,1.502376
lousy,4.762733,170.6130,481,1,1.445572
raias,4.762350,140.6553,350,0,1.489417
loafs,4.762108,145.2557,379,0,1.480562
brief,4.762059,165.2099,421,1,1.528726
pebas,4.761992,153.1538,349,0,1.518790
richt,4.761704,170.7667,459,0,1.425486
laved,4.761423,160.9940,422,0,1.542333
rybat,4.761216,153.5253,380,0,1.467603
mauls,4.761077,168.1205,459,0,1.432829
burnt,4.761053,178.8695,462,1,1.406695
power,4.761021,168.2397,419,1,1.552700
retro,4.760954,148.8816,378,1,1.540821
wince,4.760934,169.9097,440,1,1.466523
tapus,4.760863,168.1551,462,0,1.430454
atoms,4.760682,152.7227,381,0,1.489417
nerdy,4.760672,152.3175,347,1,1.584233
laiks,4.760642,154.0903,417,0,1.468035
ester,4.760581,149.1469,391,1,1.530238
china,4.760523,185.3741,457,1,1.451404
hamed,4.760508,154.7235,375,0,1.488985
patus,4.760359,169.2842,462,0,1.440389
beryl,4.760097,150.5844,334,0,1.552268
taint,4.760028,180.0367,487,1,1.447084
sputa,4.760019,186.5214,462,0,1.466307
embar,4.759967,155.3067,365,0,1.571490
deign,4.759889,199.2911,493,1,1.440821
cooer,4.759878,170.2544,421,0,1.572138
yourn,4.759851,164.8056,446,0,1.425486
aulic,4.759652,150.1749,341,0,1.478618
chime,4.759575,178.2631,446,1,1.459179
habit,4.759495,170.7754,455,1,1.420950
doges,4.759477,153.1253,369,0,1.478402
ravin,4.759436,157.2082,373,0,1.496760
coyed,4.759417,156.5965,343,0,1.483801
yards,4.759390,143.4406,350,0,1.485961
brins,4.759371,158.1559,395,0,1.460475
motis,4.759318,163.6851,448,0,1.403240
gyral,4.759133,157.6557,371,0,1.477754
wersh,4.759109,169.8518,423,0,1.504536
pasty,4.759037,173.9875,465,1,1.499568
pacos,4.758941,157.5832,401,0,1.438013
saist,4.758937,171.6151,470,0,1.520950
syboe,4.758900,143.8985,319,0,1.525702
pheon,4.758748,168.2501,393,0,1.454212
prima,4.758744,167.3654,379,0,1.486177
dhals,4.758723,159.3292,421,0,1.427214
dyers,4.758684,148.2579,335,0,1.532397
arias,4.758495,140.2458,350,0,1.489201
craal,4.758382,172.4894,459,0,1.463283
fuero,4.758203,150.1162,344,0,1.548380
fease,4.757745,163.0389,435,0,1.481641
cabin,4.757603,179.3274,475,1,1.401512
tiyns,4.757552,169.8864,481,0,1.381425
stork,4.757364,165.5218,436,1,1.500216
stylo,4.757296,153.2238,396,0,1.455292
ranks,4.757266,150.5395,381,0,1.484017
perce,4.757153,191.9270,536,0,1.403240
gerne,4.757148,187.2842,528,0,1.428078
blash,4.757145,178.3538,495,0,1.432613
sonne,4.757135,158.4566,376,0,1.551620
staph,4.757127,197.5425,532,0,1.463715
hauns,4.757048,161.5883,428,0,1.421598
foyer,4.757021,150.7659,330,1,1.588337
unapt,4.757011,156.1931,411,0,1.422894
manul,4.756976,167.6471,461,0,1.406479
surer,4.756916,161.5667,416,1,1.550972
sound,4.756868,188.1369,551,1,1.392225
trayf,4.756745,150.7978,404,0,1.474298
fains,4.756664,161.1132,423,0,1.465659
blits,4.756614,172.7616,486,0,1.405832
fents,4.756528,154.2181,386,0,1.487689
modes,4.756167,155.4225,366,0,1.478402
elvan,4.756130,157.7793,345,0,1.563499
skirl,4.756117,152.2700,355,0,1.480346
roked,4.756057,157.8225,401,0,1.535205
orval,4.755685,148.0739,349,0,1.535205
sizer,4.755551,140.0505,343,0,1.618790
boney,4.755548,164.5810,373,1,1.554860
gaped,4.755491,161.3516,403,0,1.484881
rajes,4.755173,126.4981,319,0,1.654428
calms,4.755119,172.6285,473,0,1.416847
basti,4.755108,152.3218,397,0,1.495248
vealy,4.755084,157.3542,363,0,1.614687
losel,4.755031,149.5987,353,0,1.492657
bices,4.754936,147.7905,360,0,1.480994
usher,4.754501,136.2959,333,1,1.572786
lefts,4.754457,149.2419,366,0,1.495032
harms,4.754397,159.4786,396,0,1.451836
brith,4.754275,174.8575,478,0,1.420734
ramus,4.754085,151.2056,369,0,1.474298
exalt,4.754076,148.1482,351,1,1.607343
glued,4.753351,183.8095,473,0,1.420950
wades,4.753108,145.7317,361,0,1.535637
terts,4.752957,155.1598,391,0,1.530238
inula,4.752786,152.3339,340,0,1.497624
blots,4.752213,168.1801,455,0,1.412311
liven,4.752152,165.9711,417,0,1.487473
pinto,4.752032,173.9503,479,1,1.392225
relax,4.751829,136.0350,318,1,1.642333
absey,4.751822,135.2056,288,0,1.609719
clegs,4.751738,152.6847,354,0,1.474730
kines,4.751606,156.5352,383,0,1.481857
pesty,4.751015,164.3607,374,0,1.549676
buist,4.750800,200.2354,575,0,1.373866
chyle,4.749934,156.6855,375,0,1.480130
warty,4.749918,158.8281,395,1,1.533693
ragus,4.749868,148.0609,353,0,1.476458
rakee,4.749779,151.1961,427,0,1.548812
rinds,4.749513,161.9451,389,0,1.424406
tigon,4.749376,185.5417,514,0,1.372354
sarky,4.749162,162.4030,414,0,1.558963
sixer,4.749104,141.5184,350,0,1.619870
noyed,4.749077,159.0216,355,0,1.493089
flary,4.748933,165.4544,407,0,1.554212
luach,4.748883,181.9391,494,0,1.415551
stirk,4.748795,165.2004,428,0,1.493737
fibre,4.748522,161.8225,421,1,1.511663
slack,4.748471,192.5836,535,1,1.466307
ulnad,4.748445,169.7300,430,0,1.408639
tryma,4.748229,151.1253,382,0,1.475810
huias,4.748184,149.2575,344,0,1.455724
poker,4.748074,158.9948,384,1,1.553132
zonae,4.748023,134.8704,278,0,1.609935
indue,4.747921,160.2803,373,0,1.482073
taxes,4.747819,135.6825,344,0,1.596760
scrip,4.747758,170.4903,448,0,1.420086
panic,4.747434,171.9451,453,1,1.419870
worts,4.747143,172.2017,462,0,1.442333
prore,4.747071,168.7607,455,0,1.523326
dicta,4.746869,160.3901,396,0,1.437149
betid,4.746868,172.3901,423,0,1.472138
sanko,4.746800,163.4950,430,0,1.474298
gleet,4.746700,175.3413,477,0,1.383585
prems,4.746640,164.3210,406,0,1.511879
domal,4.746460,177.2765,448,0,1.418143
rival,4.746361,151.2618,327,1,1.523758
sprag,4.746139,160.0004,413,0,1.471706
buras,4.746117,156.5819,367,0,1.489633
grays,4.745869,144.5931,367,0,1.488121
ganef,4.745783,162.5810,397,0,1.500216
dowse,4.745247,163.8898,404,0,1.475810
camis,4.745038,163.4492,411,0,1.424838
rangy,4.745028,168.6726,403,0,1.514903
lubes,4.744980,159.7006,399,0,1.463715
diker,4.744923,159.1762,391,0,1.528942
loves,4.744707,146.6959,342,0,1.524406
lidos,4.744624,153.1857,394,0,1.392009
camos,4.744596,163.6799,417,0,1.430454
plasm,4.744548,187.2626,521,0,1.404104
loral,4.744401,151.8855,361,0,1.508207
capul,4.744121,180.7927,504,0,1.385313
deres,4.744056,173.1330,469,0,1.432397
melty,4.744005,158.1102,354,0,1.541253
urged,4.743952,175.1287,454,0,1.477970
sorra,4.743935,156.9231,382,0,1.533045
rupia,4.743923,154.1456,348,0,1.503888
saola,4.743919,155.8959,433,0,1.476458
horny,4.743911,170.5197,436,1,1.461987
crusy,4.743788,165.2540,444,0,1.451188
estop,4.743539,153.6790,374,0,1.534989
vaned,4.743399,165.1495,423,0,1.509719
sleep,4.743389,190.5888,522,1,1.393952
sling,4.743368,177.3240,510,1,1.421598
malty,4.743331,174.4315,465,0,1.491145
shark,4.743157,178.5870,434,1,1.505832
quare,4.743100,128.8419,302,0,1.656156
lauch,4.743023,181.0864,494,0,1.410367
etage,4.742991,154.3339,401,0,1.473002
novel,4.742791,155.6713,371,1,1.509935
craws,4.742661,160.1058,408,0,1.478402
spiry,4.742312,174.0333,448,0,1.498704
tondi,4.742276,176.3443,502,0,1.395464
sairs,4.742164,143.7317,350,0,1.543413
sonse,4.742097,158.9292,376,0,1.549244
aglee,4.741979,163.2134,435,0,1.475810
pomes,4.741929,167.0467,388,0,1.472570
giust,4.741910,200.3814,579,0,1.357235
speer,4.741842,182.9559,486,0,1.479050
ducat,4.741831,171.8121,445,0,1.397624
coady,4.741822,165.8389,440,0,1.479698
afros,4.741808,144.0073,328,0,1.504968
ahind,4.741806,183.5080,453,0,1.417063
whose,4.741742,172.8160,396,1,1.491577
puree,4.741651,183.2143,516,1,1.430886
cruve,4.741627,166.9706,447,0,1.510583
pulao,4.741616,162.5577,346,0,1.452916
drawl,4.741342,164.7564,433,1,1.464795
ladle,4.741201,164.5205,434,1,1.515983
carks,4.741105,170.7028,436,0,1.465227
nudes,4.740642,154.3365,379,0,1.458747
drees,4.740536,173.5555,469,0,1.440821
peres,4.740530,180.3477,486,0,1.428726
idola,4.740388,148.1585,337,0,1.515767
homes,4.740300,157.2454,359,0,1.471058
meiny,4.740173,173.5624,424,0,1.532829
scrab,4.740151,151.5538,381,0,1.490497
brads,4.740070,157.7551,391,0,1.480346
rhyta,4.739987,153.1434,354,0,1.490065
lases,4.739802,138.4497,344,0,1.574082
grisy,4.739790,161.4441,429,0,1.473218
anglo,4.739772,166.7771,395,0,1.441685
meous,4.739673,152.1369,331,0,1.493521
foyle,4.739656,151.5641,334,0,1.518790
argus,4.739541,148.8160,353,0,1.476242
march,4.739353,188.0972,491,1,1.426998
modal,4.739225,177.6004,448,1,1.420302
wents,4.739213,159.3888,399,0,1.470626
lysed,4.739138,148.1784,362,0,1.478402
sloes,4.739132,148.3840,353,0,1.545356
spued,4.739104,177.3499,464,0,1.451836
heady,4.738957,153.2635,343,1,1.579482
tabid,4.738850,173.2635,448,0,1.405184
freet,4.738846,186.6052,511,0,1.443844
puris,4.738761,172.4272,441,0,1.402808
merch,4.738684,179.9356,447,0,1.477106
final,4.738581,176.2510,452,1,1.450972
flake,4.738472,165.6030,406,1,1.547948
dimes,4.738388,159.3508,385,0,1.448380
sheaf,4.738321,160.2130,349,0,1.558099
drank,4.738236,169.8596,446,1,1.450540
dowar,4.738154,175.7145,423,0,1.459395
uneth,4.738131,166.9421,378,0,1.467171
arvos,4.738030,148.4048,365,0,1.511231
croup,4.738007,188.3019,525,1,1.375594
meynt,4.737875,157.5028,380,0,1.466307
cults,4.737860,177.3084,488,0,1.370842
magot,4.737383,170.5274,445,0,1.416199
chapt,4.737355,203.3991,553,0,1.393089
flans,4.737258,164.1844,441,0,1.452700
lathy,4.737229,162.3952,441,0,1.497840
abord,4.737102,170.8497,412,0,1.465011
foray,4.737086,159.1667,370,1,1.553132
trist,4.736726,179.4501,492,0,1.434989
guiro,4.736588,164.5274,427,0,1.426566
sprod,4.736569,175.3326,478,0,1.409935
urban,4.736566,158.4194,390,1,1.444924
yerds,4.736447,142.1136,335,0,1.536069
apish,4.736384,178.3564,438,0,1.420302
gorsy,4.736152,174.3659,451,0,1.464795
prees,4.736052,180.9844,486,0,1.437149
torta,4.735969,160.9940,384,0,1.504536
fural,4.735722,159.9952,374,0,1.494600
bolts,4.735711,170.6994,455,0,1.400648
taxor,4.735694,146.3132,376,0,1.523758
trass,4.735664,157.7551,430,0,1.510151
mercy,4.735620,165.5892,355,1,1.542117
piker,4.735585,159.5512,385,0,1.525270
savin,4.735097,169.4423,445,0,1.458531
cered,4.734999,193.9719,538,0,1.395464
hyena,4.734753,146.2691,339,1,1.541469
sangh,4.734749,183.2989,507,0,1.411663
fogle,4.734637,167.8907,416,0,1.476458
guard,4.734455,172.6156,448,1,1.430670
tuart,4.734426,168.2536,435,0,1.465875
trets,4.734335,158.4479,391,0,1.538661
clype,4.734248,160.3210,405,0,1.453996
iller,4.734147,146.8773,334,0,1.566523
hurts,4.734121,189.6013,484,0,1.405832
mount,4.734091,197.5832,560,1,1.355508
styme,4.734003,148.8860,353,0,1.528294
these,4.733901,194.2803,535,1,1.404968
adopt,4.733875,157.5184,386,1,1.433693
tarts,4.733840,162.2622,430,0,1.480130
eased,4.733591,150.6674,395,0,1.468251
meter,4.733554,174.0281,462,1,1.448380
daven,4.733240,165.7680,423,0,1.507559
milts,4.733193,168.8989,465,0,1.371922
regie,4.732990,171.8708,469,0,1.441901
testa,4.732941,154.0168,347,0,1.549460
oller,4.732737,146.3313,345,0,1.579266
cutis,4.732671,185.2505,527,0,1.374298
genre,4.732625,189.0052,528,1,1.416415
towed,4.732477,168.6423,422,0,1.470842
flues,4.732372,165.0052,415,0,1.474730
heres,4.732370,170.0955,456,0,1.427214
odyle,4.732142,145.7629,322,0,1.512743
splay,4.732066,182.0030,488,0,1.499352
byres,4.732033,147.0415,345,0,1.534125
huger,4.731841,166.3296,418,0,1.492441
began,4.731812,173.9322,394,1,1.498704
wiper,4.731719,167.1443,413,0,1.519006
witan,4.731549,170.4307,434,0,1.430454
opens,4.731531,154.8307,360,0,1.508207
sixte,4.731464,160.5171,418,0,1.553564
unces,4.731426,148.2156,350,0,1.466091
wains,4.731253,164.2916,430,0,1.448596
amins,4.731171,162.1905,402,0,1.448596
brume,4.731131,175.0916,466,0,1.496112
taals,4.731113,173.0112,493,0,1.434557
nerks,4.730974,144.1836,347,0,1.524622
decry,4.730826,160.0773,363,1,1.550972
takis,4.730797,156.1516,425,0,1.456803
peaks,4.730397,164.8039,375,0,1.521382
aedes,4.730106,155.9581,395,0,1.450972
archi,4.730023,147.8760,345,0,1.499568
comas,4.729921,168.1508,417,0,1.431749
often,4.729841,152.0721,358,1,1.493305
roars,4.729757,148.8661,382,0,1.501728
mirth,4.729716,178.1603,464,1,1.383585
sugan,4.729583,181.7533,468,0,1.421166
walis,4.729467,154.7909,404,0,1.452484
roshi,4.729274,143.0337,348,0,1.471058
glory,4.729057,167.3136,410,1,1.474298
rebop,4.728778,160.5827,402,0,1.501080
tabun,4.728516,170.7305,455,0,1.387041
turds,4.728514,168.8808,443,0,1.404104
netes,4.728304,159.8683,439,0,1.409503
fiery,4.728233,154.9430,324,1,1.589417
pluto,4.728020,177.9572,468,0,1.357883
skyre,4.728002,145.0060,358,0,1.563931
cawed,4.727993,162.1914,410,0,1.494168
liefs,4.727987,156.2164,356,0,1.488121
tozie,4.727564,138.1197,321,0,1.550108
corms,4.727456,180.0661,453,0,1.402160
macon,4.727450,176.5413,456,0,1.400648
antar,4.727322,157.4536,407,0,1.434125
crims,4.727210,165.8337,426,0,1.410583
tulpa,4.727021,164.0419,407,0,1.428726
cleik,4.726908,176.1957,417,0,1.479266
shily,4.726906,180.4479,496,0,1.451404
login,4.726669,186.4799,510,1,1.373218
erhus,4.726593,143.0976,333,0,1.546436
soars,4.726473,149.1849,382,0,1.558099
repel,4.726370,173.7335,451,1,1.436933
korai,4.726271,137.4095,292,0,1.549028
dints,4.726252,180.5473,513,0,1.367387
flint,4.726028,193.8173,535,1,1.398704
sprew,4.726001,170.7503,444,0,1.517711
lordy,4.725949,169.7611,412,0,1.480130
units,4.725912,177.1279,506,0,1.390713
arvee,4.725873,174.6095,476,0,1.533693
lycra,4.725872,147.8933,324,0,1.490497
roost,4.725833,184.8670,497,1,1.434557
hasty,4.725745,175.0259,466,1,1.498056
dowel,4.725702,171.3663,419,1,1.462635
gilts,4.725694,169.5935,463,0,1.374514
fenis,4.725484,159.6540,374,0,1.483153
aptly,4.725228,169.6143,438,1,1.471490
swipe,4.725135,176.2423,441,0,1.484233
narks,4.724966,151.0579,381,0,1.474514
kyrie,4.724944,133.6946,302,0,1.534773
scarf,4.724906,159.3715,403,1,1.496544
vired,4.724729,175.7058,453,0,1.503672
mopes,4.724605,167.3050,388,0,1.464363
vails,4.724438,158.1542,419,0,1.458531
unarm,4.724235,152.2743,379,0,1.452052
trock,4.724127,181.1935,491,0,1.420950
tajes,4.724086,135.7162,340,0,1.590497
techs,4.724077,168.6994,416,0,1.478834
gavel,4.723971,167.1503,423,1,1.526134
typal,4.723923,166.6467,438,0,1.408855
pulas,4.723781,175.5590,449,0,1.424406
runty,4.723764,165.9089,393,0,1.466307
reify,4.723700,156.6743,324,0,1.585313
rusty,4.723620,168.5741,417,1,1.482937
runic,4.723440,171.7240,442,0,1.403240
dobra,4.723364,176.2803,412,0,1.463283
filed,4.723184,181.7257,456,0,1.456156
cetes,4.723169,168.1266,463,0,1.400216
wheal,4.723042,166.3175,350,0,1.532397
azine,4.722850,144.1508,313,0,1.600216
demur,4.722415,176.7555,452,1,1.456587
bourn,4.722394,191.8406,513,0,1.396760
bunce,4.722295,183.8622,467,0,1.431965
raper,4.722236,156.8160,402,0,1.575162
sowed,4.722069,166.0756,404,0,1.496544
malic,4.721841,171.2186,455,0,1.428078
diene,4.721740,196.8022,550,0,1.369762
zlote,4.721565,137.8086,336,0,1.548380
sitka,4.721414,167.3620,425,0,1.486825
trows,4.721336,169.1633,462,0,1.446868
crogs,4.721292,164.9948,428,0,1.419654
nipas,4.721171,158.9257,401,0,1.433261
aarti,4.721153,148.1577,380,0,1.485529
stagy,4.721110,165.6652,444,0,1.514471
ratas,4.720784,160.8289,430,0,1.464579
sulci,4.720728,172.8160,467,0,1.395896
drier,4.720721,179.4570,463,1,1.510583
atmos,4.720643,159.1391,381,0,1.463715
dowie,4.720509,162.3460,374,0,1.485529
smout,4.720455,198.7754,567,0,1.384233
prank,4.720193,173.8691,451,1,1.446868
cramp,4.720058,184.1179,498,1,1.419438
deaws,4.719959,154.4341,361,0,1.515119
litho,4.719653,155.1840,392,0,1.407127
pedis,4.719366,165.0700,402,0,1.452916
faith,4.719265,180.6285,472,1,1.425918
scold,4.719245,162.8981,441,1,1.391793
anent,4.719222,155.4544,342,0,1.555940
inker,4.719146,147.8976,343,0,1.565227
madge,4.719120,169.4536,421,0,1.479914
dinos,4.719044,178.1387,481,0,1.368467
hiker,4.718870,150.0834,355,0,1.523758
gofer,4.718859,168.6181,422,0,1.532397
creed,4.718837,195.0138,538,1,1.403888
sworn,4.718690,178.1464,456,1,1.442765
charm,4.718593,193.8216,491,1,1.422246
sakti,4.718516,159.9140,425,0,1.494168
gynie,4.718510,168.0471,395,0,1.468467
hulas,4.718447,163.4458,412,0,1.422894
kades,4.718326,141.1097,349,0,1.525486
inane,4.718245,142.4471,316,1,1.589201
omrah,4.718147,159.9901,374,0,1.454860
fraus,4.717809,154.8393,381,0,1.486825
wafer,4.717672,155.8371,394,1,1.587041
inkle,4.717665,152.2544,385,0,1.495680
ached,4.717443,149.4156,351,0,1.501080
senas,4.717268,150.5706,348,0,1.557667
spend,4.717209,172.2855,418,1,1.465227
aumil,4.717207,170.5378,371,0,1.429806
plume,4.717104,181.7983,468,1,1.427646
topek,4.717078,157.1590,363,0,1.469762
femal,4.716895,172.6173,384,0,1.510583
koans,4.716855,161.9875,430,0,1.453132
pints,4.716813,191.6488,550,0,1.363715
soles,4.716783,149.6670,353,0,1.533693
hints,4.716573,194.6432,560,0,1.362203
mayed,4.716519,161.8354,369,0,1.506695
drabs,4.716386,157.3119,391,0,1.457235
shuln,4.716279,187.5391,520,0,1.354428
guide,4.716241,182.4782,433,1,1.451404
croze,4.716151,157.0674,412,0,1.566091
poilu,4.716147,162.2060,440,0,1.380562
tegus,4.716146,161.7361,401,0,1.462635
bland,4.716058,191.3646,535,1,1.397192
girth,4.716001,178.5870,471,1,1.386177
mavie,4.715874,152.8289,349,0,1.546436
yirth,4.715744,165.2790,408,0,1.413175
lipos,4.715638,161.6799,422,0,1.377970
spike,4.715474,179.2419,443,1,1.492441
spyal,4.715276,181.0104,488,0,1.436501
breds,4.715186,161.2790,402,0,1.515767
saros,4.715145,150.4324,382,0,1.528078
trick,4.715132,181.8467,482,1,1.414471
wiled,4.715051,183.0492,456,0,1.439093
types,4.715026,153.9469,374,0,1.466955
niece,4.715021,173.4674,485,1,1.380994
kaons,4.714883,161.6756,430,0,1.444924
dulia,4.714750,171.4104,370,0,1.445572
mensh,4.714738,172.5015,406,0,1.425486
cloak,4.714669,184.6371,464,1,1.442549
milos,4.714551,163.5400,416,0,1.373002
poach,4.714515,185.2333,483,0,1.410151
zeals,4.714406,144.0730,337,0,1.572786
tetri,4.714357,153.3594,376,0,1.528942
rebus,4.714293,153.4821,363,1,1.510151
erned,4.714077,185.7646,497,0,1.412527
atopy,4.713990,160.2717,379,0,1.490281
owies,4.713972,144.7702,304,0,1.529374
ferly,4.713960,157.6505,344,0,1.597624
agued,4.713533,160.7918,325,0,1.498488
lewis,4.713475,147.2851,353,0,1.485097
heapy,4.713256,156.3581,348,0,1.565011
tachs,4.712870,181.2488,506,0,1.428726
sward,4.712850,168.7253,425,0,1.477970
brach,4.712826,185.7758,493,0,1.450972
buats,4.712796,174.5197,462,0,1.442117
rowme,4.712521,163.1279,425,0,1.515767
axone,4.712501,139.0337,280,0,1.610151
lawin,4.712373,170.9749,455,0,1.425918
lives,4.712241,153.4112,384,0,1.496544
purls,4.712157,174.4151,400,0,1.404104
cnida,4.711960,188.2916,464,0,1.410799
houri,4.711829,150.6795,372,0,1.438877
begot,4.711732,166.8609,403,0,1.467171
wited,4.711717,178.0479,441,0,1.447084
brosy,4.711713,172.2657,468,0,1.477970
saris,4.711698,146.1378,350,0,1.522462
ollie,4.711544,151.8095,314,0,1.508423
muled,4.711541,183.7888,463,0,1.403672
dense,4.711489,180.5654,508,1,1.355292
tulip,4.711131,182.2043,505,1,1.337149
seils,4.710932,158.7970,395,0,1.514039
shakt,4.710906,211.6566,570,0,1.441685
yours,4.710847,160.8704,410,0,1.434557
lound,4.710795,193.1114,540,0,1.345140
borty,4.710750,179.6186,470,0,1.477322
karsy,4.710639,164.2553,414,0,1.509287
crush,4.710621,195.2609,529,1,1.386177
turps,4.710402,187.9477,493,0,1.389633
alifs,4.710324,163.9564,404,0,1.455076
dared,4.710321,157.1149,409,0,1.589201
octad,4.710294,159.5279,375,0,1.426998
prier,4.710290,176.4384,451,0,1.506911
shaft,4.710230,202.1378,544,1,1.439525
sirra,4.710215,152.2631,350,0,1.505184
troll,4.709951,155.6678,403,1,1.431533
farci,4.709890,159.8285,386,0,1.482073
tuism,4.709722,200.9870,576,0,1.336501
flyer,4.709191,152.5611,344,1,1.560691
kalis,4.709148,158.1905,417,0,1.442333
calif,4.709143,183.3525,487,0,1.407343
muirs,4.709123,172.8488,429,0,1.395464
nomas,4.709078,157.1659,393,0,1.441037
elect,4.708906,172.1162,418,1,1.402376
grove,4.708859,172.4929,459,1,1.539093
agons,4.708608,164.8834,398,0,1.450324
ratoo,4.708244,152.1456,384,0,1.486393
bards,4.708117,158.2562,391,0,1.457235
bodes,4.707929,161.4060,381,0,1.479266
penie,4.707605,187.7171,528,0,1.361339
dobes,4.707556,160.8073,381,0,1.461987
vault,4.707285,169.0579,461,1,1.422678
sizel,4.707177,151.9425,388,0,1.525054
knars,4.707102,157.2168,381,0,1.476026
germs,4.706974,160.5905,392,0,1.477754
skied,4.706972,163.7732,416,0,1.482505
toked,4.706779,153.2436,368,0,1.471274
mesic,4.706699,154.1214,352,0,1.458315
pagri,4.706694,158.4194,377,0,1.458747
woald,4.706640,178.6864,475,0,1.411879
wants,4.706615,168.4583,466,0,1.420518
yarer,4.706614,142.5542,327,0,1.607127
foley,4.706521,161.7948,352,0,1.557451
elide,4.706499,178.7140,499,1,1.398272
paven,4.706410,163.4743,409,0,1.503888
grams,4.706393,162.5775,413,0,1.450756
tromp,4.706254,180.3365,494,0,1.387905
tonka,4.705915,168.8428,400,0,1.444492
crepe,4.705876,192.2795,536,1,1.401728
gluey,4.705746,172.0600,412,0,1.494384
gamed,4.705720,172.1084,421,0,1.464795
fanos,4.705448,157.9667,397,0,1.438661
katis,4.705184,157.3922,425,0,1.450324
tanks,4.704819,168.8419,472,0,1.420086
faced,4.704795,159.2687,392,0,1.492873
spurn,4.704747,181.8605,463,1,1.401728
crews,4.704708,160.5862,387,0,1.513823
lakin,4.704466,170.9153,457,0,1.426350
could,4.704455,198.5274,557,1,1.320518
crudo,4.704379,191.1287,524,0,1.366523
picas,4.704271,168.1084,420,0,1.411447
proyn,4.704260,174.7192,479,0,1.389201
siles,4.704095,156.3322,395,0,1.505832
hutia,4.704027,171.6454,388,0,1.448380
azure,4.703830,136.4341,297,1,1.613823
amate,4.703825,161.0354,405,0,1.492225
curve,4.703754,172.1335,447,1,1.492657
tangy,4.703553,177.3853,466,1,1.450972
atilt,4.703499,174.5516,448,0,1.434341
amino,4.703354,171.2056,390,0,1.477106
hyles,4.703094,144.6467,325,0,1.467387
delft,4.703012,170.8324,412,0,1.436069
roups,4.702712,176.6587,464,0,1.403240
dover,4.702661,181.6315,463,0,1.541901
tinds,4.702626,181.9123,513,0,1.360475
epics,4.702609,173.4864,398,0,1.472354
warre,4.702565,165.4320,446,0,1.537365
dewan,4.702402,173.5624,404,0,1.475162
glike,4.702168,176.0471,447,0,1.461555
scene,4.701977,172.0989,471,1,1.411015
pokie,4.701827,150.7875,320,0,1.482289
ombre,4.701763,162.5361,411,1,1.506263
leavy,4.701700,160.1171,363,0,1.599352
graze,4.701619,153.8311,401,1,1.599784
blued,4.701123,192.7521,489,0,1.419222
stilb,4.700978,174.1274,486,0,1.420302
semie,4.700975,171.2618,477,0,1.401512
galop,4.700863,171.4743,435,0,1.397624
chere,4.700757,196.2855,540,0,1.411447
hakes,4.700525,145.2246,333,0,1.526350
muted,4.700503,178.7019,440,0,1.411663
salvo,4.700089,157.5728,408,1,1.485961
avens,4.699801,149.3188,335,0,1.536717
twyer,4.699750,152.6276,341,0,1.532181
speel,4.699736,192.7175,522,0,1.385313
jeats,4.699720,144.6328,340,0,1.576242
culti,4.699710,170.3728,464,0,1.377970
skiey,4.699485,156.1438,353,0,1.555940
pyats,4.699434,174.6527,465,0,1.417063
rewth,4.699386,171.8726,428,0,1.493952
salol,4.699004,165.4570,433,0,1.461339
sites,4.698818,164.9482,421,0,1.513823
seeld,4.698565,182.7598,486,0,1.392873
roved,4.698548,181.4078,463,0,1.520302
reave,4.698541,174.3011,476,0,1.517495
pratt,4.698426,186.2337,504,0,1.431102
hurls,4.698311,167.6860,351,0,1.402592
yuans,4.698217,157.7672,410,0,1.429590
faker,4.698120,152.3149,377,0,1.599136
gonad,4.698103,198.8747,485,1,1.386177
blude,4.698101,189.3292,489,0,1.431533
barer,4.698077,167.6981,431,0,1.578402
caked,4.698009,163.6799,409,0,1.494600
wurst,4.697999,193.4907,508,0,1.382721
bruin,4.697974,183.0000,486,0,1.384233
sicht,4.697748,212.6458,612,0,1.387257
ephor,4.697621,153.0812,348,0,1.526566
kents,4.697442,156.3287,388,0,1.460475
douts,4.697275,183.0501,513,0,1.360691
kidel,4.697244,172.5827,436,0,1.429158
linga,4.697200,178.0886,433,0,1.442117
furan,4.697026,165.2333,395,0,1.446652
noose,4.696969,161.0683,376,1,1.500864
rearm,4.696771,165.0648,412,1,1.522246
situp,4.696725,206.6371,590,0,1.357883
leper,4.696724,177.2376,451,1,1.445356
girsh,4.696620,180.2743,458,0,1.371922
algid,4.696463,195.3853,486,0,1.389417
vital,4.696125,164.8575,417,1,1.450324
yonis,4.695822,161.1348,438,0,1.388337
norms,4.695756,165.6073,409,0,1.411447
brays,4.695697,151.7084,379,0,1.486393
tress,4.695665,157.8475,391,0,1.545572
whine,4.695624,180.3279,452,1,1.458099
dicey,4.695335,164.9413,371,1,1.496112
guano,4.695200,174.0168,401,0,1.431102
yipes,4.695158,153.7741,350,0,1.466091
puces,4.695120,176.2302,431,0,1.422894
vials,4.695019,161.5477,419,0,1.445356
temse,4.694889,183.4752,516,0,1.366091
spado,4.694659,161.8086,399,0,1.445572
dorba,4.694482,175.7361,412,0,1.458531
frons,4.694175,168.1620,436,0,1.433045
taluk,4.693580,166.7287,450,0,1.409503
trugs,4.693369,175.4501,465,0,1.393305
trill,4.693167,159.5771,397,0,1.425054
flirs,4.693079,163.4268,363,0,1.448164
drift,4.693074,194.8626,526,1,1.379698
uhlan,4.693053,162.3486,413,0,1.396976
manly,4.692877,185.5832,506,1,1.451404
agios,4.692762,148.9620,331,0,1.486177
retem,4.692550,176.2017,462,0,1.411231
snift,4.692517,206.9724,583,0,1.379050
fraim,4.692484,168.6371,408,0,1.448380
pricy,4.692442,186.0419,499,0,1.421382
armer,4.692426,165.9555,412,0,1.554860
conus,4.692183,192.8194,534,0,1.344708
haven,4.692157,156.1784,377,1,1.502376
yulan,4.692114,164.3434,427,0,1.416631
greys,4.691807,144.7607,329,0,1.523542
duits,4.691798,190.7935,541,0,1.351188
garms,4.691679,166.2950,413,0,1.427646
strow,4.691523,175.1711,462,0,1.454212
totes,4.691487,158.0540,372,0,1.494816
badge,4.691324,177.2056,436,1,1.480778
hauld,4.691155,175.3076,472,0,1.370194
flors,4.691086,160.7063,371,0,1.454644
bides,4.691080,165.2773,399,0,1.451404
ferny,4.691019,163.7974,355,0,1.559611
irked,4.691004,162.2769,391,0,1.506048
minge,4.690883,188.2985,466,0,1.436285
monad,4.690349,188.1240,462,0,1.383585
herbs,4.690275,159.5538,387,0,1.479050
drawn,4.689922,177.7421,461,1,1.416847
belga,4.689790,173.5512,384,0,1.517711
rasta,4.689765,162.3961,430,0,1.458747
churl,4.689723,189.0553,444,0,1.372138
bacon,4.689526,179.8959,459,1,1.401512
items,4.689445,154.3918,339,0,1.504104
kains,4.689313,168.4065,444,0,1.438445
treyf,4.689192,155.5443,335,0,1.509719
fames,4.688839,150.9274,360,0,1.518575
nifes,4.688580,157.9866,374,0,1.463067
oaked,4.688466,138.6683,272,0,1.557883
plays,4.688463,178.4721,488,0,1.417927
matte,4.688421,165.2799,405,0,1.500000
green,4.688345,196.4808,528,1,1.402376
duces,4.688143,161.1253,390,0,1.426566
ileum,4.688127,158.4073,339,0,1.457451
pouts,4.688122,199.7473,557,0,1.357019
elfin,4.687962,181.0147,411,1,1.469114
bemas,4.687873,162.3918,355,0,1.505616
kerma,4.687730,154.4376,357,0,1.546652
soras,4.687636,155.6428,382,0,1.529374
oleum,4.687628,158.1499,344,0,1.470194
naked,4.687523,153.2359,376,0,1.503888
nonet,4.687516,162.3996,397,0,1.494168
kolas,4.687239,160.8272,399,0,1.449244
allot,4.687202,171.0942,418,1,1.432613
sheen,4.687167,189.3620,504,1,1.369546
darbs,4.686972,157.5097,391,0,1.434125
terfe,4.686886,187.1978,511,0,1.414039
chave,4.686872,178.3667,430,0,1.512095
slopy,4.686756,191.3145,530,0,1.431749
dwine,4.686728,198.2458,511,0,1.438661
thegn,4.686476,182.5136,438,0,1.421166
bronc,4.686476,188.4626,518,0,1.392441
levin,4.686213,172.8600,417,0,1.461555
waurs,4.686187,153.5659,370,0,1.462203
coxae,4.686155,146.0799,291,0,1.581425
rahui,4.686020,134.2467,252,0,1.505184
caaed,4.685594,172.8073,456,0,1.471058
manty,4.685578,177.0916,464,0,1.454644
abele,4.685496,175.1443,457,0,1.442765
carta,4.685280,175.0994,473,0,1.423326
clank,4.684995,200.0436,548,1,1.407127
stich,4.684935,218.8315,612,0,1.407775
about,4.684918,167.0225,369,1,1.443197
shive,4.684877,178.5836,450,0,1.499784
otter,4.684755,155.0406,378,1,1.560475
lweis,4.684585,156.2406,353,0,1.474946
predy,4.684412,181.7041,442,0,1.527214
birth,4.684272,183.5495,478,1,1.384449
groma,4.684243,173.4052,403,0,1.466955
pardy,4.684224,182.2354,467,0,1.468683
balun,4.684086,180.2812,483,0,1.395896
foils,4.683579,170.7140,452,0,1.396328
psion,4.683433,182.3339,487,0,1.372354
boric,4.683273,172.3650,463,0,1.414255
poynt,4.683122,189.5305,536,0,1.337149
eyrie,4.683094,143.6834,358,0,1.458747
freak,4.683023,165.1287,377,1,1.571922
tongs,4.682975,183.3914,513,0,1.359611
laari,4.682945,151.7715,342,0,1.499784
eider,4.682847,180.8972,463,0,1.446868
padis,4.682736,166.7296,420,0,1.402808
fluor,4.682719,176.6294,444,0,1.401728
scopa,4.682339,170.6942,401,0,1.458315
perdu,4.682248,171.8173,437,0,1.457667
debur,4.681791,186.6518,471,0,1.442333
lethe,4.681641,173.4354,449,0,1.380778
skyer,4.681542,150.8644,358,0,1.553996
ihram,4.681457,157.7533,343,0,1.444060
awols,4.681436,163.8803,398,0,1.449460
laxes,4.681251,138.8652,338,0,1.575378
gnome,4.680926,180.2527,429,1,1.445356
durns,4.680760,174.7521,424,0,1.369762
vleis,4.680659,160.6397,384,0,1.479698
genic,4.680456,175.4294,422,0,1.444276
pewit,4.679682,174.3270,434,0,1.434341
barps,4.679483,167.0605,432,0,1.442765
roses,4.679365,149.6479,361,0,1.552052
denim,4.679211,189.8320,444,1,1.411231
kited,4.679205,166.0514,409,0,1.436933
total,4.678720,167.2238,418,1,1.436717
guans,4.678694,183.3870,468,0,1.402592
tranq,4.678627,152.7477,400,0,1.487905
psoai,4.678502,149.1970,311,0,1.503672
prods,4.678490,178.9870,478,0,1.392225
prism,4.678371,185.0873,497,1,1.377970
bayed,4.678347,166.9127,377,0,1.507559
elogy,4.677988,173.4898,436,0,1.543197
demon,4.677982,178.4549,402,1,1.419006
masty,4.677848,179.1028,473,0,1.471274
scrim,4.677503,168.6501,426,0,1.396328
chout,4.677479,220.0220,609,0,1.332397
corgi,4.677432,170.1361,453,0,1.411879
pumie,4.677363,180.6069,416,0,1.420950
reney,4.677297,167.6592,401,0,1.487689
senna,4.677275,155.4130,348,0,1.567819
nicad,4.677087,182.6242,464,0,1.387473
amene,4.677004,167.0458,431,0,1.422894
elder,4.676995,176.6017,456,1,1.447084
rudis,4.676787,170.9283,418,0,1.386177
houts,4.676669,204.0920,571,0,1.355508
genty,4.676561,171.8492,374,0,1.507343
arris,4.676411,151.0467,350,0,1.465875
liths,4.676336,173.6151,475,0,1.378618
chord,4.676257,208.3408,566,1,1.354212
diver,4.676227,182.3598,453,1,1.514039
folia,4.676164,166.7443,373,0,1.493952
froth,4.675940,192.4661,526,1,1.393305
ogled,4.675915,166.6890,392,0,1.446004
lowan,4.675887,171.4190,417,0,1.432829
hover,4.675810,167.6566,407,1,1.536717
urdee,4.675749,188.5387,530,0,1.416199
mower,4.675722,176.1870,425,1,1.524406
deice,4.675588,194.1084,543,0,1.347084
silex,4.675578,154.8972,392,0,1.515767
amity,4.675450,169.6004,419,1,1.473866
simul,4.674907,187.5037,524,0,1.339741
curly,4.674819,178.3374,399,1,1.444276
tunic,4.674638,191.8752,534,1,1.339309
flour,4.674513,174.8609,444,1,1.407991
flyte,4.674035,156.0402,362,0,1.494384
cymar,4.673921,174.7978,442,0,1.398488
tikas,4.673843,161.8035,425,0,1.435853
lazes,4.673668,139.1080,337,0,1.574298
nance,4.673662,161.4907,404,0,1.507991
stoat,4.673515,176.5119,445,0,1.476674
malus,4.673445,172.3909,459,0,1.404104
brond,4.672670,202.4687,546,0,1.377538
tulle,4.672652,169.3205,424,1,1.444708
fogie,4.672493,167.1227,371,0,1.475162
spark,4.672202,188.8937,474,1,1.473650
siege,4.672200,184.3832,497,1,1.401080
kants,4.672192,169.6445,472,0,1.410367
genet,4.672165,198.0911,548,0,1.341901
margs,4.672026,166.0851,413,0,1.427646
gleba,4.671815,175.6592,384,0,1.499136
ileal,4.671789,157.2341,304,0,1.566091
syker,4.671679,150.4868,358,0,1.553132
udals,4.671662,158.9006,410,0,1.417279
tubed,4.671490,186.1732,469,0,1.395680
wages,4.671485,152.7762,362,0,1.503672
ulpan,4.671414,172.2147,428,0,1.383369
spoke,4.671374,172.7685,391,1,1.498920
vines,4.671373,167.0821,411,0,1.463931
pekan,4.671366,165.9002,368,0,1.471922
hotly,4.671106,180.0454,478,1,1.415335
veale,4.671106,183.5218,502,0,1.447516
sdayn,4.670789,164.4030,444,0,1.415551
cowal,4.670753,182.2104,458,0,1.418143
coven,4.670657,181.1857,423,1,1.452700
guyle,4.670654,173.7741,412,0,1.441037
nabis,4.670590,157.6393,400,0,1.419870
mirly,4.670545,173.8683,383,0,1.445356
passe,4.670348,172.2294,418,0,1.507343
abyes,4.670345,136.6648,288,0,1.527862
speak,4.670298,179.8536,375,1,1.542549
palea,4.670047,168.9965,427,0,1.481210
coign,4.670027,209.0959,588,0,1.335853
micro,4.670008,174.7762,452,1,1.378186
lubra,4.669920,163.6747,375,0,1.465011
proud,4.669913,201.7499,556,1,1.343197
clods,4.669892,171.4397,441,0,1.352484
skint,4.669758,205.7300,583,0,1.392009
neifs,4.669661,162.4065,374,0,1.462635
sizar,4.669344,144.4575,343,0,1.521814
foyne,4.669218,161.2203,349,0,1.480778
rager,4.669212,161.8821,408,0,1.557235
perdy,4.669206,182.0773,442,0,1.518790
pilau,4.669155,161.9261,351,0,1.432829
solum,4.669121,194.1870,536,0,1.353996
bruts,4.668987,182.6302,481,0,1.397840
rowts,4.668969,174.5050,462,0,1.417495
ontic,4.668962,172.8765,462,0,1.381857
okras,4.668673,149.0242,347,0,1.488337
thang,4.668591,186.6173,508,0,1.389417
seiza,4.668546,138.1594,278,0,1.617279
goads,4.668424,162.4739,413,0,1.413823
potsy,4.668223,194.9827,540,0,1.405832
blend,4.668201,183.8544,449,1,1.432613
sodic,4.668039,167.1996,461,0,1.386825
fasti,4.668017,164.5266,417,0,1.461339
nould,4.667903,193.0631,540,0,1.329806
lowed,4.667826,175.3654,419,0,1.449460
algae,4.667756,178.6484,435,1,1.473434
withe,4.667605,168.0886,418,0,1.454428
knaur,4.667599,157.5572,400,0,1.429374
ghats,4.667230,187.2834,503,0,1.401080
arnas,4.667224,158.0825,408,0,1.419870
thraw,4.667001,179.7620,450,0,1.427214
scraw,4.666964,164.4592,408,0,1.460259
musit,4.666915,209.4674,576,0,1.330022
sloot,4.666874,191.7983,529,0,1.384017
ethos,4.666858,159.4181,396,1,1.536069
ovine,4.666800,164.3572,341,1,1.528726
vraic,4.666744,165.0086,407,0,1.465659
dynes,4.666723,156.4955,368,0,1.436069
rivas,4.666565,149.4907,330,0,1.484881
banco,4.666279,181.4156,459,0,1.408207
seely,4.666246,177.3749,449,0,1.466307
punas,4.665820,179.1080,454,0,1.387905
patch,4.665799,206.1732,553,1,1.370626
meres,4.665461,180.7901,476,0,1.400432
bitos,4.665345,171.6540,454,0,1.381857
owsen,4.665274,164.8523,344,0,1.467603
braze,4.665237,161.5702,426,0,1.598056
atimy,4.665196,170.2959,419,0,1.466955
vairy,4.665189,159.6013,371,0,1.522030
atomy,4.665171,169.5745,412,0,1.473434
helps,4.665159,168.3814,400,0,1.426134
spacy,4.665116,192.9179,522,0,1.452700
carby,4.664976,177.6497,444,0,1.470626
bluey,4.664667,180.2527,425,0,1.492657
styli,4.664624,162.8773,422,0,1.433909
rello,4.664624,147.9797,345,0,1.534989
puton,4.664460,196.8471,532,0,1.314687
aware,4.664228,166.0462,446,1,1.524838
banty,4.664125,181.5028,468,0,1.455508
naira,4.663797,157.6644,389,0,1.449028
leery,4.663702,161.9210,373,1,1.498704
scapi,4.663444,170.9793,420,0,1.449244
cangs,4.663279,176.2423,465,0,1.382937
angry,4.663214,173.2713,403,1,1.476674
unbar,4.663195,162.0773,390,0,1.423758
creep,4.663186,198.3451,536,1,1.380130
elope,4.663091,169.6238,448,1,1.390281
wames,4.663087,154.6665,368,0,1.501512
rived,4.662856,183.4156,453,0,1.492441
whort,4.662583,210.7417,551,0,1.377106
bowet,4.662550,179.1374,439,0,1.460691
lysin,4.662511,172.8497,459,0,1.347516
hemin,4.662413,176.5076,397,0,1.408207
limos,4.662379,164.6190,416,0,1.357883
rusma,4.662295,166.7417,369,0,1.455940
ducal,4.662144,187.6721,490,0,1.368467
cokes,4.662004,161.5546,357,0,1.476674
conga,4.661635,191.2099,455,0,1.407343
girly,4.661463,176.5603,397,1,1.447948
drops,4.661343,179.3317,478,0,1.381425
livor,4.661214,163.2877,383,0,1.423542
frith,4.661110,193.7222,517,0,1.386825
cunts,4.661073,194.4687,543,0,1.334341
veins,4.661063,169.3430,411,0,1.470626
grebo,4.660959,171.3568,424,0,1.491793
stupa,4.660839,192.3892,462,0,1.450540
genip,4.660828,190.4143,470,0,1.405616
dwelt,4.660397,176.2035,412,1,1.429158
gaids,4.660335,169.8475,430,0,1.399136
poind,4.660215,213.4181,599,0,1.330238
gadso,4.660161,164.4436,413,0,1.395896
rings,4.660109,175.9210,410,0,1.395680
vicar,4.659635,166.5499,407,1,1.437581
luged,4.659599,190.6320,473,0,1.390713
cibol,4.659421,190.4531,513,0,1.319870
gulas,4.659395,178.5257,444,0,1.398704
slink,4.659376,197.4587,549,1,1.394816
dahls,4.659191,160.0713,421,0,1.397408
uplit,4.659098,185.0484,505,0,1.327646
dogan,4.659068,200.6579,485,0,1.372354
stong,4.659002,186.5352,513,0,1.409503
gnash,4.658996,189.9987,507,1,1.367387
dopas,4.658553,167.0631,399,0,1.399352
topic,4.658501,175.1918,477,1,1.347084
scrog,4.658222,166.1654,428,0,1.402592
omens,4.658107,157.4484,368,0,1.482505
brags,4.658039,168.6622,422,0,1.451620
grind,4.658039,219.4674,571,1,1.372786
gamey,4.657986,167.3594,360,0,1.538229
cloud,4.657604,200.1689,557,1,1.303456
choli,4.657511,181.5987,478,0,1.371274
quale,4.657434,145.7317,324,0,1.576674
hoyas,4.657372,158.9516,377,0,1.418575
sails,4.657363,166.9888,450,0,1.463931
yurts,4.657319,171.6825,417,0,1.408639
drips,4.657311,181.5244,472,0,1.374946
turms,4.657222,188.0531,469,0,1.372786
binge,4.657029,196.0739,494,1,1.437149
volta,4.657001,164.3564,391,0,1.453348
shove,4.656655,172.8886,400,1,1.506263
fiere,4.656306,179.7957,489,0,1.422246
rises,4.656231,148.6657,351,0,1.524190
melba,4.656221,175.1210,382,0,1.491361
alums,4.656184,179.4518,459,0,1.397624
ceder,4.656079,199.6229,538,0,1.396760
glads,4.656043,177.9495,467,0,1.386177
duroc,4.656033,193.2756,524,0,1.337581
twerp,4.656025,175.2108,427,0,1.463931
obied,4.655860,168.1585,356,0,1.465443
waker,4.655754,155.0294,387,0,1.582073
sloyd,4.655741,175.1737,484,0,1.378834
ylike,4.655734,152.9672,365,0,1.488553
indol,4.655686,184.1197,490,0,1.352052
slimy,4.655608,189.6825,531,1,1.408423
stall,4.655537,183.5425,493,1,1.458315
scaud,4.655501,171.0415,444,0,1.407559
kenos,4.655473,157.5305,339,0,1.461555
redes,4.655333,180.3909,469,0,1.412095
field,4.655256,193.5279,456,1,1.436501
pynes,4.655054,164.3788,382,0,1.432397
agate,4.654873,160.0583,401,1,1.487473
doole,4.654628,181.0985,461,0,1.450108
virge,4.654411,178.3382,459,0,1.487257
dorps,4.654336,181.6039,478,0,1.366523
clips,4.654215,196.1784,539,0,1.331533
icons,4.654198,170.6994,444,0,1.384017
lawns,4.654027,170.7927,459,0,1.398272
prawn,4.653871,174.5162,452,1,1.413175
geres,4.653807,180.1482,476,0,1.403024
terek,4.653660,182.6449,485,0,1.405832
chits,4.653586,220.0117,612,0,1.360907
sensa,4.653455,157.1365,348,0,1.565443
shiny,4.653302,202.1577,569,1,1.413391
neigh,4.653281,182.2950,439,1,1.430670
flash,4.653241,189.4199,505,1,1.398704
zoeal,4.653112,142.6829,287,0,1.602592
kithe,4.653058,162.6397,405,0,1.444276
fiber,4.653026,175.2048,421,1,1.501728
roosa,4.652829,165.8311,382,0,1.498272
birsy,4.652716,174.7676,427,0,1.435205
beady,4.652694,175.5927,377,1,1.553564
visor,4.652564,163.1089,410,1,1.407559
fices,4.652153,162.0911,380,0,1.447084
ramps,4.652143,174.3149,446,0,1.419438
voila,4.652134,164.1317,376,1,1.482937
manic,4.651981,183.4259,476,1,1.391577
buyer,4.651885,168.7866,381,1,1.508855
sones,4.651579,165.3119,376,0,1.497192
fleam,4.651568,178.5801,384,0,1.502160
grees,4.651501,179.8553,476,0,1.411447
cakey,4.651464,160.4350,338,0,1.568035
fitna,4.651295,183.8942,436,0,1.437365
educt,4.651283,180.0238,411,0,1.438013
tabus,4.651167,174.1430,462,0,1.396112
burin,4.651081,188.3806,486,0,1.366307
teugh,4.650929,192.1421,457,0,1.401512
toses,4.650928,158.1093,372,0,1.488121
berms,4.650444,169.9676,410,0,1.476026
grece,4.650320,193.8458,537,0,1.385961
kiley,4.650221,162.9577,365,0,1.502376
paves,4.650197,163.2790,405,0,1.512959
ranas,4.650136,163.6652,408,0,1.420086
porer,4.650041,185.4769,455,0,1.498488
slats,4.649847,180.7624,493,0,1.454212
caved,4.649680,174.6665,445,0,1.479698
clift,4.649633,205.3827,563,0,1.336285
colds,4.649530,173.6359,441,0,1.340821
vades,4.649520,154.6207,383,0,1.507559
talas,4.649519,178.6821,493,0,1.392657
hiver,4.649423,168.0747,406,0,1.508855
copay,4.649310,183.6376,448,0,1.435853
ebons,4.649299,165.8199,386,0,1.485529
muley,4.649252,177.1866,400,0,1.477106
wreak,4.649203,167.8130,387,1,1.554860
areae,4.648954,175.5235,488,0,1.463499
torso,4.648804,189.2445,497,1,1.384449
eupad,4.648626,169.7819,351,0,1.484449
direr,4.648601,184.2950,463,0,1.474298
tempo,4.648601,165.1451,371,1,1.434125
hardy,4.648467,171.6678,416,1,1.467171
mints,4.648110,190.1689,533,0,1.335421
lurer,4.648013,160.9102,385,0,1.503888
dolci,4.647859,180.0462,475,0,1.347084
trapt,4.647702,188.1836,504,0,1.413391
pirog,4.647696,181.3940,477,0,1.357667
vertu,4.647694,159.3361,391,0,1.494600
incur,4.647655,168.7019,442,1,1.371274
phyle,4.647586,169.7309,408,0,1.423974
dazer,4.647559,158.0454,403,0,1.591793
zoner,4.647513,158.4704,375,0,1.566523
gloam,4.647501,187.5693,467,0,1.386825
maids,4.647482,166.7063,418,0,1.396544
curny,4.647366,190.5274,477,0,1.406263
umras,4.647009,157.7343,369,0,1.440821
flits,4.646911,191.4380,517,0,1.371922
piony,4.646496,199.1633,548,0,1.382289
roums,4.646415,184.3754,467,0,1.386393
levis,4.646276,159.3922,384,0,1.470626
wroke,4.645987,171.6341,437,0,1.511231
rupee,4.645984,189.1780,516,1,1.400216
metho,4.645895,168.6371,355,0,1.445356
clops,4.645867,189.3680,505,0,1.338013
edile,4.645806,183.1408,499,0,1.379266
focal,4.645655,180.3244,439,1,1.416847
touch,4.645587,222.8989,609,1,1.324406
hoped,4.645551,176.4730,423,0,1.401728
strum,4.645421,189.4743,469,0,1.400432
murti,4.645399,177.0346,441,0,1.386177
breys,4.645366,151.5391,345,0,1.521814
slurb,4.645317,174.8315,410,0,1.414471
lapel,4.645240,172.6752,427,1,1.477754
texas,4.645236,149.6972,344,0,1.549892
nashi,4.645197,154.4479,383,0,1.439741
fined,4.645189,201.3983,491,0,1.419654
wroth,4.645129,204.0739,551,0,1.376242
ngati,4.644979,159.4536,413,0,1.436717
creme,4.644978,195.2039,543,1,1.384881
amnio,4.644756,180.1533,390,0,1.444492
impel,4.644696,172.2700,412,1,1.424190
gryde,4.644660,171.9771,447,0,1.482505
taits,4.644619,177.8475,470,0,1.420302
menus,4.644435,171.4968,397,0,1.417711
alkos,4.644403,166.9767,399,0,1.430238
urbia,4.644166,160.7952,354,0,1.471490
ottar,4.644098,163.5702,384,0,1.463499
raxed,4.643915,158.2406,402,0,1.571274
sties,4.643897,168.8324,421,0,1.520302
unica,4.643890,176.2121,398,0,1.430670
garbo,4.643859,173.4225,423,0,1.433261
larky,4.643830,168.4566,401,0,1.511879
cribs,4.643823,170.7641,426,0,1.387689
chino,4.643802,210.7408,566,0,1.348164
aight,4.643693,177.8873,449,0,1.402808
turbo,4.643616,184.0790,476,1,1.378402
glume,4.643176,193.5840,481,0,1.401944
porch,4.642915,216.4886,574,1,1.347948
benet,4.642876,198.0575,541,0,1.340173
paths,4.642773,194.4229,532,0,1.395032
furol,4.642736,180.8946,444,0,1.385961
regar,4.642616,172.0359,408,0,1.510367
fakie,4.642180,150.2156,330,0,1.528294
fetid,4.641828,183.9149,437,1,1.438229
cloys,4.641589,169.1927,442,0,1.358531
couth,4.641580,223.1996,609,0,1.332181
ghost,4.641435,209.2566,587,1,1.339309
rifts,4.640779,174.9084,444,0,1.395032
kurta,4.640769,163.9287,384,0,1.450540
briny,4.640729,184.9551,487,1,1.444492
benty,4.640622,173.8164,374,0,1.505616
arepa,4.640579,165.7395,402,0,1.510799
dovie,4.640463,174.4955,396,0,1.471058
genus,4.640400,179.1244,424,0,1.420302
spume,4.640104,201.6886,500,0,1.432829
yoker,4.640097,149.7317,335,0,1.554428
leger,4.640027,183.5287,457,0,1.427430
atria,4.640004,158.6587,380,0,1.452052
ricer,4.639986,168.4713,411,0,1.483585
swaly,4.639919,191.0579,518,0,1.471922
swapt,4.639882,203.1814,540,0,1.401296
chelp,4.639872,195.4527,452,0,1.401944
grype,4.639663,166.1093,425,0,1.468035
hends,4.639653,166.1844,391,0,1.404104
cerge,4.639587,194.0886,537,0,1.379050
bloke,4.639542,175.1512,416,1,1.466307
kisan,4.639481,179.1538,444,0,1.392441
gusla,4.639443,181.9564,444,0,1.397624
baken,4.639370,168.5283,401,0,1.491361
cavil,4.639336,192.9067,504,1,1.396760
prahu,4.639141,161.8467,400,0,1.425702
felid,4.638837,192.1862,456,0,1.430238
lanks,4.638799,174.6916,468,0,1.398704
raree,4.638777,175.1641,488,0,1.494168
quate,4.638671,142.6311,304,0,1.579914
primo,4.638666,183.7499,482,1,1.382937
haves,4.638599,153.3093,360,0,1.511447
linds,4.638528,181.3654,477,0,1.339093
apart,4.638494,187.3533,504,1,1.389201
dopey,4.638433,182.5179,408,1,1.480346
murls,4.638375,178.7305,384,0,1.375810
belie,4.638321,189.5901,518,1,1.370410
wield,4.638261,193.3162,456,1,1.419438
cronk,4.638255,207.2186,560,0,1.387473
egads,4.638062,153.7153,319,0,1.512311
barms,4.638025,176.6587,435,0,1.425918
panne,4.638021,170.7192,423,0,1.493089
melds,4.637800,166.3719,394,0,1.413823
forth,4.637603,199.0190,526,1,1.378402
swoln,4.637563,190.6743,517,0,1.363283
razed,4.637563,159.0700,403,0,1.570194
cyber,4.637321,164.0678,374,1,1.481210
gytes,4.637318,150.0963,361,0,1.451188
deers,4.637264,184.2769,469,0,1.399568
gelds,4.637202,167.4622,399,0,1.416415
reird,4.637198,186.6743,463,0,1.447732
unrid,4.637172,185.6903,485,0,1.356587
bower,4.637056,186.8523,460,0,1.525270
poems,4.636895,182.1559,400,0,1.443629
pends,4.636851,170.9914,418,0,1.405616
seyen,4.636648,170.9248,450,0,1.375162
yapon,4.636627,171.9287,415,0,1.386609
guyse,4.636610,174.7425,405,0,1.430022
aldea,4.636565,175.2920,434,0,1.461123
ditsy,4.636465,188.2570,526,0,1.381641
voled,4.635955,183.8207,448,0,1.438877
egret,4.635915,178.2346,483,1,1.412095
kames,4.635858,155.8251,371,0,1.491361
locus,4.635696,175.6704,463,1,1.345356
faver,4.635688,168.0402,421,0,1.584233
swath,4.635668,215.5832,562,1,1.410151
drusy,4.635667,187.2540,501,0,1.398704
peers,4.635637,191.0605,486,0,1.395896
saugh,4.635449,192.9879,500,0,1.377106
bergs,4.635125,167.0708,405,0,1.478618
naifs,4.635092,165.1261,423,0,1.412527
readd,4.635003,167.1987,409,0,1.551836
panim,4.634552,195.2488,496,0,1.357451
unlay,4.634340,171.1348,427,0,1.451620
upled,4.633957,180.7019,451,0,1.381425
rebel,4.633916,191.3629,484,1,1.402592
bison,4.633581,186.8298,489,1,1.344924
pudor,4.633533,204.7771,556,0,1.320302
pibal,4.633528,192.4756,481,0,1.372354
abate,4.633526,166.0592,419,1,1.474082
graph,4.633138,181.4302,468,1,1.386609
stell,4.633121,175.9840,405,0,1.493737
thous,4.632951,205.5529,571,0,1.348380
liked,4.632488,175.1356,436,0,1.422030
valis,4.632313,166.3270,419,0,1.424406
voted,4.632256,176.5050,437,0,1.446868
fauts,4.631275,183.3179,479,0,1.403024
grufe,4.631103,185.3663,472,0,1.451404
firns,4.631064,178.9222,435,0,1.390281
bancs,4.631015,179.5192,473,0,1.379698
flesh,4.630926,184.7892,418,1,1.434125
cyton,4.630882,184.4782,498,0,1.318359
gyals,4.630684,179.1201,474,0,1.388121
geest,4.630623,197.0942,524,0,1.347732
vents,4.630295,162.7071,406,0,1.442549
tipsy,4.630246,205.4069,568,1,1.368035
hiems,4.630200,178.5749,395,0,1.414255
rappe,4.630176,156.7486,402,0,1.563067
betel,4.630079,193.3274,495,1,1.355508
naiks,4.629889,171.2730,444,0,1.414687
podia,4.629564,181.8639,427,0,1.427214
cases,4.629518,154.7037,370,0,1.511447
hogan,4.629510,190.2786,469,0,1.367171
gurls,4.629415,177.2445,382,0,1.378402
sials,4.629377,170.8151,450,0,1.450756
diyas,4.629327,164.3512,380,0,1.395896
pohed,4.629214,177.1564,423,0,1.406911
stede,4.629111,185.3594,492,0,1.411447
vrils,4.628832,159.6022,365,0,1.419438
steed,4.628657,186.4479,492,1,1.399136
blins,4.628554,188.0367,506,0,1.364579
rawly,4.628350,171.7853,400,0,1.505616
gleds,4.628155,171.0942,399,0,1.421598
cheer,4.628135,206.3892,540,1,1.401512
unhat,4.628132,171.2799,437,0,1.397192
agene,4.628109,181.1944,454,0,1.418143
licht,4.627924,188.5844,516,0,1.340173
churn,4.627823,209.5667,532,1,1.324190
minos,4.627602,186.4652,489,0,1.336501
cobia,4.627445,180.2285,408,0,1.434989
stack,4.627432,200.4704,525,1,1.447732
demos,4.627346,164.8315,366,0,1.428078
sting,4.627319,196.8713,540,1,1.403024
micas,4.627279,170.3469,411,0,1.383153
pyets,4.627205,178.0877,395,0,1.452484
alley,4.627102,168.0039,373,1,1.554212
teend,4.626828,196.6847,508,0,1.329158
idols,4.626585,158.8203,394,0,1.384017
tubas,4.626353,182.0609,462,0,1.388121
satai,4.625946,174.4402,470,0,1.433477
wised,4.625763,180.8860,432,0,1.419222
ngaio,4.625703,161.7775,323,0,1.453564
fatly,4.625636,189.9365,488,0,1.462851
ghaut,4.625522,196.4289,518,0,1.366091
grapy,4.625432,180.9067,470,0,1.451620
honda,4.625123,184.6484,419,0,1.378402
stoup,4.624765,206.3892,557,0,1.370842
refly,4.624588,163.6765,344,0,1.561123
caups,4.624400,191.3456,506,0,1.362635
makes,4.624102,156.0177,371,0,1.499568
thelf,4.624099,182.1568,404,0,1.419438
fuels,4.623976,182.8212,415,0,1.440389
perks,4.623843,176.2769,436,0,1.459179
cuish,4.623814,227.0994,624,0,1.308423
oases,4.623684,135.8086,253,0,1.574730
etats,4.623597,165.9840,355,0,1.540173
inorb,4.623344,169.5486,436,0,1.398704
midst,4.623193,199.8432,562,1,1.297624
obeli,4.623152,147.2022,283,0,1.509503
helms,4.623006,169.0873,383,0,1.409287
russe,4.622957,169.6272,416,0,1.490713
balus,4.622885,178.7408,469,0,1.404968
emics,4.622811,174.5240,395,0,1.446652
podge,4.622729,188.1387,474,0,1.400864
becap,4.622601,172.4039,388,0,1.456156
crypt,4.622595,177.2661,472,1,1.344924
acids,4.622489,160.9758,379,0,1.411663
koura,4.622342,163.1071,362,0,1.476458
flout,4.622240,196.2890,530,1,1.343413
cella,4.622212,176.9343,400,0,1.490281
stamp,4.622201,198.8652,532,1,1.414687
hirer,4.622087,170.7486,415,0,1.469114
axles,4.621865,145.8890,338,0,1.545788
dancy,4.621825,197.0043,528,0,1.394816
ruler,4.621812,162.9050,385,1,1.496544
blunt,4.621624,201.8881,531,1,1.328726
gyred,4.621589,183.4898,447,0,1.446436
obeah,4.621408,152.1663,288,0,1.534341
mobes,4.621146,172.6112,393,0,1.430022
vaunt,4.620796,179.0294,467,1,1.384665
geste,4.620623,190.3443,524,0,1.356803
grabs,4.620485,169.5089,422,0,1.427862
louma,4.620430,178.6708,380,0,1.432829
wined,4.620423,210.9006,511,0,1.402592
beset,4.620244,197.9762,542,1,1.356803
liege,4.620198,190.2795,513,1,1.353996
vitro,4.620100,171.3197,434,0,1.406479
stoor,4.619933,188.8454,497,0,1.430022
tarry,4.619873,175.8467,446,0,1.466955
harpy,4.619672,178.0739,431,1,1.452700
hovel,4.619436,169.3603,391,1,1.442981
peage,4.618885,189.6799,495,0,1.385097
mense,4.618776,189.5028,518,0,1.323326
vapes,4.618230,164.3624,405,0,1.493521
thagi,4.618150,178.3918,449,0,1.401944
bhats,4.618055,198.8998,526,0,1.399352
ruths,4.617940,193.0475,484,0,1.378402
fiord,4.617739,197.1443,517,0,1.365011
skyte,4.617633,161.5719,377,0,1.487689
retox,4.617594,151.4648,375,0,1.541685
shawl,4.617474,195.8639,519,1,1.402592
throb,4.617260,192.4920,501,1,1.348812
smith,4.617176,228.0298,628,1,1.331749
sluse,4.617119,184.7002,459,0,1.487041
deles,4.616816,185.1296,486,0,1.339741
hacek,4.616628,174.9292,400,0,1.479050
donsy,4.616596,197.6410,547,0,1.365011
yauld,4.616593,189.2989,508,0,1.373002
renin,4.616533,168.5145,392,0,1.501944
jeans,4.616372,150.2838,341,0,1.534989
snies,4.616320,176.5006,425,0,1.471922
ponty,4.616286,198.3633,536,0,1.375594
viper,4.616124,179.7594,440,1,1.490929
dagos,4.615882,167.0855,413,0,1.380130
lubed,4.615621,199.1244,489,0,1.374298
newts,4.615497,165.7456,399,0,1.436285
apace,4.615474,183.2860,461,0,1.426134
acyls,4.615348,164.5326,427,0,1.401296
sines,4.615330,173.6212,425,0,1.469330
fraud,4.615028,183.8518,465,1,1.397408
naevi,4.615021,145.9857,314,0,1.554428
sneed,4.614905,192.8695,508,0,1.350756
sures,4.614678,169.9063,416,0,1.512959
janes,4.614382,143.7292,341,0,1.541469
ouped,4.614321,179.7490,386,0,1.409287
invar,4.614301,163.5434,373,0,1.453348
alias,4.614225,174.0082,450,0,1.393305
foram,4.614223,179.6022,423,0,1.432181
rolfs,4.614110,164.7071,371,0,1.411015
coves,4.613962,166.9922,370,0,1.461771
admit,4.613955,181.5641,442,1,1.385529
pands,4.613914,174.9983,458,0,1.355508
mucor,4.613907,206.7641,552,0,1.321598
tells,4.613838,167.2644,405,0,1.442549
right,4.613827,184.1473,471,1,1.363931
darks,4.613807,165.3836,420,0,1.412743
payee,4.613727,167.7084,428,1,1.441253
rewet,4.613677,195.6626,519,0,1.393521
muils,4.613653,197.0873,524,0,1.315983
amped,4.613640,179.3948,422,0,1.432181
dolma,4.613381,188.9870,448,0,1.388769
hands,4.613276,170.1965,440,0,1.353996
eight,4.613045,182.2199,404,1,1.451404
duroy,4.613022,202.3676,532,0,1.396112
draws,4.613005,171.8665,425,0,1.425918
chons,4.612911,214.9015,585,0,1.326134
paean,4.612548,180.4073,423,0,1.433693
tenge,4.612438,200.2752,548,0,1.333909
piece,4.612417,201.2834,543,1,1.315551
mused,4.612395,187.9667,465,0,1.383801
cubes,4.612338,179.1322,433,0,1.401080
prong,4.612235,199.4795,542,1,1.358099
fraps,4.612034,176.8998,451,0,1.431965
manus,4.612001,180.3598,466,0,1.367603
longs,4.611901,185.7724,479,0,1.338229
silva,4.611897,172.0324,419,0,1.453996
vants,4.611868,172.8186,468,0,1.392441
hazer,4.611803,148.8531,358,0,1.586609
fards,4.611764,164.9862,408,0,1.423326
maven,4.611739,172.6803,416,0,1.475594
peles,4.611663,196.1663,522,0,1.336069
shelf,4.611617,183.9909,418,1,1.445140
vinal,4.611617,185.7516,468,0,1.405832
gluon,4.611489,219.5607,588,0,1.295680
vapor,4.611434,176.4825,442,1,1.420518
drack,4.611405,198.2812,513,0,1.400000
stent,4.611385,188.8091,439,0,1.476674
arere,4.611299,184.6562,488,0,1.461123
mouls,4.611101,200.2190,536,0,1.325486
nauch,4.611078,195.6989,506,0,1.357019
ajies,4.611024,135.2315,275,0,1.571706
syver,4.610456,158.4963,372,0,1.538229
lyric,4.610424,157.5598,335,1,1.394600
dobla,4.610416,195.8726,465,0,1.383801
mesel,4.610343,189.1521,507,0,1.326782
benga,4.610267,183.6747,394,0,1.481210
eloge,4.610020,178.7123,465,0,1.376026
smoke,4.609639,173.6445,388,1,1.473218
tryer,4.609478,164.2078,375,0,1.496544
boche,4.609397,185.4596,442,0,1.426782
lurch,4.609327,198.8454,444,1,1.353348
ickle,4.609255,167.6609,417,0,1.441469
tanas,4.609050,185.1857,516,0,1.356156
naras,4.608955,164.3693,408,0,1.410583
miche,4.608939,184.6950,446,0,1.398056
sidha,4.608852,172.5775,388,0,1.421382
omits,4.608785,174.4151,448,0,1.366307
gadis,4.608783,174.6026,430,0,1.377106
beres,4.608704,190.5862,497,0,1.401296
taxed,4.608655,159.4683,388,0,1.507343
raird,4.608634,178.9274,441,0,1.397624
parks,4.608305,184.3330,474,0,1.409071
gouts,4.608236,200.3978,548,0,1.331317
viola,4.608192,166.8298,376,1,1.461555
tings,4.608016,197.2272,540,0,1.331749
bouge,4.607757,194.3218,435,0,1.430454
wetly,4.607755,174.0920,364,0,1.495896
chado,4.607709,192.6968,472,0,1.368035
debts,4.607558,169.3680,417,0,1.412743
biker,4.607480,170.8428,402,0,1.497840
welsh,4.607336,182.6320,426,1,1.411879
brees,4.607292,189.3784,497,0,1.409719
torrs,4.607189,186.6112,497,0,1.375594
nempt,4.606889,171.0441,409,0,1.398920
carrs,4.606843,180.4678,461,0,1.398920
ovule,4.606798,169.0017,372,0,1.462851
hoyed,4.606666,172.7659,363,0,1.426134
frays,4.606501,161.8216,403,0,1.452484
niner,4.605949,165.9771,392,0,1.530886
ruing,4.605767,203.5287,512,0,1.374082
genie,4.605627,209.4052,573,1,1.335637
farcy,4.605061,186.8842,463,0,1.458963
candy,4.604976,198.1214,528,1,1.395680
atoks,4.604934,166.9231,400,0,1.445140
fagot,4.604933,183.8562,458,0,1.383153
lymes,4.604658,158.8134,365,0,1.425486
kraft,4.604647,184.5421,486,0,1.409503
purda,4.604632,186.1136,420,0,1.395680
coala,4.604473,185.7248,503,0,1.374946
thees,4.604394,201.1391,535,0,1.352916
bantu,4.604378,176.3391,455,0,1.394384
pulis,4.604293,201.5192,538,0,1.310151
kylie,4.604219,156.4488,365,0,1.442117
combe,4.604131,191.5849,457,0,1.397408
waver,4.603644,172.7201,434,1,1.567171
omber,4.603605,176.4713,411,0,1.496328
halms,4.603575,183.8769,486,0,1.359179
trunk,4.603574,188.2043,471,1,1.361123
snell,4.603462,177.3058,406,0,1.445356
forty,4.603442,190.5058,490,1,1.443413
lusty,4.603351,190.8652,504,1,1.397624
dreks,4.603283,170.3400,413,0,1.471274
cruft,4.603049,212.8177,571,0,1.328294
paper,4.602896,162.7339,402,1,1.583153
basic,4.602855,165.1028,406,1,1.409071
pharm,4.602735,198.0981,488,0,1.366091
salts,4.602572,181.2842,493,0,1.434341
frosh,4.602516,191.2575,504,0,1.379050
skald,4.602423,189.8130,514,0,1.394600
dupes,4.602338,185.6765,464,0,1.382937
bhels,4.602215,179.5711,398,0,1.431533
meths,4.602150,182.7071,434,0,1.416847
terry,4.602121,170.4428,375,0,1.517063
rhyme,4.602071,161.3767,378,1,1.456587
claws,4.602046,189.4639,501,0,1.382505
vilde,4.601891,190.0143,486,0,1.423326
harks,4.601690,176.6043,434,0,1.407559
mover,4.601460,185.0907,439,1,1.509935
ocker,4.601395,163.5952,375,0,1.523758
atoll,4.601323,174.0419,418,1,1.419870
icker,4.601297,160.7425,372,0,1.511015
aural,4.601165,171.7162,409,0,1.406263
notch,4.601094,211.5374,572,1,1.328726
temps,4.601082,179.8337,446,0,1.405616
scaup,4.600999,194.6821,506,0,1.383801
dread,4.600824,174.5516,409,1,1.550756
bowse,4.600804,181.4328,431,0,1.444708
dench,4.600680,192.8341,456,0,1.379914
rebar,4.600585,182.3408,431,1,1.493952
klieg,4.600548,180.2553,447,0,1.415119
chiru,4.600535,192.4652,500,0,1.360043
stars,4.600345,172.5378,430,0,1.511879
ganev,4.600189,180.8531,440,0,1.469546
debut,4.600099,194.9853,469,1,1.377754
blads,4.600015,188.2726,483,0,1.384449
rindy,4.599574,202.7607,496,0,1.408423
easts,4.599477,162.7849,355,0,1.540173
unwet,4.599357,171.1460,408,0,1.417927
abhor,4.599239,164.5317,378,1,1.434125
widen,4.599117,211.8311,511,1,1.391361
tamps,4.598944,195.5244,532,0,1.355508
crown,4.598496,206.6449,550,1,1.353780
dorms,4.598404,190.4168,483,0,1.349676
prize,4.598202,173.4251,445,1,1.503456
bints,4.598116,195.2030,539,0,1.336285
bytes,4.598104,158.1767,369,0,1.449460
loved,4.598031,185.9832,448,0,1.434989
gibes,4.597909,173.9918,414,0,1.404752
mardy,4.597644,194.5171,487,0,1.440389
calmy,4.597240,212.1317,569,0,1.400864
hovea,4.597229,155.0665,297,0,1.535853
beaks,4.597082,173.0994,381,0,1.493952
waive,4.597045,159.8527,373,1,1.519006
bleak,4.596921,190.6475,400,1,1.509935
wraps,4.596901,182.6268,460,0,1.414903
linch,4.596853,208.6432,562,0,1.309719
galea,4.596806,177.3274,435,0,1.455508
ingot,4.596691,193.8605,514,1,1.349244
sheik,4.596609,192.9749,430,1,1.460475
pyros,4.596508,188.6968,467,0,1.355940
sprog,4.596460,189.4821,493,0,1.363067
borak,4.596324,186.2795,440,0,1.439957
lirks,4.596276,163.2877,355,0,1.392657
dogey,4.596191,190.0851,423,0,1.462419
felty,4.596114,179.2479,373,0,1.508207
heame,4.596046,182.3909,465,0,1.380994
vawte,4.595908,166.2311,412,0,1.487257
faurd,4.595776,185.1322,465,0,1.389849
masse,4.595726,174.4117,416,1,1.479050
pawed,4.595659,180.9542,442,0,1.438013
mausy,4.595636,198.6492,506,0,1.405832
fleet,4.595615,202.3702,520,1,1.347948
garbs,4.595555,172.3114,422,0,1.404752
remen,4.595489,190.3477,479,0,1.368898
preed,4.595489,223.8674,595,0,1.347732
gourd,4.595322,219.4285,586,1,1.318143
racks,4.595276,176.6484,436,0,1.422030
farer,4.595255,173.9702,433,0,1.544492
devot,4.595097,179.2454,437,0,1.429158
punto,4.595069,199.2877,532,0,1.306695
linen,4.595056,179.6281,430,1,1.442549
clefs,4.595013,179.5106,401,0,1.425702
tecta,4.594984,170.5084,359,0,1.470842
bugle,4.594961,204.7616,501,1,1.396976
yokel,4.594845,156.5896,350,0,1.460691
leave,4.594842,188.3408,502,1,1.432181
courb,4.594722,210.6432,568,0,1.332397
aredd,4.594656,173.6350,409,0,1.536933
swept,4.594647,205.3767,481,1,1.436717
sacra,4.594586,180.5214,461,0,1.418143
premy,4.594443,187.2963,431,0,1.495896
souse,4.594183,177.1322,380,0,1.514687
disco,4.594180,179.6937,461,1,1.320734
talky,4.594097,184.1404,485,0,1.440605
shady,4.594004,190.2112,485,1,1.433261
neper,4.593999,188.7279,482,0,1.392009
mayos,4.593932,174.6311,425,0,1.390497
oches,4.593789,158.7762,335,0,1.466955
moyas,4.593779,175.6739,425,0,1.391793
lumas,4.593399,183.0492,459,0,1.380994
progs,4.593185,188.6302,493,0,1.363499
teeny,4.593107,181.5408,420,0,1.402592
wards,4.593034,171.6341,425,0,1.406263
hinau,4.593032,165.4043,356,0,1.394816
thank,4.593005,204.0384,537,1,1.362635
unsee,4.592958,179.5011,475,0,1.361555
arhat,4.592891,182.3218,497,0,1.385961
ikats,4.592760,168.2968,425,0,1.428078
homed,4.592608,188.7028,444,0,1.381641
rests,4.592476,160.3019,391,0,1.502808
worth,4.592316,211.1227,551,1,1.361339
neums,4.592252,174.5948,397,0,1.405184
neafe,4.592170,174.1378,460,0,1.401512
recks,4.591920,166.6328,397,0,1.472138
iches,4.591851,158.5940,374,0,1.454212
sycon,4.591637,186.0428,509,0,1.321598
brawl,4.591608,183.6505,475,1,1.433693
limns,4.591479,187.5002,497,0,1.315551
ouphe,4.591468,173.0907,357,0,1.416631
prigs,4.591322,192.3538,490,0,1.357019
cowan,4.591236,198.7434,485,0,1.370194
cecal,4.591213,178.2726,400,0,1.498272
sefer,4.591130,192.1922,510,0,1.425270
niefs,4.590988,173.6877,374,0,1.434773
blume,4.590940,199.5927,492,0,1.400216
heles,4.590853,179.6713,468,0,1.334557
coths,4.590782,213.8000,588,0,1.343844
alary,4.590758,184.7261,443,0,1.465875
cruds,4.590748,188.0177,471,0,1.338013
dated,4.590731,165.6860,391,0,1.504536
zetas,4.590597,151.2695,341,0,1.538877
deshi,4.590437,164.2717,370,0,1.428078
tryps,4.590411,176.2536,462,0,1.360907
unsay,4.590361,171.8665,410,0,1.431749
sades,4.590137,159.8112,395,0,1.512959
doabs,4.590115,169.0924,416,0,1.388985
walty,4.589965,187.5633,478,0,1.441037
bunde,4.589934,204.5965,515,0,1.380346
brank,4.589798,189.8035,487,0,1.419438
pengo,4.589791,185.7421,424,0,1.405400
clepe,4.589780,211.3732,570,0,1.305832
steep,4.589761,207.5927,540,1,1.375378
apism,4.589758,191.6575,465,0,1.364363
audio,4.589642,183.7127,435,1,1.453564
overs,4.589531,155.0536,342,0,1.530670
fount,4.589388,218.0765,595,0,1.322462
rubai,4.589274,162.5611,309,0,1.459179
obias,4.589015,151.9901,317,0,1.457883
quire,4.588819,151.5978,349,0,1.534125
fadge,4.588720,181.2246,440,0,1.446868
loses,4.588716,156.3641,353,0,1.466739
ephas,4.588616,163.2324,350,0,1.502592
anomy,4.588520,189.4579,447,0,1.425054
rheum,4.588424,177.9572,413,0,1.426350
calks,4.588214,201.7041,535,0,1.372570
trots,4.588146,187.6065,497,0,1.387689
calfs,4.588024,185.7387,490,0,1.370410
gebur,4.588004,194.0808,466,0,1.412959
guaco,4.587885,178.7624,403,0,1.380562
adbot,4.587847,184.3365,434,0,1.376890
dosha,4.587574,170.4549,380,0,1.395248
daled,4.587573,175.3024,434,0,1.496544
palms,4.587562,196.8022,521,0,1.360691
orgic,4.587520,175.2220,453,0,1.376674
hetes,4.587396,196.5041,535,0,1.342549
sprig,4.587372,190.0203,490,1,1.357451
abase,4.587312,171.4216,423,1,1.459827
alans,4.587229,186.7952,501,0,1.364363
flued,4.586452,201.6652,499,0,1.385313
asked,4.586073,152.9413,349,0,1.493521
gonef,4.585862,199.6324,468,0,1.392873
toshy,4.585835,202.8704,556,0,1.384017
senza,4.585715,155.2402,341,0,1.547948
grift,4.585681,207.4000,546,0,1.350324
burls,4.585681,185.4950,410,0,1.376674
rubin,4.585669,199.2143,486,0,1.328726
bakes,4.585602,160.6873,381,0,1.500432
wauls,4.585431,176.8056,464,0,1.382721
talls,4.585296,182.3235,493,0,1.392441
foins,4.584980,195.9011,525,0,1.358315
bowie,4.584863,169.2359,376,0,1.454428
snack,4.584831,209.9417,554,1,1.399352
glove,4.584625,186.8013,453,1,1.443197
chirp,4.584494,214.9006,560,1,1.323974
leugh,4.584401,189.8242,431,0,1.380130
yelps,4.584379,170.9292,384,0,1.428942
cloze,4.584329,169.1538,401,0,1.470194
gapos,4.584269,174.5257,433,0,1.368683
hyper,4.584162,168.1585,382,1,1.457883
beamy,4.584028,188.5274,411,0,1.522246
anigh,4.584021,200.9266,482,0,1.356156
kyloe,4.583929,154.7477,312,0,1.447732
agony,4.583921,194.5568,453,1,1.434341
serry,4.583908,171.0570,399,0,1.542765
winey,4.583850,186.9508,401,0,1.476026
sokah,4.583834,188.8359,462,0,1.408423
clogs,4.583702,181.7499,464,0,1.323758
bowel,4.583690,188.8272,444,1,1.431533
grids,4.583534,189.4095,467,0,1.360043
tempi,4.583498,172.6138,404,0,1.412743
eikon,4.583492,180.1620,451,0,1.469546
aweel,4.583468,189.5391,464,0,1.393089
cives,4.583346,173.1883,425,0,1.433909
scrob,4.583326,179.1054,460,0,1.381857
maybe,4.583272,171.4078,382,1,1.464795
bhais,4.583203,178.3071,425,0,1.394816
dried,4.583039,188.2190,463,1,1.490281
liana,4.582717,183.2575,497,0,1.371706
swarm,4.582570,185.2877,455,1,1.430454
semen,4.582202,192.7641,518,1,1.330670
conne,4.581994,188.8670,442,0,1.441901
sotol,4.581944,197.5538,529,0,1.351188
giver,4.581908,189.9270,459,1,1.484665
pious,4.581908,178.7883,462,0,1.336501
damns,4.581634,181.4976,471,0,1.335637
shank,4.581501,212.9836,555,1,1.388337
ichor,4.581298,172.7538,445,0,1.381210
dhols,4.581058,184.8592,475,0,1.311663
natal,4.580871,182.4721,464,1,1.364795
taxol,4.580778,165.3145,414,0,1.430022
brier,4.580011,189.8294,471,0,1.479482
firth,4.579947,203.8397,517,0,1.350540
nisse,4.579896,176.0635,425,0,1.437581
lingo,4.579861,198.4186,510,1,1.338877
homas,4.579732,182.0609,443,0,1.374082
fides,4.579501,177.3594,418,0,1.417495
sorts,4.579438,189.4130,497,0,1.419654
yente,4.579102,169.8821,420,0,1.367171
coyau,4.579098,169.2937,368,0,1.399136
vitas,4.579089,171.1365,434,0,1.411447
glaze,4.579077,176.2009,428,1,1.503888
satis,4.578822,181.5460,470,0,1.437797
frond,4.578750,209.9210,557,1,1.343629
purty,4.578647,204.8730,501,0,1.391361
decoy,4.578601,175.7413,400,1,1.475810
clews,4.578474,179.7715,407,0,1.417927
davit,4.578239,190.5827,480,0,1.373434
kirns,4.578176,180.9093,443,0,1.363067
roary,4.578119,168.8462,421,0,1.485745
mesne,4.578037,193.2713,518,0,1.312959
blurs,4.577823,185.5590,410,0,1.378186
pisco,4.577776,193.0803,483,0,1.317063
yorps,4.577755,186.1102,467,0,1.364147
nomad,4.577392,194.0168,462,1,1.351620
nacho,4.577335,176.0229,436,0,1.382505
chins,4.577288,224.8644,612,0,1.319654
hylas,4.577158,176.0851,440,0,1.370410
vomer,4.577117,185.7473,439,0,1.498704
loups,4.577087,196.6648,532,0,1.317927
world,4.576503,197.1270,488,1,1.349676
unket,4.576355,168.4531,397,0,1.418359
coact,4.576253,186.0488,483,0,1.421814
prims,4.576172,193.6091,497,0,1.354428
pucan,4.575928,200.6346,502,0,1.316847
caulk,4.575915,213.2376,567,1,1.354212
pogey,4.575866,184.0220,400,0,1.458747
trout,4.575700,201.6695,543,1,1.352700
match,4.575458,222.0168,587,1,1.342333
bayts,4.575302,180.9896,466,0,1.390281
oupas,4.575241,172.6164,363,0,1.401728
runds,4.575164,183.8276,424,0,1.338877
adred,4.574745,169.0432,409,0,1.534341
spang,4.574527,194.3788,516,0,1.382937
gambe,4.574402,187.6289,440,0,1.422894
miaou,4.574157,152.6242,275,0,1.450756
unrip,4.573947,182.5067,464,0,1.332829
toted,4.573836,188.1974,458,0,1.405400
glams,4.573748,194.9654,509,0,1.354860
genom,4.573674,193.3136,429,0,1.387473
fayed,4.573607,173.7473,383,0,1.473650
reges,4.573599,187.0233,476,0,1.380130
moped,4.573313,200.4790,480,0,1.374946
kinas,4.573272,180.4695,444,0,1.384881
curer,4.573272,193.4000,472,0,1.441253
proms,4.573210,198.2078,519,0,1.360907
opsin,4.573125,191.8968,487,0,1.325702
tifos,4.572816,185.8147,487,0,1.332181
facts,4.572520,182.5447,482,0,1.375594
stonk,4.572239,206.8583,551,0,1.382721
caums,4.572233,198.5508,512,0,1.345788
hawed,4.572130,176.6587,410,0,1.436501
gurns,4.571997,203.3438,477,0,1.340389
pervo,4.571964,181.2618,434,0,1.462851
fonts,4.571858,197.9339,539,0,1.330238
plank,4.571787,206.0134,544,1,1.350972
lupin,4.571771,206.7080,559,0,1.277754
sahib,4.571770,168.8695,425,0,1.401296
frags,4.571574,177.1287,437,0,1.417711
amove,4.571407,163.4043,311,0,1.525486
chief,4.571186,201.7637,475,1,1.387905
evils,4.570656,174.2458,384,0,1.465875
stulm,4.570388,208.6492,544,0,1.336501
gluts,4.570248,202.7676,536,0,1.303672
devas,4.570152,168.6631,383,0,1.469762
weise,4.569696,193.8371,520,0,1.342549
dicts,4.569682,187.1711,510,0,1.305400
rider,4.569594,190.6657,463,1,1.453996
ymolt,4.569474,183.3171,492,0,1.319438
fetus,4.569438,182.1222,433,1,1.429158
lyams,4.569398,187.3914,492,0,1.361123
sheva,4.569287,179.7404,360,0,1.515983
spiny,4.568481,220.4488,607,1,1.381210
tokay,4.568439,171.4147,414,0,1.447732
demoi,4.568409,170.0609,331,0,1.435205
tarty,4.568348,183.8812,446,0,1.464147
warps,4.568252,182.2000,460,0,1.391793
bouts,4.568097,210.9222,565,0,1.329590
gatch,4.567981,205.0717,544,0,1.344924
kerne,4.567902,192.5637,525,0,1.365227
clamp,4.567863,219.5581,595,1,1.323542
rakus,4.567616,164.8782,393,0,1.422246
bulge,4.567615,207.0734,501,1,1.388121
kauri,4.567555,149.5702,296,0,1.459179
snars,4.567550,170.4704,408,0,1.463499
muton,4.567469,211.7629,560,0,1.286393
tenon,4.567338,173.8605,397,0,1.443629
ludos,4.567324,187.4441,487,0,1.306479
befit,4.567297,192.8333,459,1,1.412311
boyla,4.566942,190.1844,446,0,1.411447
torts,4.566819,193.5555,497,0,1.372786
veldt,4.566785,181.2091,436,0,1.403672
yowie,4.566636,146.4782,305,0,1.483153
flory,4.566349,188.8505,449,0,1.438661
meers,4.566259,191.2229,476,0,1.367603
sisal,4.565929,182.3952,450,0,1.427862
pursy,4.565776,216.6501,530,0,1.377106
virls,4.565752,168.8402,365,0,1.383153
rorts,4.565741,187.3896,497,0,1.363283
knead,4.565740,176.9724,376,1,1.455508
tawny,4.565373,191.5054,489,1,1.403672
unity,4.565340,193.9279,529,1,1.374730
sains,4.565300,184.1646,478,0,1.425918
pouke,4.565235,182.3866,394,0,1.411015
maths,4.565213,197.9702,535,0,1.366739
wadge,4.564864,189.2410,462,0,1.429806
hyens,4.564774,177.5711,418,0,1.409719
minke,4.564690,192.9568,462,0,1.389417
depth,4.564623,191.9538,472,1,1.366091
lofts,4.564592,181.6575,470,0,1.337581
spahi,4.564422,186.6320,438,0,1.419222
gamin,4.564417,212.3693,524,0,1.333909
tirrs,4.564415,186.2009,492,0,1.347732
kerel,4.564390,185.5996,483,0,1.379050
gwine,4.564310,211.3620,523,0,1.409287
tanto,4.564288,184.0341,453,0,1.379482
fours,4.564066,193.8752,487,0,1.371922
cebid,4.564029,199.1944,463,0,1.371274
blive,4.563975,198.6095,505,0,1.434989
titan,4.563959,196.1473,487,1,1.360907
decaf,4.563836,179.3326,392,0,1.420734
psalm,4.563774,197.8112,521,1,1.362203
suede,4.563755,205.7395,547,0,1.344276
tozes,4.563748,157.4216,364,0,1.488337
ledes,4.563665,188.8920,486,0,1.326782
gleys,4.563422,168.7460,370,0,1.427646
barbe,4.563400,167.8803,431,0,1.560691
sewer,4.563030,199.7188,531,1,1.419870
bogue,4.562838,197.8104,435,0,1.410583
evict,4.562678,190.9300,431,1,1.445356
gaths,4.562602,186.8030,503,0,1.369330
garum,4.562470,192.8298,469,0,1.362419
ycled,4.562439,168.1853,390,0,1.397840
laugh,4.562380,196.7883,514,1,1.330022
slick,4.562201,214.1404,580,1,1.344276
smerk,4.562049,182.4091,421,0,1.483369
serve,4.561625,203.6549,546,1,1.417063
bardy,4.561550,200.8920,496,0,1.441253
lived,4.561547,196.5585,486,0,1.407127
reeds,4.561543,188.7192,469,0,1.380346
anvil,4.561449,193.8708,468,1,1.381641
elchi,4.561352,173.8328,384,0,1.452268
favel,4.561279,184.5931,449,0,1.490497
varus,4.561043,166.3667,393,0,1.418575
mulct,4.560891,219.0492,578,0,1.262635
pilus,4.560868,201.0821,538,0,1.297192
theow,4.560768,194.8851,423,0,1.416199
axels,4.560186,160.5274,338,0,1.526134
month,4.560166,218.5594,592,1,1.282289
besaw,4.560120,173.4121,376,0,1.460691
toros,4.560025,195.7533,497,0,1.371274
culty,4.559955,199.3257,519,0,1.354860
sents,4.559942,178.6510,439,0,1.447948
corks,4.559926,202.0739,501,0,1.357883
doven,4.559769,203.5693,477,0,1.400216
choke,4.559755,199.8639,446,1,1.421382
cling,4.559610,213.7827,589,1,1.311879
rodeo,4.559581,194.4315,481,1,1.448596
fiend,4.559539,214.4540,491,1,1.398488
uveal,4.559463,166.2760,313,0,1.507991
chark,4.559378,221.0164,532,0,1.396112
boeps,4.559242,178.0212,385,0,1.433045
owled,4.559122,187.5814,419,0,1.407127
fleer,4.558902,200.1775,495,0,1.412527
haulm,4.558497,196.4350,518,0,1.322678
gorps,4.558450,194.7590,493,0,1.337149
blahs,4.558412,190.3814,495,0,1.379482
japer,4.558242,159.7940,394,0,1.568467
blaud,4.558153,212.9784,559,0,1.335421
antra,4.557794,171.6445,407,0,1.399784
runch,4.557752,216.4505,532,0,1.309503
arsis,4.557683,157.7067,350,0,1.447948
blays,4.557416,189.4803,502,0,1.390497
swayl,4.556923,191.8985,518,0,1.392657
wilts,4.556867,191.5598,507,0,1.321814
brods,4.556565,196.0773,495,0,1.364795
lovey,4.556427,173.6549,361,0,1.508423
wrang,4.556375,190.2536,486,0,1.395248
culpa,4.556160,203.2272,504,0,1.344708
extra,4.555993,152.3097,330,1,1.603672
wides,4.555587,183.7171,432,0,1.400432
steme,4.555072,198.5689,516,0,1.380130
oxter,4.554969,157.9719,375,0,1.562851
gyans,4.554761,190.4039,485,0,1.350108
veily,4.554758,184.2855,408,0,1.492657
hilus,4.554637,186.3097,494,0,1.295680
spelk,4.553861,206.1836,473,0,1.429590
touze,4.553798,166.1006,373,0,1.471490
milty,4.553750,198.6397,507,0,1.355940
incut,4.553662,198.5058,534,0,1.306695
parki,4.553349,172.2216,392,0,1.416199
puker,4.553335,189.1235,453,0,1.439741
parvo,4.553316,182.0315,442,0,1.412743
oubit,4.553063,197.1866,474,0,1.321166
whaur,4.553013,180.3166,436,0,1.377970
mends,4.552967,176.4229,406,0,1.377322
omlah,4.552938,185.0449,436,0,1.362203
sedum,4.552868,192.2536,465,0,1.383369
cowed,4.552746,196.9775,463,0,1.386825
phots,4.552499,228.3114,614,0,1.311231
feods,4.552174,173.8095,381,0,1.420086
blocs,4.552098,200.9404,511,0,1.320518
dreck,4.551811,198.5810,485,0,1.435421
etyma,4.551610,168.8790,390,0,1.512743
ferms,4.551569,176.9024,416,0,1.442117
basse,4.551555,178.0108,423,0,1.479914
stink,4.551523,217.8458,583,1,1.376242
bused,4.551494,194.5102,473,1,1.384665
grips,4.551187,193.6713,490,0,1.345572
diebs,4.551115,181.0950,399,0,1.396544
child,4.551056,228.3244,617,1,1.268251
bourd,4.551041,231.1054,605,0,1.316415
wayed,4.550774,178.8635,396,0,1.456587
thyme,4.550683,175.5866,400,1,1.392657
filos,4.550680,182.7313,452,0,1.339957
spaes,4.550677,178.1283,418,0,1.500216
howes,4.550650,180.7849,396,0,1.418575
being,4.550618,205.6575,494,1,1.413391
sooey,4.550542,175.0613,380,0,1.533261
devil,4.550425,202.0160,486,1,1.394384
sight,4.550362,220.7685,616,1,1.325702
ahing,4.550214,200.7227,482,0,1.370194
emote,4.550181,174.7339,447,0,1.361771
ixtle,4.549879,159.3490,386,0,1.480562
techy,4.549878,185.5633,419,0,1.462851
biach,4.549791,204.7875,512,0,1.354860
nutsy,4.549706,201.3231,542,0,1.357883
salix,4.549562,172.2207,444,0,1.439741
denes,4.549514,195.6203,508,0,1.303240
typed,4.549331,179.7896,422,0,1.377538
slues,4.549108,184.6363,459,0,1.434989
sumac,4.549083,202.2371,512,1,1.353564
famed,4.548976,184.8540,439,0,1.429158
synod,4.548884,200.4782,547,1,1.303240
looed,4.548758,194.3935,461,0,1.412743
donga,4.548700,215.1089,485,0,1.354860
krays,4.548561,167.7663,414,0,1.425270
llano,4.548463,181.3931,453,0,1.381425
chasm,4.548438,226.4039,583,1,1.331749
balds,4.548384,189.0181,483,0,1.364579
delph,4.548370,189.5356,454,0,1.350324
fluey,4.548350,191.3171,438,0,1.458747
shako,4.548281,194.8842,462,0,1.402160
smorg,4.548272,192.7305,499,0,1.359179
yelms,4.548199,171.2488,365,0,1.412095
peels,4.548152,206.9136,522,0,1.316415
apods,4.548130,176.6976,399,0,1.378618
canal,4.548127,216.6035,584,1,1.311015
dhoti,4.548126,195.2298,510,0,1.322030
cozie,4.548108,164.4575,343,0,1.466091
sampi,4.548023,191.6955,465,0,1.388337
cleep,4.548007,216.0255,570,0,1.284233
syped,4.547878,187.1296,465,0,1.403240
voces,4.547622,170.6726,370,0,1.429806
ylems,4.547599,172.4436,371,0,1.417279
maize,4.547574,158.1214,348,1,1.514255
derro,4.547419,194.9922,481,0,1.425054
acing,4.547316,193.8622,478,0,1.377538
lefty,4.547276,179.7050,373,1,1.479050
movie,4.547075,178.5741,371,1,1.439093
verse,4.546703,206.7114,546,1,1.374298
dangs,4.546662,190.8160,484,0,1.330454
stilt,4.546591,211.4397,571,1,1.357235
mbira,4.546165,182.9914,388,0,1.408423
burke,4.546048,194.3097,483,0,1.433909
noyau,4.546041,163.5089,355,0,1.408423
ovist,4.545988,193.3292,502,0,1.350756
tacit,4.545888,201.0691,506,1,1.352484
roper,4.545773,189.8501,455,0,1.467819
tsars,4.545513,173.1391,430,0,1.451836
wonts,4.545416,210.3685,568,0,1.313175
tzars,4.545327,169.8510,420,0,1.463931
ardor,4.545278,199.3810,462,1,1.383369
exact,4.544984,173.8527,386,1,1.518790
merks,4.544959,176.2700,421,0,1.430886
tizes,4.544875,167.0086,413,0,1.460475
shirk,4.544811,201.1927,497,1,1.383801
roupy,4.544747,201.8242,523,0,1.387257
hazel,4.544746,160.0963,370,1,1.492873
snipy,4.544701,223.2462,607,0,1.358315
glaik,4.544685,205.8708,536,0,1.361987
obits,4.544670,179.4397,454,0,1.348164
yogas,4.544551,169.4959,400,0,1.379050
begad,4.544524,201.9425,436,0,1.418359
glees,4.544132,197.5607,509,0,1.315551
suing,4.543990,226.0816,621,1,1.335853
zeros,4.543954,152.9179,352,0,1.514903
lings,4.543714,198.8117,510,0,1.310367
gyron,4.543530,206.0937,516,0,1.321166
label,4.543524,190.8134,457,1,1.443413
lowts,4.543212,187.7542,484,0,1.332181
beths,4.543171,186.4644,449,0,1.417711
rozit,4.543138,174.4117,452,0,1.409071
gazer,4.543102,164.3037,401,1,1.562419
tents,4.542945,181.5253,439,0,1.401080
bords,4.542737,198.7633,495,0,1.349892
curds,4.542681,194.7218,471,0,1.320086
berko,4.542604,181.0363,422,0,1.460259
crass,4.542560,181.8346,461,1,1.426134
rebuy,4.542507,181.3620,381,0,1.494168
sasin,4.542502,189.3533,478,0,1.400864
mudir,4.542450,217.0207,557,0,1.286393
bowne,4.542424,195.2281,471,0,1.417711
norks,4.542306,184.4661,454,0,1.367171
nazes,4.542196,147.3775,341,0,1.520950
sants,4.542034,191.4864,516,0,1.397840
begin,4.541807,209.0156,494,1,1.384449
aceta,4.541445,171.2030,359,0,1.451620
tasso,4.541360,180.5387,445,0,1.403024
sclim,4.541184,194.8713,515,0,1.303672
graal,4.541121,195.7300,494,0,1.381425
infra,4.541062,170.8678,352,0,1.438877
bicep,4.541044,186.4462,452,1,1.367819
bunas,4.540856,190.6311,465,0,1.360475
epoch,4.540847,211.3041,481,1,1.397840
kelty,4.540779,171.4233,364,0,1.480994
lozen,4.540699,167.3438,376,0,1.457883
abear,4.540323,176.7296,431,0,1.478834
whorl,4.540288,198.7192,448,0,1.347948
wanly,4.540224,205.6497,543,0,1.401296
spawl,4.540020,207.2030,544,0,1.370410
towns,4.539897,210.3892,568,0,1.312311
farms,4.539734,183.7387,451,0,1.392009
festy,4.539562,182.2164,387,0,1.488337
tyees,4.539517,174.6156,437,0,1.343197
bemad,4.539393,202.6467,443,0,1.416199
rough,4.539254,212.0600,545,1,1.307991
gosht,4.539107,212.9801,587,0,1.302160
yirds,4.538864,176.4808,419,0,1.350756
rimus,4.538788,182.0445,429,0,1.339093
abuts,4.538724,188.4471,462,0,1.367819
penes,4.538720,202.1844,534,0,1.299568
pimas,4.538631,194.3330,465,0,1.347732
crows,4.538616,195.7317,500,0,1.362851
foehn,4.538528,190.7832,424,0,1.399568
laded,4.538502,177.3145,434,0,1.483585
modge,4.538237,204.7425,494,0,1.372570
sexto,4.538066,167.4156,369,0,1.494384
deawy,4.538033,184.1136,396,0,1.499136
eyres,4.537973,169.4423,399,0,1.396976
hokes,4.537539,171.2324,368,0,1.419006
narky,4.537321,178.0384,422,0,1.458531
tweer,4.537129,205.7205,519,0,1.384017
yagis,4.537119,169.5978,407,0,1.372138
meuse,4.537026,215.4847,578,0,1.288769
broch,4.536968,229.1909,611,0,1.335421
plebs,4.536748,189.7551,439,0,1.393089
sneck,4.536744,206.0886,453,0,1.434773
fauns,4.536659,184.9629,466,0,1.361771
tanky,4.536398,190.5732,485,0,1.404104
sword,4.536372,206.4687,533,1,1.362419
laxed,4.536346,172.9197,426,0,1.485961
taunt,4.536136,203.2644,518,1,1.343197
pokes,4.535791,179.0268,391,0,1.420518
muons,4.535370,224.6760,604,0,1.284449
laura,4.535323,171.9823,409,0,1.398488
rerun,4.535146,181.5667,432,1,1.408639
aviso,4.535102,170.5672,362,0,1.434773
dikes,4.534848,175.0553,416,0,1.396328
plods,4.534831,198.4790,514,0,1.296328
ethic,4.534826,178.8687,403,1,1.455940
gudes,4.534760,191.2117,457,0,1.367603
tonks,4.534754,201.7896,551,0,1.312743
blech,4.534685,208.6570,476,0,1.390497
ovals,4.534573,167.9572,408,0,1.415767
ender,4.534442,200.5629,497,0,1.380130
chaft,4.534376,231.7983,600,0,1.329806
motus,4.534151,210.7270,567,0,1.304752
awoke,4.534056,161.4881,294,1,1.506695
burns,4.533907,197.5045,458,0,1.338661
utter,4.533868,175.7309,416,1,1.465443
dunts,4.533804,201.2816,539,0,1.281857
reech,4.533739,213.0985,540,0,1.350972
laufs,4.533685,182.9940,470,0,1.361987
roots,4.533644,196.4186,497,0,1.380778
abrim,4.533580,181.2782,388,0,1.390065
waged,4.533558,194.7503,462,0,1.414255
crool,4.533432,201.5071,505,0,1.341037
mazer,4.533297,167.1901,405,0,1.559827
ether,4.533244,180.8030,466,1,1.418143
steem,4.533143,202.0575,516,0,1.351620
mauve,4.533132,174.2968,383,1,1.465227
wanty,4.533002,195.3819,489,0,1.404536
riper,4.532765,188.5931,451,1,1.439957
imbar,4.532748,180.9456,388,0,1.386609
vista,4.532476,183.8665,434,1,1.405616
vocal,4.532295,196.3572,475,1,1.371706
maund,4.532249,209.5080,534,0,1.305400
mopey,4.532222,194.9991,406,0,1.448380
hangs,4.532184,196.1801,507,0,1.325270
slung,4.531985,214.7944,581,1,1.317711
melik,4.531936,186.9585,427,0,1.389633
loess,4.531875,168.7227,364,0,1.455940
pheer,4.531742,217.9469,558,0,1.345356
stimy,4.531593,205.9935,549,0,1.389849
metes,4.531505,194.8004,516,0,1.315767
heels,4.531457,192.1724,468,0,1.314903
sweet,4.531336,218.9395,570,1,1.345140
pence,4.531145,216.7970,581,1,1.274082
rural,4.531048,177.1339,409,1,1.398488
weids,4.530991,186.6786,432,0,1.396544
glady,4.530952,224.4549,605,0,1.370194
besom,4.530867,183.2816,393,0,1.402376
belch,4.530849,203.8423,476,1,1.385313
solas,4.530805,178.4479,433,0,1.436717
kilts,4.530529,190.2873,507,0,1.311663
lazed,4.530162,173.3369,428,0,1.484881
temes,4.530160,192.9680,516,0,1.314039
shawn,4.530084,214.0652,547,0,1.354644
pikes,4.530063,187.3024,443,0,1.392657
pokal,4.529957,196.0678,470,0,1.362419
brawn,4.529886,192.7114,490,1,1.385745
tacks,4.529754,196.7097,525,0,1.358099
nertz,4.529647,157.6436,383,0,1.484881
lotta,4.529647,180.0816,418,0,1.398488
phoca,4.529612,215.2497,483,0,1.351188
synth,4.529568,216.8540,579,0,1.310583
ambit,4.529546,201.6514,482,0,1.344060
deets,4.529425,195.8769,492,0,1.323326
siens,4.529403,191.4726,425,0,1.448164
getup,4.529366,195.6108,465,0,1.351620
prowl,4.529205,195.2212,491,1,1.345572
batch,4.529176,220.6363,578,1,1.343197
ensue,4.529027,192.6069,475,1,1.319006
umbre,4.528929,186.3261,466,0,1.411231
borer,4.528831,205.9261,498,0,1.471058
avion,4.528679,194.8272,428,0,1.412527
korun,4.528620,203.7309,530,0,1.320086
platt,4.528568,211.0363,563,0,1.335205
sweer,4.528135,207.7395,531,0,1.409719
blaze,4.527923,186.1317,451,1,1.502160
mered,4.527852,231.2479,606,0,1.311015
wipes,4.527804,189.2505,441,0,1.386393
nixer,4.527780,168.0255,391,0,1.519438
quiet,4.527554,175.7810,414,1,1.459611
skelp,4.527501,206.2449,473,0,1.406263
blond,4.527142,229.4389,615,1,1.281641
stoit,4.526910,205.2514,542,0,1.362419
heath,4.526810,178.9024,389,1,1.494168
vogie,4.526598,185.5961,401,0,1.430022
germy,4.526581,196.3754,429,0,1.461771
sulfa,4.526530,194.7330,470,0,1.391145
hikes,4.526305,176.4678,408,0,1.391145
monty,4.526277,210.6847,553,0,1.347300
nowed,4.526123,198.7495,453,0,1.396112
metif,4.525976,189.7179,426,0,1.380994
dashi,4.525949,166.6104,388,0,1.377970
mohrs,4.525798,198.2121,480,0,1.337581
viols,4.525704,184.1862,465,0,1.329806
lurgi,4.525666,182.2864,394,0,1.361123
scatt,4.525634,213.8276,558,0,1.379914
aecia,4.525612,161.2073,326,0,1.464579
derby,4.525570,200.8065,464,1,1.468251
nurds,4.525570,183.3516,424,0,1.329374
homey,4.525396,183.2860,391,0,1.455076
punts,4.525371,222.5724,602,0,1.278186
roton,4.525284,205.3629,502,0,1.341469
order,4.525255,197.6695,481,1,1.465443
umrah,4.525014,183.3378,421,0,1.359827
girds,4.524897,192.1931,467,0,1.323758
paysd,4.524661,204.2708,532,0,1.314039
joule,4.524256,167.7050,379,0,1.462635
zaris,4.524163,152.4635,343,0,1.459179
revet,4.524156,209.5443,544,0,1.379050
merde,4.524114,225.9114,606,0,1.323326
pangs,4.524085,198.9032,516,0,1.326782
coked,4.523912,191.9564,445,0,1.387257
wamed,4.523831,192.5896,457,0,1.412095
redub,4.523698,197.1944,471,0,1.401512
pronk,4.523689,211.6203,555,0,1.331317
bahts,4.523482,197.7689,526,0,1.369546
chads,4.523459,202.4238,497,0,1.339525
trust,4.523361,217.9400,570,1,1.331102
dribs,4.523164,190.1637,461,0,1.335205
kohen,4.523080,179.8337,386,0,1.398704
lapje,4.522969,170.5214,418,0,1.479050
afoul,4.522820,179.3127,381,1,1.386393
fermi,4.522765,177.8216,399,0,1.449244
baths,4.522746,197.7810,526,0,1.367603
nival,4.522624,190.7624,468,0,1.385097
stogy,4.522574,197.4380,523,0,1.398920
ehing,4.522546,207.1019,452,0,1.418790
blags,4.522366,205.3231,530,0,1.355724
mutis,4.522270,215.1287,576,0,1.289849
savoy,4.522266,183.3110,448,1,1.457235
murid,4.522031,220.4454,557,0,1.285097
motet,4.522018,193.4441,447,0,1.394384
pyots,4.522004,205.7594,540,0,1.301512
ceroc,4.521994,178.1240,421,0,1.467387
vised,4.521967,190.6484,461,0,1.391145
warms,4.521946,186.3935,455,0,1.374946
vined,4.521939,220.2354,533,0,1.374514
logic,4.521736,187.2497,486,1,1.307775
yarks,4.521716,173.2419,414,0,1.410367
marks,4.521602,188.4203,468,0,1.380778
chirm,4.521503,222.5438,564,0,1.300216
camus,4.521425,201.6099,512,0,1.326350
aloos,4.521381,182.2778,433,0,1.393089
yacht,4.521350,192.1974,511,1,1.357883
jurel,4.521091,164.4056,379,0,1.488769
gusto,4.521029,211.3853,548,1,1.297624
gamut,4.521022,211.7983,546,1,1.312527
peaky,4.520798,184.4955,383,0,1.505400
hunts,4.520735,227.4803,615,0,1.276674
dervs,4.520629,180.6717,447,0,1.438013
winge,4.520559,213.3179,523,0,1.386177
vices,4.520355,176.6259,425,0,1.401944
hoven,4.520353,191.4086,424,0,1.395032
kyars,4.520312,179.8441,414,0,1.404752
bitsy,4.520289,204.9490,554,0,1.350540
lanas,4.520082,190.3322,501,0,1.334773
ponga,4.519846,209.4000,468,0,1.351188
pervs,4.519696,188.1551,459,0,1.434341
lifts,4.519342,197.8812,517,0,1.309719
fomes,4.519263,179.8467,391,0,1.411231
humor,4.519259,210.3460,541,1,1.284665
volts,4.519181,191.0095,486,0,1.321598
tufas,4.518866,194.3866,479,0,1.355292
sleek,4.518856,215.4769,559,1,1.344060
rabat,4.518721,206.5197,528,0,1.348164
baize,4.518262,163.9045,358,0,1.515119
ruana,4.518178,178.9119,442,0,1.371490
cubit,4.518038,230.1257,610,0,1.257883
women,4.517671,200.7823,434,1,1.385097
nazir,4.517653,163.1693,383,0,1.442333
gorms,4.517614,205.0648,499,0,1.320302
nasal,4.517515,190.9127,501,1,1.336933
reive,4.517420,203.8855,529,0,1.395464
akene,4.517404,187.0976,461,0,1.375378
exist,4.517305,194.7313,427,1,1.474298
joles,4.517248,157.3611,345,0,1.470626
allee,4.517165,203.4320,516,0,1.387041
mudra,4.517019,202.7192,453,0,1.366307
lamps,4.517000,199.6263,521,0,1.334125
ancho,4.516862,187.8994,436,0,1.358099
crimp,4.516799,216.9248,570,1,1.297408
stown,4.516791,213.7188,568,0,1.349028
rowth,4.516652,215.1218,551,0,1.336501
gager,4.516644,168.4428,408,0,1.559395
feign,4.516597,221.5927,514,1,1.375810
inner,4.516541,173.5175,392,1,1.505400
group,4.516396,216.0998,572,1,1.293737
zoeas,4.516232,146.1024,299,0,1.563715
pouty,4.515828,218.5957,577,1,1.341037
snaky,4.515752,206.7909,534,1,1.419222
serre,4.515497,212.2043,575,0,1.375594
prana,4.515391,195.3317,500,0,1.349028
snoot,4.515204,228.8903,613,0,1.317063
layup,4.515202,197.2462,507,0,1.320302
shift,4.515051,249.8570,674,1,1.317495
frore,4.515005,193.2920,494,0,1.461987
krang,4.514975,191.3188,482,0,1.385097
tenno,4.514885,178.5127,397,0,1.438877
dorbs,4.514684,198.6164,495,0,1.326782
quart,4.514643,174.1222,435,1,1.451188
drink,4.514625,225.1693,569,1,1.328510
lytic,4.514589,179.2894,449,0,1.309935
eruvs,4.514558,172.5758,391,0,1.473002
bends,4.514522,184.9879,428,0,1.378186
etens,4.514312,187.6393,439,0,1.366307
rinks,4.514308,189.4976,443,0,1.348812
oumas,4.514248,180.5292,378,0,1.381641
craic,4.513985,180.1559,426,0,1.434773
uncia,4.513943,186.3175,398,0,1.386609
bevor,4.513795,197.5486,476,0,1.462635
loxes,4.513746,158.9421,350,0,1.468035
ganch,4.513695,227.6393,592,0,1.300432
ikans,4.513592,184.1793,444,0,1.386825
motte,4.513588,191.3050,447,0,1.392657
refel,4.513525,200.7944,495,0,1.369762
boyed,4.513493,199.5598,431,0,1.400216
feres,4.513462,200.0177,510,0,1.367387
negus,4.513294,183.9391,424,0,1.387905
satay,4.513233,203.4622,550,0,1.410367
goban,4.513165,218.5179,514,0,1.326566
frees,4.513001,199.8346,510,0,1.375810
oktas,4.512732,170.7158,400,0,1.403672
ruers,4.512506,183.0553,416,0,1.423758
blams,4.512382,208.7564,540,0,1.353132
picul,4.511777,217.9054,581,0,1.237581
paved,4.511562,193.5261,476,0,1.423542
gyros,4.511378,188.3590,451,0,1.330238
whirl,4.511336,193.1883,433,1,1.341469
tupek,4.511250,198.6320,475,0,1.356371
pyned,4.511144,203.9184,476,0,1.342981
maror,4.511075,198.1058,488,0,1.371922
datum,4.511010,198.4661,505,1,1.307127
holds,4.510954,190.2000,475,0,1.283153
heder,4.510889,215.2255,557,0,1.339093
knawe,4.510781,177.9970,418,0,1.443844
yonic,4.510495,190.3149,505,0,1.313823
surra,4.510371,187.1503,428,0,1.419654
duvet,4.510045,201.2246,502,1,1.363931
hurly,4.509969,195.7525,397,0,1.386609
neeld,4.509934,208.4730,519,0,1.292441
kilos,4.509883,179.4605,443,0,1.312743
milpa,4.509851,204.5248,477,0,1.345788
sewel,4.509771,208.8488,557,0,1.326134
tacan,4.509769,208.6060,556,0,1.285097
haply,4.509731,207.5123,541,0,1.372570
tunds,4.509284,202.6924,539,0,1.274946
fumet,4.509212,207.8078,493,0,1.365875
kipes,4.509157,188.1171,443,0,1.376242
retry,4.508993,176.3546,375,1,1.496328
hoagy,4.508951,189.7292,472,0,1.393305
auras,4.508946,178.0816,428,0,1.367387
bleys,4.508802,178.9482,383,0,1.425918
furca,4.508697,200.9577,456,0,1.385961
smaze,4.508346,176.3572,408,0,1.509071
munge,4.508332,222.6553,530,0,1.350756
moose,4.508011,198.9421,452,1,1.407127
midge,4.508008,217.2004,523,1,1.344708
roque,4.507396,162.9732,383,0,1.510799
cress,4.507218,179.4397,423,1,1.461555
greed,4.507047,236.5888,616,1,1.322030
dipso,4.507004,202.1102,513,0,1.276026
gavot,4.506823,197.9961,490,0,1.349676
beers,4.506816,201.0371,497,0,1.368467
rykes,4.506629,161.1028,358,0,1.458747
jarls,4.506565,159.2194,368,0,1.460691
doucs,4.506096,211.0233,553,0,1.268898
truck,4.505894,217.5201,553,1,1.310583
upsey,4.505596,186.3356,418,0,1.434989
sages,4.505577,171.8881,404,0,1.480994
braks,4.505402,193.2549,471,0,1.404752
vegan,4.505296,197.4907,440,1,1.419654
gursh,4.505189,224.4419,537,0,1.286393
malar,4.504944,202.3287,502,0,1.356803
spank,4.504597,223.5970,573,1,1.356156
bogan,4.504307,218.6898,514,0,1.341253
namus,4.504050,185.6125,466,0,1.335637
probs,4.503962,199.6808,512,0,1.338013
throw,4.503846,218.1153,551,1,1.318575
poort,4.503767,228.3987,588,0,1.320950
oculi,4.503610,178.4004,407,0,1.331533
hauds,4.503494,185.3767,448,0,1.319438
bodge,4.503436,214.4350,517,0,1.373434
lurex,4.503341,165.7974,375,0,1.475810
vauts,4.503161,189.2851,486,0,1.357883
mawed,4.503102,192.6691,457,0,1.409719
skeer,4.503021,203.1071,518,0,1.405832
frank,4.502755,201.7145,505,1,1.385529
bowat,4.502468,204.2112,493,0,1.363715
subah,4.502463,211.8190,512,0,1.332829
surgy,4.501589,212.7313,509,0,1.385097
clavi,4.501559,201.4009,504,0,1.374730
tewel,4.501548,202.2778,508,0,1.300432
fyles,4.501430,176.6276,410,0,1.407559
sames,4.501361,177.0397,416,0,1.478834
jager,4.501054,164.6518,399,0,1.550540
mucro,4.500988,217.8536,552,0,1.292657
tayra,4.500784,186.0160,446,0,1.373218
biped,4.500781,210.7495,507,0,1.347948
asdic,4.500753,169.1365,379,0,1.383369
vinas,4.500750,185.1210,445,0,1.366955
enows,4.500725,187.8475,431,0,1.435421
elude,4.500435,209.6393,553,1,1.294384
paiks,4.500369,197.9996,496,0,1.349244
doing,4.500219,248.4013,664,1,1.287041
nudge,4.500195,213.7680,526,1,1.352916
shrow,4.500136,217.7214,539,0,1.344276
turks,4.499968,206.2069,507,0,1.328510
tosas,4.499963,182.9931,445,0,1.391145
debag,4.499751,202.6251,436,0,1.386177
yerks,4.499732,164.3762,358,0,1.460475
ugali,4.499542,171.6168,385,0,1.392441
fumer,4.499539,201.2937,470,0,1.430454
roger,4.499441,197.4708,478,1,1.449892
oleos,4.499211,172.1404,364,0,1.420518
woads,4.499152,187.0665,454,0,1.361123
ledum,4.499079,201.8743,463,0,1.336285
torii,4.499078,178.4410,461,0,1.384017
monic,4.499060,217.9598,579,0,1.284233
chaps,4.499021,229.7119,577,0,1.325054
haiks,4.498930,187.4536,466,0,1.347732
dempt,4.498872,195.4467,477,0,1.337149
turfs,4.498760,209.4553,519,0,1.326350
bunia,4.498744,206.1136,447,0,1.377970
phons,4.498655,226.6536,609,0,1.269978
bands,4.498536,190.1058,473,0,1.328078
above,4.498452,169.0458,327,1,1.507343
petit,4.498428,208.6821,495,0,1.368898
grize,4.498343,185.8423,461,0,1.477754
icier,4.498289,174.9395,411,0,1.478618
twirp,4.498238,208.0903,528,0,1.306479
ovels,4.498234,168.4851,342,0,1.451188
shewn,4.498166,216.2181,464,0,1.390065
zoist,4.498149,193.6600,527,0,1.350324
looey,4.498124,180.7279,376,0,1.486177
fugle,4.497434,212.9326,514,0,1.363067
skeet,4.497387,214.0212,557,0,1.341253
reorg,4.497333,194.0929,478,0,1.407343
scrow,4.497162,197.7093,500,0,1.351620
daiko,4.497145,177.9408,349,0,1.381425
sorns,4.497093,195.5978,496,0,1.378402
acidy,4.496845,191.6117,455,0,1.395680
gramp,4.496835,204.8246,521,0,1.337581
nicht,4.496829,218.0056,592,0,1.286825
hence,4.496501,219.3965,576,1,1.272570
suers,4.496440,186.0868,416,0,1.480130
thong,4.496244,227.4294,610,1,1.273866
bliny,4.496083,225.9978,613,0,1.348596
owned,4.496049,207.8026,453,0,1.370626
briar,4.495977,196.4013,461,1,1.382505
prink,4.495949,220.3676,555,0,1.324838
ploys,4.495761,203.6048,530,0,1.302376
blees,4.495665,208.7952,530,0,1.313823
malik,4.495617,208.0479,527,0,1.339525
myope,4.495611,186.9387,406,0,1.388337
tithe,4.495603,196.0359,476,1,1.384881
doves,4.495554,183.9745,417,0,1.409287
sycee,4.495389,180.4263,470,0,1.353132
amnic,4.495330,199.1927,476,0,1.341469
cloot,4.494726,220.4272,583,0,1.274298
kaury,4.494649,181.0363,426,0,1.436069
twins,4.494492,219.4406,588,0,1.302160
urvas,4.494379,168.8108,393,0,1.401296
salad,4.494061,207.5045,561,1,1.328942
vague,4.494037,180.5732,367,1,1.438877
pilaf,4.493997,208.3944,503,0,1.330238
unlid,4.493996,217.4942,571,0,1.263931
ratty,4.493725,189.4596,446,1,1.443413
berks,4.493570,186.2147,446,0,1.431749
chays,4.493482,204.8497,514,0,1.345572
carvy,4.493304,200.4963,483,0,1.424406
ebony,4.493245,201.1322,488,1,1.469546
whats,4.493234,222.7106,562,0,1.348380
agism,4.493209,192.1724,458,0,1.333909
mihas,4.493207,183.2212,433,0,1.343197
mille,4.493105,203.3853,487,0,1.361771
rhody,4.493092,211.0536,534,0,1.355940
corby,4.493018,215.5149,555,0,1.363283
hefts,4.492533,200.3927,468,0,1.374730
kulan,4.492146,199.6670,482,0,1.326782
grews,4.491953,184.6320,438,0,1.431965
sambo,4.491415,190.0186,465,0,1.369978
umpie,4.491127,189.8700,416,0,1.364795
paras,4.490880,203.7827,518,0,1.345140
clonk,4.490859,229.0294,602,0,1.291577
basho,4.490754,181.0639,427,0,1.368251
mebos,4.490629,186.4479,393,0,1.381857
chemo,4.490482,216.3581,452,0,1.372138
lawny,4.490247,208.8652,543,0,1.382289
brush,4.490146,214.3521,549,1,1.302592
rubli,4.489918,190.9931,395,0,1.346220
spork,4.489434,214.3451,543,0,1.358099
chive,4.488937,214.4341,521,0,1.390065
mandi,4.488892,202.5914,499,0,1.334341
wyles,4.488876,178.1050,410,0,1.390497
blind,4.488836,247.9123,661,1,1.275162
goose,4.488821,198.2328,455,1,1.409719
lochs,4.488803,198.3719,502,0,1.300000
pases,4.488613,179.2238,418,0,1.455292
mohur,4.488343,211.3896,541,0,1.290929
doeks,4.488142,185.8717,409,0,1.403024
birds,4.488083,194.2786,461,0,1.322030
rejon,4.488028,168.7598,379,0,1.489849
addle,4.487970,182.3425,434,0,1.466091
venae,4.487599,201.7153,506,0,1.369114
bahut,4.487550,207.3844,537,0,1.334557
ovary,4.487473,171.8847,403,1,1.479266
azide,4.487436,169.8156,347,0,1.498056
ceric,4.487240,175.5840,411,0,1.461771
eigne,4.487142,223.8441,573,0,1.307343
barmy,4.487129,216.5957,521,0,1.409935
amids,4.487062,185.7283,418,0,1.346436
cubed,4.487039,218.5473,528,0,1.311663
color,4.486968,208.0073,505,1,1.327214
fasci,4.486912,182.8108,433,0,1.369546
taxon,4.486808,183.3421,446,0,1.382073
plush,4.486653,247.8907,653,1,1.234125
sybil,4.486604,202.3624,543,0,1.285961
aspic,4.486330,181.4337,420,0,1.369330
soupy,4.486235,232.6536,625,0,1.349028
axled,4.486151,183.5840,426,0,1.456371
herby,4.485779,188.7002,397,0,1.463067
mawrs,4.485747,189.3102,455,0,1.368683
drown,4.485679,226.9577,577,1,1.301296
toits,4.485645,206.0782,542,0,1.312959
waken,4.485401,182.3322,418,0,1.440389
frabs,4.485326,186.0307,450,0,1.392225
apple,4.485313,183.3689,427,1,1.460907
tools,4.485067,204.7641,529,0,1.313607
fakir,4.484835,185.2911,434,0,1.387905
soils,4.484776,188.0333,496,0,1.356587
datal,4.484688,211.8492,548,0,1.303024
lefte,4.484648,205.1624,520,0,1.311879
herye,4.484628,185.7758,457,0,1.356156
finos,4.484360,205.8484,525,0,1.303456
delfs,4.484251,186.6337,434,0,1.368035
rawer,4.484171,182.8998,446,0,1.502592
bolus,4.484123,213.7542,549,0,1.297624
aguti,4.484079,182.7935,374,0,1.388337
flume,4.483983,208.1482,506,1,1.366307
haars,4.483891,194.3823,472,0,1.372354
adder,4.483820,175.1883,409,0,1.535637
valid,4.483596,208.8160,516,1,1.334989
lests,4.483555,174.8834,405,0,1.417495
fakes,4.483480,169.5365,392,0,1.466523
guild,4.483434,253.9901,663,1,1.229158
lucid,4.483418,219.7698,571,1,1.241037
mould,4.483329,239.7940,630,0,1.236069
grody,4.483113,229.7940,602,0,1.350540
zoril,4.483093,168.0825,397,0,1.390713
soces,4.482921,178.1603,391,0,1.435205
hoing,4.482773,225.8069,607,0,1.281857
barks,4.482758,193.6842,471,0,1.381641
bosun,4.482599,228.8773,602,0,1.268683
pekin,4.482509,202.1032,467,0,1.357667
sigma,4.482285,199.9356,458,1,1.363067
woker,4.482053,190.3218,437,0,1.474730
trump,4.481993,214.8816,553,1,1.277538
jurat,4.481934,182.2415,430,0,1.420950
yangs,4.481878,194.0238,485,0,1.328078
bigot,4.481548,215.5996,562,1,1.281857
micos,4.481410,196.6587,485,0,1.274514
misty,4.481224,212.5749,549,0,1.336069
amido,4.481070,197.0708,418,0,1.374946
romps,4.481065,209.7395,519,0,1.312095
spicy,4.481058,228.5637,617,1,1.330670
waldo,4.480988,198.2354,475,0,1.342117
apnea,4.480931,184.4721,423,1,1.392009
tanti,4.480923,196.9559,487,0,1.358099
rotos,4.480915,199.3067,497,0,1.350540
kefir,4.480797,181.9002,422,0,1.415767
furls,4.480741,196.7322,428,0,1.342765
botte,4.480543,200.5654,477,0,1.393521
wytes,4.480281,175.1089,394,0,1.398488
seams,4.480247,188.3261,416,0,1.464579
trull,4.480061,186.2838,450,0,1.321166
stool,4.480041,207.8009,529,1,1.336285
smaik,4.480024,204.3037,490,0,1.367171
waift,4.479920,203.4216,506,0,1.336717
lindy,4.479895,230.9153,607,0,1.323110
sarus,4.479863,180.4082,428,0,1.423974
madly,4.479559,232.5568,610,1,1.359827
tophs,4.479506,227.1572,614,0,1.277754
sweel,4.479422,217.8043,557,0,1.315983
ungot,4.479160,223.3767,585,0,1.266955
pioys,4.479010,192.8117,488,0,1.302160
emure,4.478964,202.0255,525,0,1.327646
potch,4.478944,243.6454,640,0,1.263283
rungs,4.478934,209.8112,477,0,1.310151
copsy,4.478796,224.3788,601,0,1.311879
barfs,4.478648,187.6497,450,0,1.379482
xenia,4.478306,166.5551,314,0,1.512095
syrup,4.478109,219.5149,530,1,1.304536
omega,4.477928,171.3421,296,1,1.483369
almud,4.477904,218.8091,540,0,1.288769
amyls,4.477722,194.6907,492,0,1.336069
joist,4.477563,197.3775,535,1,1.350540
thilk,4.477559,218.9292,572,0,1.278618
pendu,4.477441,201.2790,473,0,1.328510
leben,4.477339,216.7002,544,0,1.269330
balms,4.477289,210.4479,540,0,1.333261
allis,4.477168,193.7819,450,0,1.358963
nonce,4.477136,193.0501,442,0,1.400648
theta,4.477088,201.4415,389,1,1.446004
mango,4.477047,211.1443,504,1,1.326998
abcee,4.476984,190.6942,481,0,1.363931
saics,4.476617,194.4851,493,0,1.375378
cello,4.476494,190.0333,408,1,1.387041
softy,4.476470,214.6691,569,0,1.368683
lahar,4.476325,182.7961,438,0,1.365443
femur,4.476196,201.6790,470,1,1.391577
pubes,4.476086,205.4268,495,0,1.344924
aping,4.476050,213.7663,496,1,1.338013
anoas,4.475823,187.8251,462,0,1.332829
fauld,4.475752,216.1844,556,0,1.310367
egmas,4.475711,173.8855,354,0,1.448380
light,4.475690,204.1240,533,1,1.278618
notum,4.475569,215.3464,560,0,1.261555
lacks,4.475466,207.0562,535,0,1.336717
coved,4.475328,206.7564,488,0,1.372354
sibyl,4.475296,202.7564,543,0,1.291145
sease,4.475157,196.2069,495,0,1.441901
weest,4.475136,228.5663,570,0,1.295032
pandy,4.475130,221.3983,556,0,1.339525
jaspe,4.475110,174.9102,410,0,1.466523
sadhu,4.475084,182.1827,448,0,1.347732
wadts,4.475045,191.5080,492,0,1.328942
hoves,4.474941,183.2030,400,0,1.404104
moyls,4.474837,208.9965,527,0,1.278834
quite,4.474824,176.0575,414,1,1.457883
sedgy,4.474762,195.1521,451,0,1.435205
rimer,4.474726,194.1888,448,0,1.419870
flosh,4.474676,216.9654,563,0,1.283153
mouth,4.474652,245.3698,640,1,1.247732
pagod,4.474477,208.4160,500,0,1.287041
tutor,4.474400,211.0026,543,1,1.308423
korus,4.474316,198.5629,494,0,1.329158
segue,4.474240,216.1127,568,1,1.305184
still,4.474100,215.5322,571,1,1.336285
chang,4.474082,228.6708,592,0,1.305400
rifty,4.474047,201.4579,476,0,1.379050
blady,4.473823,237.7499,629,0,1.368467
kuias,4.473679,178.6371,376,0,1.368683
pelfs,4.473601,196.3572,465,0,1.364363
leges,4.473533,199.7093,509,0,1.294816
viand,4.473520,220.9775,551,0,1.317927
batik,4.473225,202.0065,500,0,1.348380
tweel,4.473070,208.2130,508,0,1.290281
posse,4.472826,199.7447,450,1,1.400000
medic,4.472742,199.4302,449,1,1.350108
aglus,4.472608,184.5292,444,0,1.349244
zones,4.472562,171.6989,366,0,1.433909
sever,4.472387,212.6959,546,1,1.405400
frier,4.472328,204.2527,489,0,1.445572
deens,4.472311,206.9084,508,0,1.282073
kafir,4.472303,185.4484,434,0,1.365659
lauan,4.472295,204.0393,536,0,1.291145
hangi,4.471624,202.2086,482,0,1.332397
docht,4.471563,226.5127,612,0,1.252916
ceili,4.471508,191.5382,453,0,1.398920
braws,4.471469,189.9719,458,0,1.394816
nones,4.471436,177.1823,376,0,1.426134
slits,4.471413,212.9214,571,0,1.332181
bravo,4.471356,195.4942,482,1,1.408423
inbye,4.471335,173.9866,377,0,1.399352
lowns,4.471235,204.5352,517,0,1.290929
pilaw,4.471188,205.8199,494,0,1.322678
roded,4.470967,199.5814,481,0,1.461555
scall,4.470966,212.9222,561,0,1.355724
sices,4.470898,183.3646,437,0,1.407343
cymes,4.470884,176.9525,390,0,1.362851
legal,4.470662,204.0212,435,1,1.412959
fusil,4.470617,219.4492,564,0,1.267819
aided,4.470576,179.2972,350,0,1.472570
toque,4.470566,173.4130,379,0,1.446868
welds,4.470417,190.9793,446,0,1.363715
betes,4.470316,205.9192,542,0,1.316631
chace,4.470146,201.0000,444,0,1.470626
minty,4.470093,220.1879,573,1,1.319438
brogs,4.470089,206.9965,513,0,1.336069
ulmin,4.470006,218.2527,578,0,1.249028
sough,4.469952,239.5192,638,0,1.269762
lemes,4.469876,199.1019,507,0,1.292657
defis,4.469811,186.3400,418,0,1.375378
theed,4.469714,224.6432,576,0,1.263499
deuce,4.469593,228.4937,604,1,1.243197
dedal,4.469477,196.9585,434,0,1.449892
khats,4.469389,223.5400,570,0,1.338229
blype,4.469173,197.4803,479,0,1.370410
kreng,4.469018,192.2337,462,0,1.420518
donne,4.468728,208.7771,497,0,1.389417
orris,4.468712,179.0458,436,0,1.342333
mowra,4.468536,202.7305,440,0,1.393089
plong,4.468414,225.8674,603,0,1.262203
roguy,4.468343,215.9045,542,0,1.353132
brede,4.468048,241.8164,636,0,1.332613
dozer,4.467949,194.4229,473,0,1.484449
vaped,4.467872,195.7188,476,0,1.404104
gurly,4.467810,215.2523,468,0,1.362419
croon,4.467736,237.0363,603,0,1.293089
brack,4.467719,224.2346,562,0,1.368898
dawts,4.467588,190.9257,492,0,1.324406
coses,4.467357,180.3166,391,0,1.404104
yawed,4.467354,180.2873,396,0,1.439309
shall,4.467282,220.1421,572,1,1.348380
alarm,4.467208,207.8639,502,1,1.344924
raker,4.467178,176.7624,427,0,1.503024
nooit,4.467105,224.1888,599,0,1.305616
kanae,4.467016,190.2156,461,0,1.400432
tinks,4.466883,217.4855,583,0,1.284881
kutas,4.466794,199.0156,492,0,1.343844
echos,4.466751,184.3762,431,0,1.433477
murly,4.466658,214.0367,453,0,1.359827
bouns,4.466619,229.1996,602,0,1.288337
lanai,4.466494,193.8657,497,0,1.341901
mokes,4.466468,182.1948,388,0,1.392225
opahs,4.466286,181.2860,422,0,1.365659
tough,4.466006,238.3728,628,1,1.244060
fados,4.465903,179.9227,418,0,1.347084
thaws,4.465842,222.2484,562,0,1.338013
brize,4.465451,186.2639,464,0,1.476026
ethyl,4.465431,171.1166,410,0,1.436501
pylon,4.465355,213.7084,553,0,1.254212
coost,4.465346,238.8575,641,0,1.286609
octyl,4.465167,175.2523,434,0,1.308207
novas,4.465157,183.8363,434,0,1.374082
demic,4.465121,199.6652,449,0,1.347948
hafts,4.464976,209.7810,544,0,1.324622
gibed,4.464879,230.3857,543,0,1.315335
unrig,4.464861,205.1987,512,0,1.309719
lasso,4.464675,178.3365,433,1,1.381641
crudy,4.464660,222.6484,573,0,1.322030
peens,4.464514,214.8583,534,0,1.278402
troth,4.464330,225.4268,585,0,1.306695
brigs,4.464325,201.8467,481,0,1.329590
kelim,4.464149,188.8065,427,0,1.355508
breed,4.463826,246.9715,636,1,1.320302
glaum,4.463735,222.4246,574,0,1.289633
coifs,4.463670,200.4747,517,0,1.295896
stewy,4.463657,196.4583,419,0,1.493089
birch,4.463629,226.1646,567,1,1.292657
iched,4.463611,187.3490,436,0,1.364795
primy,4.463567,222.6268,570,0,1.338445
prior,4.463447,213.8484,555,1,1.301296
grund,4.463292,245.7533,619,0,1.268898
sowth,4.463112,260.4566,684,0,1.298272
atlas,4.463087,195.4968,493,0,1.341901
mengs,4.463063,195.8838,451,0,1.348596
maaed,4.463039,205.4121,508,0,1.386609
targa,4.462549,201.0994,506,0,1.335205
clink,4.462447,244.9758,645,1,1.285097
vatic,4.462409,192.3633,470,0,1.357883
tweak,4.462403,186.2726,368,1,1.447516
lanky,4.462394,211.1883,544,1,1.382721
nukes,4.462320,187.2402,431,0,1.372570
meets,4.462257,209.9996,516,0,1.291361
avale,4.462249,201.2186,502,0,1.419654
dives,4.462215,193.1322,461,0,1.381425
mamie,4.462158,167.9045,351,0,1.484665
aland,4.462146,229.3361,606,0,1.274946
coups,4.461938,231.2920,609,0,1.255292
aught,4.461784,213.1287,518,0,1.317279
bench,4.461756,214.8281,494,1,1.348812
kyles,4.461664,176.6285,407,0,1.380346
polys,4.461549,207.2445,530,0,1.290713
luxer,4.461507,171.5227,375,0,1.487257
mynas,4.461421,196.2095,486,0,1.307127
winos,4.461216,212.6095,540,0,1.286393
spayd,4.461046,207.5857,532,0,1.333693
veiny,4.460796,202.9024,428,0,1.454644
gravs,4.460789,190.0514,462,0,1.381641
afear,4.460635,184.8600,433,0,1.451188
cukes,4.460481,203.0752,477,0,1.363283
whist,4.460356,253.9218,674,0,1.280130
revie,4.460312,207.6929,529,0,1.372786
volti,4.460211,187.9037,462,0,1.328726
sculp,4.460124,236.5689,617,0,1.257667
kulas,4.460059,202.8030,492,0,1.335853
corso,4.460023,218.5724,542,0,1.300432
honds,4.459751,213.2816,559,0,1.246652
zerda,4.459746,175.7024,403,0,1.502160
charr,4.459410,229.4536,580,0,1.330238
parrs,4.459350,203.4976,518,0,1.342765
crewe,4.459296,223.7421,593,0,1.330670
caphs,4.459263,225.2635,577,0,1.301080
skelm,4.459252,202.6302,455,0,1.382505
sista,4.459210,201.5590,470,0,1.411015
video,4.459020,194.3192,396,1,1.400864
whets,4.458883,222.9672,481,0,1.383801
bitou,4.458866,192.4298,474,0,1.304752
borms,4.458774,216.1317,519,0,1.318575
ethne,4.458697,194.6242,503,0,1.310583
pound,4.458619,247.9797,666,1,1.226350
dormy,4.458464,238.2501,605,0,1.333693
korma,4.458255,192.5715,429,0,1.389201
sauna,4.458157,204.7564,539,1,1.328078
peery,4.458153,212.2328,510,0,1.379914
flaps,4.458092,211.2177,535,0,1.336069
thuya,4.458036,202.6112,471,0,1.335421
peavy,4.457830,193.9244,416,0,1.480562
armor,4.457741,211.0648,488,1,1.349244
vegas,4.457609,180.7952,392,0,1.428726
fouls,4.457469,214.7970,557,0,1.292441
menes,4.457350,202.8695,518,0,1.271274
bomas,4.457322,201.3870,465,0,1.348164
rieve,4.457308,207.7490,529,0,1.367603
quote,4.457302,171.8924,379,1,1.464363
putid,4.457097,235.0043,614,0,1.228726
fused,4.456708,201.0320,479,0,1.350756
hound,4.456659,240.3590,643,1,1.224838
smeik,4.456379,200.3469,424,0,1.402592
mikes,4.456309,185.1901,417,0,1.364363
wacke,4.456262,192.3210,447,0,1.412527
chalk,4.455941,248.8307,638,1,1.316631
elmen,4.455792,205.3775,501,0,1.271274
snafu,4.455688,190.6371,466,0,1.355940
heled,4.455656,219.8691,559,0,1.245140
kuris,4.455503,190.4765,456,0,1.314255
linum,4.455477,218.1559,578,0,1.242549
brims,4.455354,196.0073,471,0,1.326998
romeo,4.455292,200.0678,461,0,1.414471
input,4.455242,215.6168,570,1,1.263067
jails,4.455237,174.3555,439,0,1.400864
thrum,4.455226,226.1378,544,1,1.264795
badly,4.455080,243.1045,629,1,1.360691
pilch,4.454771,245.5382,640,0,1.227430
jones,4.454609,174.5991,371,0,1.434125
hynde,4.454477,184.5637,421,0,1.353780
gaitt,4.454266,220.7944,556,0,1.322462
ruses,4.454265,179.9901,416,0,1.438661
yowes,4.454247,171.2263,354,0,1.421382
slunk,4.454197,233.9330,610,1,1.290929
thigs,4.454109,230.6337,616,0,1.272786
chams,4.454105,234.5793,583,0,1.308207
swith,4.453949,257.1641,674,0,1.288121
scrum,4.453934,214.1421,513,1,1.297840
vespa,4.453651,186.3927,405,0,1.433045
bogey,4.453439,201.8233,419,0,1.431317
solon,4.453321,217.5927,564,0,1.295248
pawls,4.453236,208.8644,544,0,1.317495
slots,4.453160,202.8903,529,0,1.338661
unsod,4.453134,211.2445,551,0,1.249676
murre,4.452651,210.4937,525,0,1.366739
adunc,4.452598,203.6376,490,0,1.297408
lowry,4.452414,200.7555,439,0,1.392441
noses,4.452323,176.4428,376,0,1.413391
tsked,4.452085,171.7888,420,0,1.390713
flays,4.452072,201.1460,515,0,1.356587
ponds,4.452048,217.3516,571,0,1.248164
argal,4.451973,204.5672,494,0,1.335205
fugie,4.451791,211.0605,461,0,1.361771
snool,4.451748,217.3292,564,0,1.287905
shell,4.451717,211.5469,468,1,1.383801
limpa,4.451644,206.3244,477,0,1.330670
razee,4.451412,182.7287,481,0,1.476458
latah,4.451267,218.9775,575,0,1.298272
upend,4.451203,209.4060,473,0,1.323758
octet,4.451038,185.3257,402,1,1.393305
sulph,4.450917,252.7227,653,0,1.241685
genes,4.450862,216.0384,556,0,1.273866
wakes,4.450855,173.7102,399,0,1.449460
fiche,4.450773,204.3978,475,0,1.365011
ylkes,4.450757,173.2903,407,0,1.394168
lasts,4.450670,188.9836,493,0,1.367387
bring,4.450277,226.1067,570,1,1.324190
boose,4.450276,204.1387,469,0,1.407991
compt,4.450220,236.6251,631,0,1.232181
kluge,4.449978,208.6363,495,0,1.341685
handy,4.449750,211.7421,528,1,1.338013
campo,4.449668,216.6786,518,0,1.300000
odahs,4.449555,167.5693,380,0,1.367171
dooce,4.449527,213.4354,509,0,1.361555
yarta,4.449445,185.7724,446,0,1.368467
sabes,4.449207,180.3028,423,0,1.464579
shies,4.449028,199.8847,464,0,1.410367
nalas,4.449027,195.1149,501,0,1.317927
munts,4.448964,225.9192,595,0,1.249892
admin,4.448953,218.1991,499,1,1.308423
tykes,4.448923,168.9482,377,0,1.394816
hives,4.448892,190.8790,450,0,1.376242
suras,4.448752,187.5892,428,0,1.415983
flics,4.448686,222.7892,565,0,1.280130
pombe,4.448646,208.8376,494,0,1.341253
optic,4.448563,196.6406,477,1,1.288121
growl,4.448538,205.0337,499,1,1.319870
stint,4.448438,244.4609,654,1,1.319222
kogal,4.448428,203.8069,484,0,1.328078
plack,4.448373,251.1849,646,0,1.300432
stoas,4.448312,188.2803,445,0,1.429806
senvy,4.448292,192.0721,418,0,1.455076
yokes,4.447941,166.6311,356,0,1.421814
mobey,4.447910,205.8181,414,0,1.414039
molds,4.447735,209.2082,520,0,1.256371
clown,4.447607,225.3369,591,1,1.257883
swopt,4.447585,244.4333,645,0,1.285745
redye,4.447468,210.0505,526,0,1.341037
youth,4.447196,221.3896,582,1,1.277322
nebel,4.447143,216.5827,544,0,1.263931
shrug,4.447140,224.3952,537,1,1.291145
holms,4.447045,213.8562,538,0,1.251836
finca,4.446868,218.3806,502,0,1.342333
enoki,4.446859,187.5737,451,0,1.452484
flocs,4.446813,210.3270,521,0,1.286609
todde,4.446643,188.8186,458,0,1.409935
kaids,4.446589,184.3650,454,0,1.336285
cheka,4.446418,217.9719,414,0,1.431102
plews,4.446389,207.3801,468,0,1.361771
brews,4.446349,192.5292,456,0,1.430238
assot,4.446310,193.6842,445,0,1.372786
kitul,4.446210,202.6190,535,0,1.255508
mangs,4.445983,209.5598,530,0,1.298488
golds,4.445963,206.4419,510,0,1.258963
eying,4.445760,211.9857,486,1,1.409071
porgy,4.445380,229.5054,579,0,1.332613
medle,4.445295,237.4449,616,0,1.242765
rownd,4.445083,233.6756,577,0,1.286825
kilns,4.445041,213.1400,549,0,1.270410
neuks,4.444965,194.0808,431,0,1.360907
scala,4.444888,211.0691,561,0,1.335853
purer,4.444776,216.2501,516,1,1.385097
serer,4.444692,219.1685,575,0,1.365659
darky,4.444624,203.8199,499,0,1.396760
wrier,4.444406,208.5292,498,0,1.428510
turnt,4.444161,223.0121,539,0,1.286177
thing,4.443950,238.2095,628,1,1.267387
ohone,4.443719,196.6354,448,0,1.371706
musca,4.443468,221.7922,512,0,1.306479
ritts,4.443268,203.7896,492,0,1.324190
speug,4.443251,218.1905,483,0,1.356587
plims,4.443154,227.3006,590,0,1.258531
totem,4.443144,198.6337,447,1,1.357883
uplay,4.443133,210.5551,507,0,1.357883
noups,4.443120,220.9119,590,0,1.264579
gorge,4.442798,192.7771,478,1,1.466307
typos,4.442798,206.8324,540,0,1.261339
roons,4.442748,211.4078,496,0,1.339525
knots,4.442658,209.6298,551,0,1.284233
bawrs,4.442355,194.4263,458,0,1.369546
kenaf,4.442259,193.4518,404,0,1.390497
polka,4.442134,205.4994,470,1,1.340821
teaze,4.441913,187.1235,477,0,1.398704
umber,4.441901,199.7689,466,0,1.401296
pipet,4.441879,207.5106,495,0,1.383369
merge,4.441606,232.5879,607,1,1.294600
gauds,4.441285,201.7421,488,0,1.295248
spawn,4.441265,218.3374,553,1,1.322462
phese,4.441160,248.9352,629,0,1.264795
kytes,4.441130,171.1063,377,0,1.388337
baked,4.441128,193.2799,448,0,1.411015
rolls,4.441127,185.9080,415,0,1.349028
tophi,4.441029,201.9711,505,0,1.284881
ditch,4.440999,240.6199,630,1,1.239093
gouty,4.440948,230.0479,598,0,1.315335
dorks,4.440876,202.5464,508,0,1.305400
welkt,4.440769,196.8073,437,0,1.356156
gusli,4.440214,212.6570,532,0,1.273002
blank,4.440183,232.5024,600,1,1.323542
halfs,4.440113,198.7944,505,0,1.312743
acari,4.439996,183.0778,426,0,1.367819
scoup,4.439823,232.7201,609,0,1.268251
futon,4.439726,231.0907,595,0,1.253348
foams,4.439704,192.8713,466,0,1.346868
pitch,4.439588,254.5205,660,1,1.235421
shirr,4.439353,211.5901,557,0,1.317927
palmy,4.439156,242.2847,617,0,1.344708
amowt,4.439149,205.2341,487,0,1.335421
orlon,4.438912,190.0367,434,0,1.317063
uncos,4.438877,206.4834,534,0,1.260475
sagum,4.438675,218.0428,546,0,1.301296
munis,4.438663,230.9205,602,0,1.245356
nodus,4.438364,211.5503,551,0,1.262419
unsew,4.438327,187.4052,423,0,1.357451
rheme,4.438070,216.2950,558,0,1.308423
poncy,4.437947,241.4251,638,0,1.283801
horks,4.437889,212.7788,516,0,1.300216
bitte,4.437818,210.9611,517,0,1.365659
carry,4.437576,208.9819,516,1,1.382937
fords,4.437526,203.9400,500,0,1.315983
doubt,4.437388,242.5542,638,1,1.231102
cozen,4.436990,196.1551,433,0,1.395248
corno,4.436952,237.3585,603,0,1.273434
powan,4.436942,210.7166,488,0,1.314039
aphis,4.436853,192.1309,438,0,1.339741
splog,4.436632,211.2471,551,0,1.270410
teems,4.436366,209.6946,516,0,1.285097
thowl,4.436204,223.5978,573,0,1.261339
neons,4.436106,181.0302,376,0,1.411447
yclad,4.435694,207.6419,532,0,1.300864
porks,4.435663,218.5922,543,0,1.301728
mousy,4.435524,243.7447,641,0,1.298488
teiid,4.435444,209.0760,490,0,1.385097
warbs,4.435275,192.3598,458,0,1.352052
creek,4.435236,231.9607,595,1,1.330238
resew,4.435222,209.9028,531,0,1.333045
glift,4.434991,242.4462,626,0,1.254428
devon,4.434971,214.8367,477,0,1.352052
renew,4.434664,218.9127,546,1,1.316415
ormer,4.434597,202.7909,461,0,1.431317
pseud,4.434596,212.2691,464,0,1.345356
ettin,4.434466,212.3417,446,0,1.379698
nines,4.434381,186.0436,425,0,1.398272
scowl,4.434260,210.1214,539,1,1.294384
cosec,4.434192,182.8454,391,0,1.403024
twerk,4.434182,197.8950,438,0,1.414039
walds,4.434164,201.9616,512,0,1.313607
parky,4.434087,212.0367,515,0,1.393089
zonal,4.433979,189.3188,446,1,1.375810
ganof,4.433740,218.4747,514,0,1.294600
pling,4.433527,243.4086,645,0,1.255724
yucas,4.433461,186.1585,440,0,1.327214
antas,4.433419,200.8790,516,0,1.301512
knave,4.433022,188.6907,445,1,1.428942
yikes,4.432814,168.5015,353,0,1.393952
nervy,4.432745,181.9227,375,0,1.483801
leeps,4.432719,214.0851,522,0,1.280562
udons,4.432504,211.7214,551,0,1.263715
mauds,4.432147,205.6177,502,0,1.292657
repro,4.432128,195.4380,455,0,1.390713
swarf,4.432020,201.8285,479,0,1.387689
taxis,4.431974,185.5305,464,0,1.385529
goafs,4.431970,188.2086,452,0,1.336069
scamp,4.431960,227.4104,582,1,1.312095
profs,4.431854,207.9641,525,0,1.314471
sulfo,4.431824,217.2341,557,0,1.287905
hydra,4.431755,192.8212,416,0,1.340605
touks,4.431729,222.4600,591,0,1.278186
chuts,4.431626,273.8415,707,0,1.257019
tsuba,4.431361,197.2462,462,0,1.350756
jeton,4.431318,178.4695,392,0,1.421382
crowd,4.431317,244.4894,633,1,1.273434
lycee,4.430861,189.8371,479,0,1.306048
felch,4.430845,217.8043,491,0,1.351404
towsy,4.430762,224.0566,594,0,1.323326
naeve,4.430720,198.2717,506,0,1.364147
carap,4.430668,227.5616,580,0,1.288121
krabs,4.430626,194.7132,471,0,1.365011
cells,4.430576,196.9369,454,0,1.358531
stock,4.430536,226.5050,585,1,1.332181
sensi,4.430522,188.6596,425,0,1.440821
stick,4.430492,235.5788,619,1,1.325702
hapus,4.430472,209.5114,516,0,1.288769
vrous,4.430288,201.1572,507,0,1.326134
tolts,4.430178,208.6691,529,0,1.280130
folic,4.430066,210.4860,537,0,1.287689
wadis,4.430040,191.2557,450,0,1.324406
favor,4.429874,202.1240,475,1,1.378618
koaps,4.429826,195.6765,480,0,1.336501
uveas,4.429529,166.7425,307,0,1.469114
ronin,4.429353,207.3076,510,0,1.344492
yauds,4.429080,189.3093,455,0,1.322246
sauts,4.429026,214.7788,541,0,1.363283
hemic,4.428914,202.2415,446,0,1.342765
bowes,4.428817,194.5248,431,0,1.392657
zines,4.428623,180.7572,416,0,1.406048
kente,4.428622,206.7140,540,0,1.277322
shogi,4.428549,208.8143,521,0,1.312095
karat,4.428515,207.6730,538,0,1.324622
cedes,4.428202,207.1175,523,0,1.264147
cooed,4.428065,219.5071,509,0,1.350108
cotta,4.428011,213.4285,483,0,1.335853
sorry,4.427900,214.2475,546,1,1.385313
inspo,4.427881,201.5538,487,0,1.290929
eensy,4.427693,197.6661,450,0,1.354212
khets,4.427478,220.4911,467,0,1.373650
doled,4.427410,201.8553,461,0,1.389201
brisk,4.427370,207.3162,513,1,1.324406
thews,4.427131,222.2389,481,0,1.373434
barfi,4.426964,188.9197,415,0,1.386609
build,4.426847,259.0778,668,1,1.227430
kinos,4.426700,209.9322,532,0,1.276242
diwan,4.426580,232.2320,538,0,1.289849
ghoul,4.426551,226.6760,593,1,1.221382
lunch,4.426528,238.8678,604,1,1.224190
umble,4.426484,207.0441,492,0,1.331749
hejra,4.426450,170.2337,356,0,1.500216
knits,4.426424,221.8441,583,0,1.277754
eyers,4.426351,183.2341,399,0,1.364147
peyse,4.426024,222.3045,570,0,1.270410
fagin,4.426001,232.0341,554,0,1.300432
tolls,4.425956,205.0268,529,0,1.285097
fitly,4.425928,229.3317,568,0,1.327646
dazes,4.425492,166.3037,388,0,1.459179
sauls,4.425149,206.0816,531,0,1.360043
tozed,4.425068,189.7136,451,0,1.398920
appel,4.425060,189.0562,427,0,1.436717
fetch,4.424990,223.2670,492,1,1.359395
faves,4.424953,179.4562,420,0,1.451620
netts,4.424887,190.1974,439,0,1.370842
ledgy,4.424727,219.2013,476,0,1.388121
droll,4.424631,212.4186,541,1,1.295032
lobus,4.424627,214.2933,549,0,1.267387
glops,4.424510,215.7741,551,0,1.256156
stirs,4.424422,201.2367,492,0,1.389849
stomp,4.424165,232.4799,599,1,1.299136
paolo,4.424142,206.2346,520,0,1.309287
gaucy,4.423921,220.1171,551,0,1.330886
cerci,4.423829,184.1672,411,0,1.456156
cowls,4.423504,213.8302,539,0,1.266307
among,4.423502,219.4847,504,1,1.318790
gripy,4.423387,223.5106,567,0,1.329590
panko,4.423374,206.1888,484,0,1.308423
dashy,4.423100,200.0030,485,0,1.354860
fiver,4.423092,206.4609,478,0,1.449028
yaars,4.423078,189.8933,451,0,1.375162
covey,4.422803,192.8540,388,1,1.445788
noint,4.422631,223.2834,599,0,1.315551
tungs,4.422568,234.0436,611,0,1.246220
meows,4.422556,194.6043,412,0,1.367603
flags,4.422409,215.6497,539,0,1.321814
sards,4.422365,187.8968,467,0,1.383585
dorad,4.422152,205.8795,462,0,1.384881
cryer,4.421878,193.1296,428,0,1.412527
paxes,4.421848,178.3054,413,0,1.456587
mewls,4.421848,196.8298,453,0,1.339309
burly,4.421742,223.4734,494,1,1.360691
pyins,4.421723,232.1326,607,0,1.253780
ramal,4.421437,215.1771,502,0,1.333261
piths,4.421336,246.3762,656,0,1.259827
vison,4.421248,219.0864,551,0,1.265875
klaps,4.421115,223.7447,566,0,1.308855
doted,4.421068,197.7171,458,0,1.397192
drool,4.420973,220.6881,541,1,1.288553
paisa,4.420815,214.4091,541,0,1.293089
ictus,4.420455,202.1801,527,0,1.290929
bonus,4.420430,232.1585,602,1,1.261123
bidon,4.420417,254.0341,647,0,1.236717
aroha,4.419835,181.6143,432,0,1.369330
mikra,4.419814,193.7672,401,0,1.365659
rosts,4.419744,197.7240,497,0,1.345356
rerig,4.419556,197.2773,469,0,1.379914
maars,4.419436,212.4773,514,0,1.345572
jures,4.419108,178.2622,410,0,1.449892
morph,4.419005,238.4946,595,1,1.253564
seaze,4.418995,193.4371,487,0,1.424406
class,4.418748,216.6769,561,1,1.330238
swerf,4.418625,203.9460,469,0,1.423110
kyats,4.418499,198.5102,499,0,1.328510
dawns,4.418471,208.0324,520,0,1.283153
filth,4.418354,233.8320,591,1,1.257883
fetwa,4.418160,187.5425,375,0,1.434989
given,4.417523,237.0086,557,1,1.342981
vasty,4.417383,201.2108,497,0,1.393089
grana,4.417333,215.1728,538,0,1.323326
etude,4.417243,212.9905,535,1,1.275810
perky,4.417099,202.5482,445,1,1.443197
rocks,4.417019,206.6933,501,0,1.314687
fends,4.416879,193.4233,437,0,1.344276
moths,4.416846,233.6341,616,0,1.259395
smirk,4.416841,208.9300,503,1,1.325918
knurl,4.416820,198.3883,417,0,1.288985
shoes,4.416732,196.9153,426,0,1.416847
chems,4.416564,229.3724,485,0,1.343629
voema,4.416330,182.3892,317,0,1.468898
leech,4.416285,229.4605,550,1,1.265659
hertz,4.416163,191.7905,456,0,1.417927
anlas,4.416094,201.0311,501,0,1.293521
daals,4.415890,217.6592,561,0,1.298056
drows,4.415850,213.7922,533,0,1.310367
visto,4.415722,205.1883,502,0,1.302376
tauts,4.415519,216.5879,541,0,1.316415
cruor,4.415498,242.8886,641,0,1.253564
guyot,4.415413,226.4600,598,0,1.240389
sturt,4.415329,235.9918,570,0,1.332829
words,4.415224,217.6108,533,0,1.298920
rizas,4.415155,164.4022,343,0,1.427430
local,4.415036,213.2886,503,1,1.317063
sheas,4.414965,197.8803,392,0,1.470842
gases,4.414824,177.6359,404,0,1.429590
knout,4.414766,224.1559,590,0,1.249244
gyeld,4.414408,218.4419,476,0,1.334125
dunam,4.414369,225.8423,534,0,1.254644
pechs,4.414343,214.6881,500,0,1.338661
rally,4.414326,200.1197,443,1,1.440389
phene,4.414309,230.3425,597,0,1.237797
loots,4.414239,212.0263,529,0,1.295464
bokes,4.414055,188.5793,408,0,1.393089
pened,4.414048,248.8160,635,0,1.210151
kerbs,4.413949,187.6687,446,0,1.392009
bimas,4.413873,197.9114,452,0,1.320302
maria,4.413836,199.3438,453,0,1.334341
yaups,4.413636,203.5080,499,0,1.307775
ovens,4.413593,184.9974,384,0,1.413175
below,4.413398,203.5460,444,1,1.371922
calls,4.413320,219.6557,561,0,1.308423
benes,4.413252,213.9693,544,0,1.272138
aioli,4.412947,176.8505,380,0,1.406911
deads,4.412923,181.5935,395,0,1.440821
vatus,4.412849,194.3356,486,0,1.333909
tamal,4.412840,231.1711,596,0,1.269330
camps,4.412718,228.5922,582,0,1.271490
baaed,4.412676,213.0527,523,0,1.387473
gipon,4.412605,244.6881,622,0,1.224406
oucht,4.412436,237.8968,609,0,1.255292
doxie,4.412110,187.4890,404,0,1.414687
sheep,4.412108,249.9279,629,1,1.265443
hyson,4.412080,215.1745,557,0,1.232829
welch,4.412026,218.1585,495,1,1.334341
ulzie,4.412024,177.7991,389,0,1.406695
sally,4.411988,222.3840,574,1,1.402160
bourg,4.411947,245.3767,625,0,1.269546
heavy,4.411781,188.5067,389,1,1.479050
maiks,4.411609,200.1663,490,0,1.320950
ratha,4.411250,201.5996,497,0,1.338229
polje,4.411181,190.9983,441,0,1.395032
drouk,4.411143,228.1257,592,0,1.273218
hurds,4.411126,215.0752,507,0,1.262419
stung,4.411112,237.3041,611,1,1.299136
flams,4.411109,218.2406,547,0,1.319222
pyric,4.411091,206.7348,499,0,1.275810
toons,4.411075,236.7123,613,0,1.275594
yogin,4.411074,228.1542,591,0,1.255724
geode,4.410968,225.5996,590,0,1.272570
arbor,4.410847,221.1460,501,1,1.334989
gauch,4.410718,237.0803,590,0,1.265875
haick,4.410688,228.6855,562,0,1.311879
kelps,4.410585,201.3914,473,0,1.339093
diode,4.410511,189.0181,404,1,1.412959
degus,4.410340,202.7685,457,0,1.326134
rayas,4.410325,191.0285,451,0,1.338877
golps,4.410305,215.5451,551,0,1.244492
moves,4.410108,196.8436,426,0,1.377322
arpas,4.409935,206.0652,518,0,1.314255
tying,4.409568,229.0069,593,1,1.257667
hudna,4.409365,216.1853,478,0,1.275594
crunk,4.409346,241.8259,604,0,1.277106
nowts,4.409261,217.7577,568,0,1.278834
kepis,4.409106,194.5076,443,0,1.350324
hyleg,4.409075,186.6726,411,0,1.331102
dicty,4.409059,219.2272,560,0,1.289417
piper,4.408890,197.4717,451,1,1.447948
scars,4.408795,195.3948,461,0,1.409287
feers,4.408788,212.2000,510,0,1.334557
links,4.408525,216.5171,549,0,1.263499
zeins,4.408138,184.5447,416,0,1.412743
thack,4.408058,252.3037,624,0,1.312095
warez,4.407526,182.1438,440,0,1.497624
jeons,4.407494,179.1365,371,0,1.419438
shtik,4.407186,255.2056,670,0,1.278186
celli,4.407176,201.5330,453,0,1.365659
tally,4.407087,214.7961,539,1,1.376458
drill,4.407030,216.8168,520,1,1.288553
kugel,4.406805,210.8747,495,0,1.311663
tways,4.406784,194.4704,487,0,1.328078
vimen,4.406718,219.8069,504,0,1.329158
fonda,4.406618,220.1024,472,0,1.318575
swoun,4.406517,240.8238,635,0,1.263499
pavin,4.406285,224.2518,534,0,1.292657
miaow,4.406266,185.7430,367,0,1.340605
bangs,4.406219,213.8873,532,0,1.299352
fecht,4.406071,219.3473,492,0,1.345356
wilco,4.406026,214.1525,529,0,1.258531
whens,4.405880,222.5300,464,0,1.342549
argan,4.405844,221.3931,538,0,1.287257
sided,4.405724,200.9257,476,0,1.395464
cache,4.405608,198.4454,444,1,1.424190
sewen,4.405401,226.3944,582,0,1.278186
lurgy,4.405382,222.2320,468,0,1.338013
cepes,4.405350,223.9832,577,0,1.250108
wends,4.405345,204.6242,469,0,1.327214
oshac,4.405253,184.5153,413,0,1.363715
tided,4.405111,207.7905,490,0,1.369762
mases,4.405106,183.2203,416,0,1.426998
byrls,4.405096,194.6415,401,0,1.324190
gaups,4.405047,214.5931,530,0,1.280778
fleys,4.404998,194.3184,410,0,1.392009
proll,4.404743,214.6873,546,0,1.291361
palki,4.404714,209.1253,508,0,1.323542
adoze,4.404649,167.0829,329,0,1.497840
sides,4.404632,199.7456,476,0,1.377754
watch,4.404433,240.7918,605,1,1.292225
crura,4.404254,216.8203,504,0,1.327862
bikes,4.404215,191.3084,435,0,1.365227
maras,4.403908,210.9084,514,0,1.316847
manat,4.403597,231.8916,609,0,1.255724
ollas,4.403451,196.5551,433,0,1.349676
fauve,4.403252,182.8886,385,0,1.432181
lurks,4.403183,202.6268,428,0,1.307127
jasey,4.402807,164.5844,337,0,1.542117
hazes,4.402634,168.1715,366,0,1.453996
penks,4.402566,209.5443,483,0,1.330022
gleed,4.402395,250.8816,636,0,1.226134
akees,4.402394,190.5663,447,0,1.350324
kendo,4.402170,199.5201,423,0,1.345572
whirs,4.402090,216.8635,508,0,1.302592
revel,4.402089,220.4056,524,1,1.349892
kayos,4.402056,186.6579,441,0,1.330238
gosse,4.401920,202.9819,455,0,1.374298
waves,4.401908,185.1849,431,0,1.434557
kadis,4.401808,189.2851,454,0,1.314255
bunts,4.401738,231.0294,599,0,1.250756
rebec,4.401714,225.5123,570,0,1.289201
joint,4.401707,220.5041,592,1,1.323542
kibes,4.401637,191.5737,435,0,1.341901
cauks,4.401487,226.0263,561,0,1.301512
fubar,4.401246,218.5456,504,0,1.319222
clows,4.401226,214.9819,539,0,1.266955
bribe,4.401167,191.3482,471,1,1.461771
wiver,4.400930,209.9210,487,0,1.431965
beets,4.400926,220.0514,542,0,1.292225
raver,4.400854,197.9460,476,0,1.488121
troop,4.400711,232.4255,588,1,1.273002
scudo,4.400358,217.2315,553,0,1.259179
recur,4.400284,202.4894,472,1,1.359179
fonly,4.400181,233.2834,600,0,1.311015
goths,4.399883,221.8873,587,0,1.261987
fands,4.399782,197.8242,487,0,1.294168
baldy,4.399740,247.1495,629,0,1.348596
wolve,4.399735,208.3978,481,0,1.378834
cromb,4.399408,242.5974,631,0,1.260043
silky,4.399393,223.3240,573,1,1.331102
mirex,4.399242,193.6367,448,0,1.414255
virtu,4.399221,196.2449,489,0,1.309287
sects,4.399186,200.2251,463,0,1.385961
empts,4.399094,207.5970,446,0,1.363499
amigo,4.398957,211.0726,428,0,1.346220
telly,4.398936,198.8376,402,0,1.426566
lough,4.398935,233.9909,593,0,1.222678
beigy,4.398911,218.8644,450,0,1.402808
gryke,4.398892,184.7097,440,0,1.406911
prows,4.398870,220.7486,555,0,1.306695
geums,4.398754,217.6246,486,0,1.314039
oncus,4.398727,211.9892,534,0,1.251404
sapan,4.398625,234.3590,616,0,1.267171
frush,4.398473,231.6635,586,0,1.268683
flegs,4.398422,206.6225,457,0,1.357235
tofus,4.398166,225.0285,590,0,1.255940
friar,4.398154,212.5620,486,1,1.348596
suets,4.397828,224.4834,482,0,1.403888
sieve,4.397686,221.6575,565,1,1.329374
nappe,4.397684,181.8821,423,0,1.424406
minus,4.397457,230.2968,602,1,1.232397
fremd,4.397324,220.3166,529,0,1.361123
poked,4.397192,206.6095,462,0,1.331102
paals,4.397029,233.9114,611,0,1.294384
swive,4.396868,211.1901,504,0,1.398272
sayst,4.396844,217.9019,550,0,1.370410
gilds,4.396738,222.2389,542,0,1.231102
furth,4.396669,253.5996,610,0,1.265011
prick,4.396660,245.9840,611,1,1.274298
snick,4.396655,257.3888,668,0,1.277322
milds,4.396599,216.1404,533,0,1.228510
pudge,4.396487,234.7849,566,0,1.287473
bolds,4.396471,221.3646,539,0,1.257235
strut,4.396337,236.5015,570,1,1.317279
dress,4.396211,194.9758,469,1,1.409071
danks,4.395644,205.7222,520,0,1.283585
sebum,4.395521,217.0985,498,0,1.334989
temed,4.395423,229.5866,577,0,1.224622
lingy,4.395306,243.7482,617,0,1.294384
firer,4.394867,210.3832,489,0,1.409287
quair,4.394819,163.0095,328,0,1.434989
rioja,4.394770,167.5538,379,0,1.469330
dited,4.394707,210.4765,490,0,1.369330
orixa,4.394627,171.1745,377,0,1.478834
gandy,4.394616,248.8298,614,0,1.313823
silts,4.394573,220.2562,571,0,1.299136
molys,4.394488,213.2402,527,0,1.262419
stens,4.394461,200.6527,439,0,1.429806
jarul,4.394402,175.2877,403,0,1.399784
grypt,4.394281,206.1603,523,0,1.263067
khans,4.394106,222.6933,555,0,1.296976
sedge,4.394071,232.1629,608,0,1.268035
unbed,4.393977,220.3771,515,0,1.298704
vower,4.393929,213.2281,492,0,1.446220
pawns,4.393822,217.6229,553,0,1.279482
blatt,4.393783,237.9063,619,0,1.307775
urari,4.393690,172.4704,328,0,1.397408
recco,4.393595,187.6212,421,0,1.434341
lexis,4.393421,173.9002,392,0,1.414255
gnarr,4.393263,211.9564,538,0,1.309935
preop,4.393102,199.6454,455,0,1.425054
nowls,4.393031,205.4181,517,0,1.275594
downa,4.393016,229.8933,501,0,1.307559
yawls,4.392850,203.7983,518,0,1.318790
awork,4.392840,207.2255,452,0,1.365875
flask,4.392756,240.6060,602,1,1.316631
geyer,4.392715,212.5905,514,0,1.325270
skene,4.392706,227.3516,579,0,1.298272
emong,4.392586,222.2328,492,0,1.367387
douma,4.392514,224.7080,482,0,1.317711
sized,4.392481,194.7814,466,0,1.396760
tenth,4.392407,223.1227,503,1,1.320086
oasts,4.392383,187.4173,445,0,1.368035
prill,4.392332,218.2432,528,0,1.284881
flees,4.392203,225.4069,555,0,1.279914
scody,4.392084,212.2354,544,0,1.325054
obese,4.391927,197.7499,469,1,1.308207
hokas,4.391817,198.8246,462,0,1.322030
glede,4.391781,246.9292,636,0,1.238445
lofty,4.391619,215.2981,537,1,1.321598
curdy,4.391487,233.7983,573,0,1.304104
khors,4.391444,215.7317,516,0,1.298920
rumly,4.391270,221.4924,453,0,1.337365
simba,4.390840,202.7927,452,0,1.338013
celeb,4.390806,231.2609,597,0,1.235205
dunsh,4.390682,243.0009,639,0,1.186609
rills,4.390514,193.0579,392,0,1.321166
harsh,4.390473,201.4527,472,1,1.367603
pugil,4.390337,256.8652,660,0,1.188985
barro,4.390332,212.8004,501,0,1.343844
proto,4.390106,230.9715,588,0,1.273434
hanks,4.390104,219.0968,555,0,1.278402
egest,4.389930,219.3888,524,0,1.288769
slash,4.389695,224.6363,572,1,1.358963
wagon,4.389670,229.9313,541,1,1.288985
meted,4.389650,232.7961,577,0,1.226350
newly,4.389590,197.6272,409,1,1.417063
umbel,4.389499,211.4821,492,0,1.307559
arear,4.389428,204.2544,488,0,1.417711
papes,4.389189,183.7784,418,0,1.450540
bandh,4.388710,229.3974,579,0,1.247084
newsy,4.388535,197.1555,415,0,1.406048
dicht,4.388498,237.9469,630,0,1.225054
divot,4.388397,231.4380,592,0,1.243844
twang,4.388374,217.8631,549,1,1.287905
berme,4.388365,245.1538,629,0,1.292873
usure,4.388237,179.6981,416,0,1.452700
hinds,4.388166,232.2225,604,0,1.218790
viold,4.388077,232.6441,593,0,1.240389
maiko,4.388052,191.9555,357,0,1.349460
ludic,4.388016,223.9555,571,0,1.226350
jerid,4.387942,192.8497,454,0,1.420086
drugs,4.387788,224.3132,539,0,1.256803
corky,4.387665,231.7706,576,0,1.341901
wecht,4.387563,222.8203,498,0,1.328294
shack,4.387465,264.1490,643,1,1.337797
spall,4.387329,239.8164,611,0,1.316199
dirks,4.387258,203.4086,488,0,1.277538
coxes,4.387048,182.8410,387,0,1.405400
docus,4.386999,219.0181,553,0,1.230238
fancy,4.386885,228.6544,571,1,1.329806
drums,4.386337,222.3676,545,0,1.254212
gotch,4.386162,243.3361,630,0,1.237581
apage,4.386044,210.6648,495,0,1.345788
glims,4.385817,228.5741,573,0,1.232829
hoked,4.385538,199.1235,438,0,1.329590
bauds,4.385480,209.5590,496,0,1.293521
zatis,4.385458,185.8579,462,0,1.374514
mulsh,4.385457,253.6056,639,0,1.191145
nomic,4.385384,222.6225,579,0,1.252268
thana,4.385383,232.8229,601,0,1.264795
rushy,4.385258,213.1028,484,0,1.334557
towny,4.385244,237.6048,612,0,1.296328
curbs,4.385139,222.9378,517,0,1.265875
boaks,4.384935,205.2773,490,0,1.336501
gaita,4.384914,221.4959,556,0,1.281641
xeric,4.384650,176.6881,410,0,1.434989
grimy,4.384648,231.9883,585,1,1.312743
firie,4.384568,200.8566,489,0,1.420518
eyrir,4.384521,186.5317,400,0,1.412959
yogis,4.384021,194.7823,483,0,1.264795
human,4.383928,218.7287,525,1,1.251620
fovea,4.383904,184.0972,332,0,1.476026
lambs,4.383855,212.5594,540,0,1.294384
maill,4.383827,230.3633,575,0,1.295680
cumin,4.383758,263.5901,683,1,1.195032
beaky,4.383660,201.6376,423,0,1.477970
bousy,4.383539,241.7326,630,0,1.299352
oxies,4.383472,166.8272,316,0,1.455076
rynds,4.383439,191.6842,417,0,1.286393
sopor,4.383393,239.5434,606,0,1.294816
press,4.383393,209.9503,486,1,1.405400
devis,4.383183,200.5413,461,0,1.355508
cowry,4.383177,231.1944,576,0,1.329806
babel,4.382979,196.6233,457,0,1.461771
impot,4.382961,215.3724,526,0,1.247732
tween,4.382881,231.4311,568,0,1.242333
wands,4.382870,210.4039,520,0,1.277106
nubia,4.382398,210.9076,447,0,1.330886
rorid,4.382333,227.4121,575,0,1.269330
styte,4.382277,192.0842,437,0,1.414903
phyla,4.382206,221.7551,541,0,1.282721
piked,4.381754,222.0384,517,0,1.303240
vints,4.381715,227.3179,598,0,1.257235
shiva,4.381526,216.1965,469,0,1.358531
spies,4.381281,214.7184,499,0,1.378186
oxers,4.381171,169.5987,357,0,1.482073
naiad,4.381097,228.1888,588,0,1.261339
phony,4.381047,248.3011,649,1,1.253996
covin,4.380886,250.4894,642,0,1.241469
hypes,4.380855,199.9270,448,0,1.325270
pixel,4.380799,211.5918,497,1,1.360259
nobly,4.380787,228.8911,586,1,1.297840
kaput,4.380588,213.2125,538,0,1.269762
yarrs,4.380329,190.2829,451,0,1.344060
venus,4.380067,196.1050,442,0,1.339525
emule,4.379802,222.2907,561,0,1.248164
gloms,4.379779,222.9300,558,0,1.239309
hajes,4.379603,168.5603,365,0,1.448812
tumid,4.379502,249.6186,637,0,1.198704
ruder,4.379485,222.8315,530,1,1.368467
nidus,4.379427,221.7222,574,0,1.234557
jodel,4.379185,196.4903,453,0,1.381425
bravi,4.379145,197.4942,438,0,1.387041
litai,4.379020,188.3097,448,0,1.364363
theme,4.379018,231.4795,588,1,1.244492
lassi,4.378399,188.5197,450,0,1.360259
cozes,4.378254,181.8631,381,0,1.404320
upsee,4.378204,224.8454,581,0,1.267819
shtup,4.378203,297.4181,762,0,1.229590
jades,4.378187,167.8968,387,0,1.449892
spell,4.378070,230.9171,522,1,1.351620
wiped,4.377799,235.3689,545,0,1.296976
dolor,4.377695,229.8769,541,0,1.274730
blips,4.377418,230.5672,593,0,1.247948
fetes,4.377383,219.0631,562,0,1.282721
mound,4.377246,269.7741,704,1,1.198056
frack,4.377153,238.6881,583,0,1.334989
joled,4.377133,198.5222,453,0,1.381210
think,4.377005,258.1585,664,1,1.240605
tills,4.376995,220.6484,571,0,1.257235
locum,4.376957,238.2130,604,0,1.208423
sownd,4.376775,245.2462,642,0,1.248596
inked,4.376136,211.9132,485,0,1.343197
milch,4.375859,255.9918,654,0,1.199136
tilts,4.375594,223.2687,571,0,1.252268
mvule,4.375549,222.3590,536,0,1.315119
cohab,4.375423,221.8933,520,0,1.298488
betta,4.375337,206.5585,419,0,1.409719
dongs,4.375288,238.9179,599,0,1.223110
circa,4.374971,199.6263,426,1,1.395464
cooey,4.374952,204.6605,422,0,1.423542
swang,4.374896,225.3533,566,0,1.313607
clomp,4.374799,249.7844,646,0,1.207991
noxes,4.374729,178.4246,372,0,1.414687
wirer,4.374660,214.0678,498,0,1.392225
anura,4.374522,196.6648,442,0,1.320734
bluid,4.374479,264.2138,668,0,1.207991
steek,4.374345,227.7041,557,0,1.325486
daych,4.374255,235.0890,592,0,1.248596
taiga,4.374074,221.2168,556,0,1.275378
breme,4.373810,241.5927,629,0,1.301296
rekes,4.373771,207.3214,518,0,1.325918
extol,4.373693,184.0782,397,1,1.435637
hongs,4.373521,242.1940,624,0,1.217927
kaims,4.373481,201.0242,490,0,1.304968
timps,4.373470,238.5896,623,0,1.220302
sipes,4.373437,215.7274,499,0,1.363715
frigs,4.373315,219.5417,518,0,1.295680
gives,4.373088,206.8402,483,0,1.352052
selle,4.372963,236.5706,614,0,1.285097
deify,4.372932,229.8285,474,0,1.384881
onium,4.372580,222.5378,551,0,1.245788
plaas,4.372540,240.6812,611,0,1.272354
rorty,4.372452,217.0674,541,0,1.347300
indew,4.372423,223.4173,511,0,1.331533
agast,4.372355,228.4505,597,0,1.268251
brink,4.372261,236.0497,579,1,1.297408
frogs,4.372227,214.1508,522,0,1.302160
ducts,4.372216,223.5952,573,0,1.219870
nurdy,4.372120,225.7032,536,0,1.313391
naunt,4.371996,208.7607,518,0,1.319006
coxal,4.371961,210.6484,494,0,1.347300
izars,4.371530,168.7935,343,0,1.430454
waxer,4.371280,184.7356,440,0,1.510799
brogh,4.371217,244.8333,626,0,1.255076
plonk,4.371106,243.1114,624,0,1.235421
pivot,4.370918,229.0881,573,1,1.240173
puhas,4.370632,219.8104,516,0,1.285961
canon,4.370518,223.0890,531,1,1.309503
loxed,4.370449,200.6769,456,0,1.378618
capex,4.370426,196.7019,455,0,1.399136
leaze,4.370417,199.7542,509,0,1.377322
braky,4.370182,218.6138,534,0,1.388769
undee,4.370068,226.6812,583,0,1.253348
devos,4.370056,194.3495,417,0,1.361123
speed,4.370028,242.5559,615,1,1.257019
comus,4.369989,247.0968,624,0,1.219006
lever,4.369764,224.1680,524,1,1.358315
divan,4.369567,239.2255,551,0,1.275378
gormy,4.369453,248.1568,606,0,1.304320
quine,4.369232,196.6035,435,0,1.416631
morra,4.368986,222.8661,488,0,1.338877
sabra,4.368800,211.6022,515,0,1.340173
misdo,4.368738,216.6173,520,0,1.237149
silos,4.368434,201.6549,496,0,1.300216
undos,4.368215,217.3819,551,0,1.230886
ricks,4.368173,209.1607,484,0,1.286825
rooty,4.368069,224.2778,541,0,1.364795
viced,4.368028,222.6924,528,0,1.312527
yamun,4.367772,217.7136,530,0,1.262419
macho,4.367364,222.9542,531,1,1.288769
calix,4.367329,213.8959,529,0,1.330022
schul,4.367246,233.6782,607,0,1.242549
busti,4.367036,229.5667,575,0,1.274514
vouge,4.367028,217.8631,463,0,1.351404
woman,4.366896,228.0661,523,1,1.288121
wekas,4.366816,190.6449,399,0,1.402592
nisei,4.366804,188.7477,425,0,1.380130
jatos,4.366724,182.3210,437,0,1.380346
wodge,4.366287,231.8043,542,0,1.322462
warks,4.366284,208.6458,499,0,1.330670
aroma,4.366216,207.4294,488,1,1.342981
campi,4.366215,222.8091,519,0,1.278618
adeem,4.366011,216.3227,508,0,1.288121
horah,4.365948,195.9011,432,0,1.384233
hiked,4.365529,210.5171,478,0,1.301728
twiny,4.364888,243.9875,625,0,1.286177
cymas,4.364753,214.8445,518,0,1.265875
yitie,4.364672,180.9145,401,0,1.398488
tacky,4.364603,215.8294,535,1,1.342117
wrong,4.364362,245.3464,620,1,1.279698
hocus,4.364262,243.1080,621,0,1.225054
cuing,4.364254,266.5508,699,0,1.226134
idees,4.364100,198.7780,476,0,1.288769
tacts,4.363659,219.1875,558,0,1.288985
kubie,4.363657,206.4695,445,0,1.318143
reedy,4.363531,223.7102,526,1,1.364363
noway,4.363528,207.0147,466,0,1.372570
chank,4.363395,265.5175,653,0,1.278618
quest,4.363057,225.0052,482,1,1.396112
aahed,4.362784,190.3071,448,0,1.364579
blush,4.362679,255.8432,654,1,1.206695
sicko,4.362646,219.3991,528,0,1.277106
otaku,4.362615,176.9914,360,0,1.360043
turrs,4.362508,229.3568,570,0,1.262203
skive,4.362395,212.2026,503,0,1.394384
punty,4.362332,244.5110,616,0,1.262203
chara,4.362328,243.1097,580,0,1.298272
agger,4.362149,181.9132,408,0,1.501944
gaums,4.362103,226.3607,546,0,1.263931
dikas,4.361971,198.7797,454,0,1.299352
bases,4.361719,186.6000,423,0,1.427862
umiac,4.361570,197.6082,413,0,1.306479
isles,4.361258,175.7197,395,0,1.393952
study,4.361226,238.5654,609,1,1.317279
blawn,4.361215,232.5810,597,0,1.289849
libel,4.361186,224.0341,518,1,1.308207
zoris,4.361100,180.4765,426,0,1.351836
klang,4.360904,229.3508,587,0,1.289201
bandy,4.360850,245.4294,603,0,1.312095
sutta,4.360731,238.2363,541,0,1.332181
vinos,4.360705,222.0497,551,0,1.258315
frize,4.360658,199.5667,482,0,1.442117
saiga,4.360591,215.1857,543,0,1.301080
freed,4.360397,254.6371,639,1,1.286393
pongs,4.360279,244.2285,629,0,1.219438
tuxes,4.360155,199.5158,474,0,1.376026
confs,4.359982,230.5490,584,0,1.226566
dumas,4.359978,217.2523,502,0,1.265875
grown,4.359949,247.9529,620,1,1.271922
mitch,4.359718,263.5417,666,0,1.207127
gerbe,4.359689,247.7499,636,0,1.271706
scoot,4.359524,246.9326,641,0,1.262851
dingo,4.359417,269.6359,664,1,1.223758
gloze,4.359404,200.0583,457,0,1.388337
aulas,4.359327,214.1430,531,0,1.274730
lazos,4.359203,180.1767,427,0,1.368683
phang,4.359195,232.1205,583,0,1.249244
sabal,4.359116,244.0756,636,0,1.280778
britt,4.359021,242.4039,607,0,1.281641
pinch,4.358998,273.3413,704,1,1.190929
pokey,4.358807,203.9659,422,0,1.404536
debus,4.358566,211.1607,473,0,1.309719
axils,4.358540,191.5210,444,0,1.368683
lotos,4.358510,215.4562,529,0,1.265227
anion,4.358364,215.5546,455,0,1.363715
forms,4.358281,223.3162,530,0,1.284665
roric,4.357953,209.7698,534,0,1.284233
smowt,4.357950,247.5728,651,0,1.258315
cymol,4.357842,234.8073,603,0,1.196112
apses,4.357801,192.0937,418,0,1.402592
sprug,4.357649,235.5667,569,0,1.258963
czars,4.357205,197.3888,450,0,1.379914
deely,4.357106,239.6263,562,0,1.304104
deave,4.357100,233.2851,585,0,1.317063
quirt,4.357009,212.0981,529,0,1.329158
loord,4.356965,236.5378,541,0,1.282289
boing,4.356949,256.7132,666,0,1.255940
skeen,4.356860,233.7464,579,0,1.264147
jotas,4.356822,186.5127,437,0,1.381641
pavis,4.356735,213.5780,500,0,1.301728
chirk,4.356605,251.9218,610,0,1.274082
yelks,4.356506,189.7456,407,0,1.367819
pygal,4.356241,239.8389,593,0,1.250756
velds,4.356165,201.3767,467,0,1.335637
risky,4.356107,203.9374,456,1,1.349460
dusty,4.356031,239.5261,609,1,1.282505
tanty,4.356013,221.7715,543,0,1.334989
ouzel,4.355925,185.3715,377,0,1.393089
lungs,4.355900,236.1127,581,0,1.224838
pikas,4.355765,213.8570,496,0,1.295680
wooer,4.355545,226.6276,514,1,1.437581
bedel,4.355459,262.4091,653,0,1.219438
groks,4.355356,215.3240,530,0,1.290929
flype,4.355327,212.1940,506,0,1.336501
braai,4.355267,202.5188,461,0,1.347948
palsa,4.354617,237.6168,611,0,1.260259
butoh,4.354485,258.6147,648,0,1.215335
tocks,4.354229,225.7197,585,0,1.250756
shaky,4.354181,242.3961,590,1,1.357667
redid,4.354067,207.5002,463,0,1.407775
glisk,4.353988,241.5054,619,0,1.230238
nests,4.353833,192.0583,439,0,1.364147
japes,4.353820,179.6886,410,0,1.435853
dikey,4.353764,211.2756,451,0,1.380346
thoro,4.353721,242.4186,585,0,1.265443
olios,4.353555,200.4030,496,0,1.263067
shrub,4.353364,232.8790,549,1,1.270410
lorry,4.353025,211.9927,490,1,1.338229
nerve,4.352801,224.2449,564,1,1.316631
daubs,4.352771,208.5905,496,0,1.270410
turfy,4.352687,234.3719,554,0,1.310367
virga,4.352681,211.6333,442,0,1.346004
fidge,4.352444,241.5590,565,0,1.311663
yorks,4.352126,206.3192,495,0,1.303024
bafts,4.351840,215.1961,543,0,1.298704
chyme,4.351623,217.8881,481,0,1.308639
adage,4.351315,212.6147,505,1,1.347300
botch,4.351300,263.7171,671,1,1.235853
mixer,4.351147,200.6622,448,0,1.425702
gowan,4.350976,237.6557,541,0,1.288337
kilty,4.350971,217.0233,538,0,1.295680
awdls,4.350877,213.9607,512,0,1.282073
guyed,4.350638,232.8929,514,0,1.288553
gaspy,4.350618,229.3568,561,0,1.315983
godly,4.350537,259.4441,652,1,1.255076
hymen,4.350495,198.5361,405,1,1.296112
thawy,4.350452,234.2423,577,0,1.322030
uncap,4.350397,213.1546,502,0,1.255940
newer,4.350396,224.5957,546,1,1.319438
debel,4.350190,261.7395,653,0,1.202160
surfy,4.350143,234.4082,553,0,1.336069
yawns,4.349819,210.0255,518,0,1.280778
grebe,4.349688,247.9140,636,0,1.280130
wrack,4.349639,240.0834,581,1,1.317927
wench,4.349329,238.7762,527,1,1.297840
scrub,4.349135,216.9680,517,1,1.277754
breem,4.349123,249.4441,629,0,1.272786
imped,4.349024,222.3607,506,0,1.295896
petto,4.348834,208.3814,443,0,1.333909
clung,4.348708,254.5300,654,1,1.207991
scoug,4.348668,227.7274,582,0,1.245140
plink,4.348484,261.9676,672,0,1.228942
kbars,4.348342,205.5322,471,0,1.338445
secco,4.348213,193.9201,391,0,1.396112
spoor,4.348185,242.7737,606,0,1.287905
kwela,4.348140,205.8838,405,0,1.400648
colby,4.348043,243.1400,617,0,1.270626
vowel,4.348040,216.9335,481,1,1.352484
impro,4.348013,209.0544,482,0,1.283369
doses,4.347771,197.2333,439,0,1.351620
talpa,4.347709,223.1305,563,0,1.256803
repeg,4.347556,239.5788,598,0,1.261771
lying,4.347538,241.9581,617,1,1.236285
knife,4.347420,223.0527,513,1,1.329590
tapas,4.347342,236.2259,616,0,1.250540
cohoe,4.347330,226.3762,504,0,1.329158
odism,4.347281,209.0570,520,0,1.242333
vigor,4.347258,229.6963,562,1,1.267387
pikey,4.347149,211.1581,444,0,1.376674
donor,4.347136,256.3305,630,1,1.238229
lieve,4.346923,228.5438,579,0,1.282289
mechs,4.346860,218.0039,485,0,1.310367
ledge,4.346720,253.5434,636,1,1.220950
gutsy,4.346643,246.6924,640,0,1.266739
fogey,4.346617,211.1227,429,0,1.397408
tsubo,4.346491,225.7672,565,0,1.247516
necks,4.346417,204.0013,453,0,1.333477
ardri,4.346211,209.4285,441,0,1.333045
shoot,4.346148,283.7516,730,1,1.255508
nikah,4.346045,214.3382,509,0,1.280130
ampul,4.345893,227.5210,546,0,1.250756
pervy,4.345888,218.4194,482,0,1.418359
salpa,4.345599,236.2942,611,0,1.282505
stunk,4.345557,257.8855,644,1,1.272354
humas,4.345415,222.9257,520,0,1.260691
dukes,4.345341,207.1400,485,0,1.310799
foids,4.345287,221.3844,555,0,1.256156
gamic,4.345267,220.4229,532,0,1.268467
kaing,4.345044,229.6851,561,0,1.302160
doorn,4.344986,263.6108,630,0,1.247516
takhi,4.344951,199.2376,476,0,1.320086
fango,4.344861,225.0181,514,0,1.293952
casts,4.344742,217.7888,558,0,1.304752
crwth,4.344522,247.4691,617,0,1.256803
safes,4.344477,189.8562,435,0,1.431749
dosed,4.344463,200.4341,439,0,1.369330
nixes,4.344255,187.5503,422,0,1.386825
jural,4.343701,187.2981,403,0,1.391793
pyoid,4.343349,241.4354,607,0,1.207559
kerfs,4.343212,198.9378,460,0,1.368467
shoyu,4.343005,226.8981,590,0,1.262635
ragas,4.342993,210.9551,496,0,1.296544
verbs,4.342854,199.9201,468,0,1.374082
hoiks,4.342830,219.4838,556,0,1.240389
ryked,4.342738,202.1369,453,0,1.369330
sordo,4.342735,230.5836,575,0,1.280994
bleed,4.342489,262.2328,653,1,1.224406
oinks,4.342480,218.7201,532,0,1.264147
lilts,4.342314,223.0173,571,0,1.239093
aldol,4.342215,236.9335,519,0,1.275378
beted,4.342134,250.3901,616,0,1.227214
gravy,4.342126,218.7080,540,1,1.365659
slump,4.341865,269.1356,685,1,1.207343
penna,4.341841,204.3521,423,0,1.401944
datto,4.341672,214.9430,498,0,1.287473
squat,4.341602,226.8644,541,1,1.363283
sophy,4.341246,253.9132,655,0,1.287473
cross,4.341139,215.6073,542,1,1.310583
maxes,4.341134,182.2043,411,0,1.428294
vardy,4.341047,224.2181,531,0,1.362203
magic,4.341040,221.0786,532,1,1.268035
henna,4.340584,199.3905,392,0,1.400432
tryst,4.340474,212.2613,535,1,1.284449
gonch,4.340456,279.8976,719,0,1.193089
imago,4.340100,199.1719,350,0,1.331965
culms,4.340069,247.9918,608,0,1.196112
motif,4.339827,233.0570,583,1,1.223542
ackee,4.339749,206.4229,506,0,1.331533
sours,4.339695,221.2773,547,0,1.332181
tichy,4.339614,233.5244,598,0,1.277538
pumas,4.339584,237.7006,561,0,1.262203
feuds,4.339505,215.6117,479,0,1.309719
froze,4.339200,199.0674,487,1,1.448596
resus,4.339163,188.1387,416,0,1.399784
conks,4.339077,254.7469,642,0,1.228726
lakhs,4.338888,210.4419,532,0,1.291577
worms,4.338562,234.6544,556,0,1.267603
casky,4.338329,235.5054,577,0,1.336717
noxal,4.338164,196.6760,446,0,1.356587
pukes,4.338028,226.7633,524,0,1.307127
saman,4.338021,242.0479,627,0,1.247084
paans,4.337965,237.7050,616,0,1.256371
igapo,4.337691,186.4575,328,0,1.341469
virus,4.337460,201.9702,476,1,1.283369
sirih,4.337353,231.5063,557,0,1.293737
pepla,4.337296,201.3266,427,0,1.422462
mowed,4.337237,235.3361,526,0,1.302376
jaunt,4.337200,207.4562,511,1,1.326998
tenty,4.336669,212.7045,435,0,1.385097
tatou,4.336638,196.7918,408,0,1.319438
fisty,4.336636,239.4415,596,0,1.303024
allod,4.336423,237.6497,519,0,1.275162
gazes,4.336395,178.1378,396,0,1.429806
phuts,4.336366,302.9646,762,0,1.200864
loons,4.336363,231.6808,564,0,1.254212
pingo,4.336196,253.0942,622,0,1.220086
doups,4.336170,242.2294,623,0,1.202808
faked,4.335918,200.6276,452,0,1.377106
sooth,4.335632,286.3365,730,1,1.261555
algum,4.335530,242.2890,574,0,1.243413
shown,4.335444,267.0665,683,1,1.239093
juice,4.335291,200.9801,435,1,1.364579
meshy,4.335180,216.6665,443,0,1.373002
hithe,4.334933,202.1533,476,0,1.367603
scats,4.334825,222.8454,558,0,1.333045
ulvas,4.334817,208.5197,485,0,1.305400
bawls,4.334671,225.5935,567,0,1.290065
mucin,4.334668,267.0276,683,0,1.174298
fluke,4.334458,228.5827,532,1,1.322030
mashy,4.334435,228.1896,551,0,1.322894
mazes,4.334431,182.5222,408,0,1.427214
beery,4.334188,226.9749,532,0,1.352484
reefs,4.333992,215.3473,510,0,1.302592
bound,4.333801,284.3650,728,1,1.198920
zoned,4.333086,217.0276,488,0,1.344492
lemed,4.333072,250.3788,616,0,1.203240
night,4.333052,241.7672,628,1,1.225270
mutha,4.332873,238.0177,541,0,1.277754
pouch,4.332177,280.7961,715,1,1.184233
incus,4.332172,215.9322,541,0,1.238661
blogs,4.332172,235.4570,574,0,1.240173
dured,4.332064,225.3188,530,0,1.368467
tenet,4.331938,246.5438,623,1,1.219654
reeks,4.331835,217.6238,518,0,1.304752
brers,4.331493,213.5322,497,0,1.373866
spars,4.331235,219.9754,518,0,1.369762
almug,4.331220,242.2000,574,0,1.241901
bonds,4.331138,237.7784,588,0,1.220734
shmek,4.331006,231.6186,540,0,1.319222
fouth,4.330885,268.3114,676,0,1.214687
ogams,4.330850,195.3084,452,0,1.308855
kohas,4.330803,200.8263,462,0,1.310799
avoid,4.330769,218.9698,452,1,1.333045
ridgy,4.330684,253.3292,593,0,1.288121
hokey,4.330668,196.1542,414,0,1.403024
twite,4.330319,222.6190,528,0,1.328294
flank,4.330286,243.3179,605,1,1.289633
ketch,4.330239,230.3857,500,0,1.332181
stept,4.330075,245.8121,540,0,1.360043
bekah,4.329988,209.9641,412,0,1.372570
ikons,4.329926,219.3058,532,0,1.271274
kraal,4.329863,220.6622,533,0,1.318575
unpay,4.329807,216.6441,495,0,1.309503
quern,4.329794,192.6596,432,0,1.409503
gitch,4.329544,253.0665,647,0,1.209719
gonys,4.329495,235.3248,592,0,1.228510
balks,4.329433,235.4406,590,0,1.288985
tasty,4.329427,224.4644,550,1,1.351620
neume,4.329426,229.1123,584,0,1.222030
kiang,4.329426,229.4717,561,0,1.288985
boxer,4.328511,213.2004,492,1,1.454428
ahead,4.328311,214.9767,448,1,1.332829
vinca,4.328253,233.7533,527,0,1.297192
mesas,4.327853,201.4484,416,0,1.380130
bendy,4.327807,239.6194,497,0,1.362203
vogue,4.327756,222.6683,463,1,1.331533
ficos,4.327730,213.7533,517,0,1.241469
ohing,4.327622,242.2510,607,0,1.246652
palas,4.327512,241.4147,611,0,1.252484
hydro,4.327380,222.7745,534,1,1.237365
epode,4.327203,223.0251,556,0,1.244060
ambry,4.327164,228.3521,521,0,1.340821
brown,4.327141,245.2117,605,1,1.270194
dhuti,4.327091,246.5266,620,0,1.211663
machs,4.326974,234.6078,583,0,1.260259
kagos,4.326910,199.8043,476,0,1.287905
woose,4.326700,224.7045,495,0,1.357019
galvo,4.326473,225.1538,514,0,1.294384
frisk,4.326343,230.1508,561,1,1.290497
scurf,4.326338,230.5421,552,0,1.270626
lungi,4.326201,245.5512,612,0,1.231965
where,4.326169,248.8998,623,1,1.276890
gauze,4.325973,193.3905,373,1,1.412959
begun,4.325947,247.6825,554,1,1.285961
hoved,4.325938,222.7952,502,0,1.314687
xerus,4.325865,182.3374,407,0,1.411015
balmy,4.325817,266.5879,664,1,1.317279
mimer,4.325656,204.0886,448,0,1.420302
marri,4.325374,204.8782,453,0,1.321598
hello,4.325344,201.0371,406,1,1.329374
causa,4.325087,230.3711,589,0,1.245356
wyled,4.324807,227.8156,510,0,1.301080
mixte,4.324770,205.4346,480,0,1.359395
blaws,4.324730,228.3175,567,0,1.298920
bedim,4.324719,239.8665,521,0,1.288553
grass,4.324691,205.7102,496,1,1.344276
poses,4.324654,210.3287,450,0,1.347948
tushy,4.324532,260.8497,676,0,1.270626
wring,4.324398,248.9629,612,1,1.273218
limba,4.324393,222.0212,510,0,1.290929
dhikr,4.324336,233.4078,580,0,1.222030
obole,4.324310,210.9266,490,0,1.333693
shott,4.324191,289.5261,730,0,1.257019
redox,4.323949,201.8622,475,0,1.405616
pwned,4.323904,246.7771,581,0,1.251188
ixora,4.323613,178.9084,377,0,1.450108
wigan,4.323584,243.9495,550,0,1.262419
ycond,4.323487,244.5231,633,0,1.189201
faena,4.323067,210.0263,460,0,1.362203
quant,4.323006,208.0108,518,0,1.333693
pilei,4.322959,214.9983,499,0,1.334557
sorus,4.322717,224.5957,547,0,1.316631
nanos,4.322628,196.0652,462,0,1.327862
hyoid,4.322621,227.3732,580,0,1.206048
verra,4.322558,211.9244,476,0,1.418143
mogul,4.322519,265.1667,667,1,1.175594
baulk,4.322512,251.9581,626,0,1.270626
makis,4.322500,207.9546,490,0,1.288337
jiaos,4.322359,166.9542,302,0,1.392009
needs,4.322354,217.4657,508,0,1.241685
makos,4.322315,209.6350,496,0,1.293952
flabs,4.322298,229.3827,563,0,1.296328
motor,4.322090,246.3339,599,1,1.250756
rehem,4.321994,227.4674,558,0,1.264795
seven,4.321966,236.1542,599,1,1.263715
forze,4.321872,201.1210,487,0,1.433693
mowas,4.321768,216.3045,498,0,1.294816
small,4.321730,243.2488,620,1,1.290497
testy,4.321667,210.9888,437,1,1.401728
dozen,4.321630,219.0302,488,1,1.342765
kutis,4.321552,233.6886,606,0,1.229590
fitte,4.321377,229.5546,536,0,1.331749
tatus,4.321308,221.1857,541,0,1.292441
habus,4.321280,216.1032,512,0,1.254428
kneel,4.321259,230.5188,555,1,1.224622
wyted,4.321191,215.2367,459,0,1.309071
exits,4.320959,204.5153,427,0,1.420518
saids,4.320782,206.4911,501,0,1.323758
ketes,4.320643,217.2315,557,0,1.255508
thuds,4.320548,260.6276,666,0,1.197624
fille,4.320523,234.0600,544,0,1.328726
biogs,4.320508,224.5352,543,0,1.239957
erven,4.320484,234.1006,564,0,1.300216
seise,4.320447,227.3888,581,0,1.319870
seism,4.320349,216.6423,477,0,1.366091
imbue,4.320215,209.3931,430,1,1.314255
adown,4.320156,229.0276,501,0,1.285529
navew,4.320125,200.3365,462,0,1.391145
hongi,4.320086,244.1490,607,0,1.225054
swami,4.319890,211.3801,468,1,1.323542
exult,4.319832,211.7421,441,1,1.381425
mudge,4.319782,254.1991,590,0,1.259179
mened,4.319776,258.7365,639,0,1.181857
hoses,4.319496,201.7024,426,0,1.346436
obang,4.319154,218.0739,514,0,1.292657
kamis,4.318891,208.0523,490,0,1.280130
lownd,4.318688,253.9114,631,0,1.201512
beget,4.318610,251.4829,635,1,1.216631
truss,4.318364,227.3914,570,1,1.284233
grows,4.318061,225.3914,548,0,1.280994
mavin,4.318024,239.7274,562,0,1.264363
chimo,4.317963,259.7430,631,0,1.214687
heave,4.317774,218.9896,531,1,1.311879
bonne,4.317607,227.3767,517,0,1.358315
rifer,4.317584,216.3857,489,0,1.372786
feels,4.317247,232.7210,555,0,1.255076
haith,4.317204,218.9197,531,0,1.322030
yogee,4.317144,196.8436,484,0,1.292873
seres,4.316972,227.3369,575,0,1.327646
snowy,4.316965,246.8134,634,1,1.293737
gages,4.316815,183.0363,404,0,1.426782
asura,4.316800,194.4428,428,0,1.334773
synch,4.316728,252.4324,645,0,1.218790
lilos,4.316388,208.9896,496,0,1.240173
egers,4.316333,206.3883,476,0,1.311231
socas,4.316177,208.7011,480,0,1.338229
vibes,4.316055,207.5114,477,0,1.323974
woken,4.316014,224.1533,466,1,1.333045
shtum,4.315986,290.3814,739,0,1.205832
fusee,4.315830,235.0251,599,0,1.257019
evite,4.315793,228.2492,577,0,1.285961
unpeg,4.315556,223.2877,518,0,1.286177
black,4.315485,276.0479,690,1,1.273002
honor,4.315412,244.1490,596,1,1.233045
musth,4.315213,294.5698,739,0,1.185529
yechs,4.315184,200.1309,413,0,1.339957
mocha,4.315177,240.9222,531,1,1.284665
speck,4.315158,254.5171,544,1,1.341037
moxie,4.315032,192.8367,379,0,1.382721
scuba,4.315011,217.4225,502,1,1.308207
koban,4.314911,233.5443,526,0,1.263715
scuft,4.314616,272.4566,692,0,1.220950
alaps,4.314557,242.1862,611,0,1.247732
eaves,4.314442,200.2173,480,0,1.348380
glial,4.314440,251.4639,588,0,1.276242
cleek,4.314377,254.1499,628,0,1.234341
zilas,4.314227,191.4242,443,0,1.345572
hiply,4.314217,247.4043,618,0,1.237365
toxin,4.314183,232.4713,596,1,1.269114
mynah,4.314159,230.7451,560,0,1.226134
radix,4.314072,200.0981,435,0,1.349892
thebe,4.313918,244.4972,616,0,1.221598
mawns,4.313784,224.5957,561,0,1.251188
drunk,4.313633,247.7559,607,1,1.224622
pilow,4.313548,230.6544,569,0,1.214039
yanks,4.313471,215.9590,534,0,1.281210
fence,4.313371,246.9395,623,1,1.212743
fangs,4.313094,224.5603,547,0,1.265443
snots,4.313056,237.7974,613,0,1.271706
snits,4.313031,252.9214,654,0,1.265227
seedy,4.312832,228.7624,544,1,1.326134
borks,4.312697,233.2989,556,0,1.274298
acais,4.312396,204.9464,493,0,1.279914
micht,4.312364,258.8946,666,0,1.193089
budas,4.312212,224.6423,496,0,1.268898
ogive,4.311888,205.9028,401,0,1.390713
sinky,4.311734,249.8950,644,0,1.294600
nonas,4.311700,201.7015,462,0,1.329158
smell,4.311613,228.5317,507,1,1.325918
wifes,4.311391,211.0043,460,0,1.319222
curfs,4.311114,237.7680,552,0,1.242333
proso,4.311076,243.2436,606,0,1.259179
expat,4.310809,203.2618,393,0,1.423326
stonn,4.310448,240.6605,613,0,1.299136
stout,4.310131,259.6678,663,1,1.263931
hansa,4.309886,234.2795,596,0,1.222246
plebe,4.309849,255.9158,647,0,1.209935
caxon,4.309692,220.7996,519,0,1.298056
crazy,4.309510,209.2022,509,1,1.392657
elver,4.309014,225.0812,524,0,1.346004
pasta,4.309002,243.5175,616,1,1.254644
dined,4.308855,244.3823,550,0,1.324838
wilga,4.308849,232.7961,527,0,1.281425
gleby,4.308731,231.5477,485,0,1.351404
unfit,4.308716,249.1045,632,1,1.212095
loyal,4.308714,219.3197,498,1,1.297840
outro,4.308651,223.2730,543,0,1.256156
zebra,4.308550,195.8043,426,1,1.452700
seepy,4.308495,244.1404,570,0,1.311663
briks,4.308422,219.1106,513,0,1.282721
pises,4.308303,221.0216,499,0,1.320086
septs,4.308301,232.9464,540,0,1.342333
ticks,4.308234,239.4527,619,0,1.222894
newie,4.308079,227.0510,586,0,1.248596
firms,4.307983,223.2186,510,0,1.256803
nuked,4.307955,221.4942,508,0,1.283153
limps,4.307879,237.3378,590,0,1.198920
askoi,4.307871,182.4056,342,0,1.384449
barky,4.307589,229.5667,534,0,1.365659
sooty,4.307301,252.6803,644,1,1.326566
gobis,4.306870,223.9918,543,0,1.221382
mirks,4.306710,218.1162,503,0,1.245572
skelf,4.306641,228.1533,503,0,1.339741
aroba,4.306621,215.9287,501,0,1.320086
chops,4.306613,271.3317,681,0,1.209503
endue,4.306593,236.6898,583,0,1.210799
sozin,4.306478,221.0095,570,0,1.293737
unlaw,4.306334,206.4004,472,0,1.280346
minds,4.306228,246.5801,617,0,1.192009
vomit,4.306153,237.6972,596,1,1.222894
bydes,4.306111,204.9067,461,0,1.313391
arbas,4.305794,215.1080,515,0,1.279914
vetch,4.305627,236.4600,523,0,1.314255
grouf,4.305551,251.1011,632,0,1.227214
twank,4.305531,236.4618,574,0,1.261123
waked,4.305503,207.9425,468,0,1.360043
bayou,4.305385,203.5261,418,1,1.314255
drubs,4.305292,232.3728,551,0,1.231317
cadgy,4.305192,241.7387,605,0,1.275378
apian,4.305105,238.9361,573,0,1.223542
bitch,4.304994,264.6156,668,0,1.207991
alloy,4.304826,226.5732,498,1,1.348596
pryer,4.304623,225.3352,510,0,1.356371
varve,4.304606,192.5395,476,0,1.486393
kheda,4.304534,208.1352,381,0,1.361987
atuas,4.304430,219.4268,541,0,1.270842
gemel,4.304411,253.7292,633,0,1.187041
crump,4.304346,262.6821,648,1,1.193521
chips,4.304279,279.0769,707,0,1.203024
bling,4.304247,267.3421,683,0,1.228294
dryer,4.304246,227.5460,526,1,1.360043
newel,4.304208,233.8864,570,0,1.225702
bisom,4.304148,226.9637,541,0,1.217063
grill,4.304138,230.3987,542,1,1.259179
divas,4.304130,209.8829,462,0,1.284449
smirr,4.304016,225.6168,572,0,1.260043
aphid,4.303932,219.5071,476,1,1.250324
zibet,4.303754,216.1775,510,0,1.334125
luxes,4.303199,196.2458,449,0,1.354644
dings,4.303139,261.9071,642,0,1.195248
enurn,4.303057,207.9261,432,0,1.383585
pedes,4.302928,246.2631,615,0,1.207991
skyed,4.302895,206.2069,481,0,1.331965
parry,4.302617,238.0099,574,1,1.326782
yirks,4.302279,202.1076,456,0,1.275162
rower,4.302173,225.6773,514,1,1.395248
cools,4.302037,242.7572,593,0,1.229590
locks,4.301940,227.9806,549,0,1.229374
bundt,4.301905,264.9957,669,0,1.175378
miked,4.301764,229.0795,514,0,1.274946
amply,4.301577,249.8968,617,1,1.295680
eyass,4.301552,193.8976,417,0,1.427430
axion,4.301522,214.1032,451,1,1.363931
ochry,4.301342,218.0505,523,0,1.320518
fakey,4.301324,198.4998,390,0,1.450540
oonts,4.301305,240.0929,613,0,1.220302
wisht,4.301219,263.0847,674,0,1.221598
kidge,4.301129,231.4337,538,0,1.284449
venom,4.301093,220.0687,454,1,1.306695
pells,4.300966,229.6367,522,0,1.302376
azlon,4.300962,206.2130,446,0,1.327646
knurs,4.300955,225.4881,503,0,1.250108
wanze,4.300857,202.9784,472,0,1.394816
quean,4.300676,185.3084,337,0,1.442981
beige,4.300616,253.0683,641,0,1.235637
culex,4.300602,214.0048,497,0,1.320518
fibro,4.300466,225.8622,535,0,1.267171
duett,4.300397,248.4168,535,0,1.288553
boyau,4.300188,208.0488,418,0,1.315551
gauje,4.300094,193.9425,374,0,1.405616
smack,4.300088,261.4933,642,1,1.279914
hasta,4.299919,247.1927,627,0,1.253132
misch,4.299805,273.6851,686,0,1.179266
weels,4.299755,234.5732,557,0,1.238013
bhuna,4.299685,240.7788,538,0,1.263931
enema,4.299629,206.9456,431,1,1.316199
gynos,4.299607,239.0708,592,0,1.201080
agape,4.299532,213.0285,495,1,1.329590
dorrs,4.299522,235.3473,575,0,1.239093
oasis,4.299484,181.5002,309,0,1.363499
shool,4.299462,251.0069,632,0,1.226350
dowts,4.299423,239.2160,604,0,1.217063
rusas,4.299310,199.0838,428,0,1.341685
ambos,4.299177,217.2324,465,0,1.281641
glibs,4.299064,239.8639,587,0,1.209935
kiaat,4.298988,224.1957,581,0,1.251620
dowls,4.298697,233.0130,565,0,1.213823
dells,4.298669,216.0186,486,0,1.306048
gismo,4.298256,232.4238,540,0,1.208423
tahas,4.298189,239.9512,627,0,1.254212
mangy,4.298167,261.4579,631,1,1.282505
dizen,4.298039,236.6994,541,0,1.314903
neeps,4.298018,226.4877,534,0,1.227214
subha,4.297821,233.3724,512,0,1.287473
hings,4.297647,254.0410,641,0,1.190065
would,4.297506,258.2881,651,1,1.185961
coots,4.297480,253.5970,641,0,1.232829
alays,4.296824,224.0505,574,0,1.268251
scuse,4.296691,226.9214,507,0,1.365875
goldy,4.296453,265.3706,652,0,1.242981
weigh,4.296422,234.7927,522,1,1.286825
axons,4.296346,204.5343,452,0,1.337149
kawed,4.296035,208.0212,468,0,1.349460
hallo,4.296030,215.6592,499,0,1.279266
whits,4.295972,266.3218,674,0,1.226350
sylva,4.295531,217.5261,528,0,1.315983
fikes,4.295520,209.3629,461,0,1.331317
major,4.295487,206.7158,480,1,1.349028
odyls,4.295464,206.4600,484,0,1.239741
vends,4.295434,210.5508,478,0,1.299136
james,4.295292,183.5857,409,0,1.415767
bimah,4.295097,237.8138,544,0,1.239309
swank,4.295089,257.0415,624,0,1.286825
cahow,4.294990,233.5832,556,0,1.266955
weamb,4.294923,220.0454,470,0,1.330238
wreck,4.294857,239.3127,541,1,1.353348
timbo,4.294734,231.0778,553,0,1.209071
fumes,4.294731,225.3585,509,0,1.297840
wangs,4.294677,233.0492,566,0,1.248380
tints,4.294652,254.5473,654,0,1.215767
magus,4.294434,230.4030,546,0,1.244060
iambs,4.294173,201.9244,452,0,1.282289
evert,4.294005,225.8060,544,0,1.314687
folds,4.293909,228.5689,548,0,1.223326
bapus,4.293545,225.1754,546,0,1.262851
tabla,4.293534,245.9028,619,0,1.234989
tinct,4.293499,273.8484,701,0,1.192009
ivory,4.293439,205.5037,480,1,1.350972
hived,4.293295,235.5132,540,0,1.286825
pashm,4.293220,248.0644,612,0,1.230238
envoi,4.292919,206.6994,450,0,1.404104
droid,4.292890,236.0333,575,0,1.285529
yugas,4.292816,213.2289,482,0,1.265659
rumpo,4.292617,243.5857,582,0,1.227214
gaudy,4.292240,253.2868,596,1,1.279266
nexts,4.292210,191.4035,432,0,1.365443
dimly,4.292164,273.8631,676,1,1.222462
globs,4.292150,236.1741,574,0,1.216415
mohua,4.292077,228.1024,479,0,1.290065
talma,4.291934,239.7542,596,0,1.239957
pilum,4.291814,255.9719,641,0,1.160259
whios,4.291619,237.4492,581,0,1.227430
pupae,4.291613,200.4661,379,0,1.405832
burds,4.291354,240.5119,551,0,1.236501
holks,4.291337,233.9175,572,0,1.207559
perry,4.291328,231.8553,510,0,1.376890
jutes,4.291196,203.9555,474,0,1.365227
scudi,4.291138,225.5857,568,0,1.237797
pings,4.290993,263.2851,662,0,1.191577
slaps,4.290625,245.5227,611,0,1.296328
sakes,4.290565,197.6134,447,0,1.426782
kehua,4.290553,188.5335,343,0,1.387257
yowed,4.290537,218.3546,447,0,1.331965
uncoy,4.290421,235.9227,606,0,1.244492
kalif,4.290346,232.3149,561,0,1.262635
bowed,4.290337,247.9071,554,0,1.303240
agoge,4.290223,183.9996,330,0,1.462851
mulga,4.290107,254.4937,574,0,1.246004
pooed,4.289864,246.9741,556,0,1.293952
clubs,4.289805,252.5629,613,0,1.187905
derry,4.289716,234.0298,526,0,1.380562
zedas,4.289691,185.6549,388,0,1.402808
hilum,4.289687,239.4518,603,0,1.158747
pithy,4.289683,253.3240,633,1,1.243844
gauge,4.289678,198.4989,379,1,1.409935
hells,4.289585,214.7063,468,0,1.300864
canns,4.289546,231.4734,570,0,1.276242
damar,4.289456,251.8251,624,0,1.226566
misgo,4.289314,232.8868,540,0,1.208423
askew,4.289285,188.4808,399,1,1.395680
polks,4.289105,245.2367,610,0,1.209071
ewest,4.289004,252.4747,570,0,1.249892
shill,4.288899,255.3067,655,0,1.226350
embay,4.288859,221.4276,463,0,1.422894
petti,4.288542,222.0670,495,0,1.312527
roker,4.288256,211.0406,473,0,1.395680
foamy,4.288172,226.8756,542,1,1.330886
odeum,4.288095,212.7754,410,0,1.311015
henge,4.288088,258.4445,653,0,1.192225
eerie,4.287906,211.6212,540,1,1.325918
sleds,4.287412,214.6579,486,0,1.346220
weets,4.287325,240.5413,570,0,1.241253
mincy,4.286795,264.7590,670,0,1.227646
knowe,4.286595,214.6942,466,0,1.328294
mongs,4.286319,259.0432,644,0,1.191145
equal,4.286118,195.9806,400,1,1.459827
soaps,4.286090,220.6363,526,0,1.323974
tuath,4.286086,261.2384,619,0,1.240605
powin,4.285993,256.5248,647,0,1.199784
domic,4.285680,248.7313,619,0,1.190497
defer,4.285653,262.9715,639,1,1.263067
labra,4.285575,228.6406,531,0,1.293089
baisa,4.285574,218.2898,535,0,1.265659
conto,4.285513,264.7184,672,0,1.185529
nevus,4.285506,202.8186,442,0,1.318790
pirai,4.285503,204.5032,442,0,1.330238
thill,4.285255,255.2670,649,0,1.200648
peeoy,4.285025,213.0501,470,0,1.304752
jaker,4.284998,180.3132,418,0,1.496328
musty,4.284676,265.2022,658,1,1.250540
jagir,4.284610,200.8125,454,0,1.339309
rojis,4.284540,187.3836,427,0,1.335853
punga,4.284036,257.3896,550,0,1.237797
bavin,4.284020,245.0907,567,0,1.265227
urger,4.283996,229.1227,528,0,1.338445
fribs,4.283907,220.1974,511,0,1.270194
azurn,4.283815,199.3387,433,0,1.331749
ranga,4.283672,233.5780,538,0,1.269978
album,4.283599,254.0747,602,1,1.226998
tombs,4.283565,237.5892,601,0,1.208423
farro,4.283470,219.4881,495,0,1.309935
bunco,4.283467,275.5201,689,0,1.187473
smoor,4.283276,247.6428,607,0,1.262203
nkosi,4.282911,215.8916,532,0,1.264147
rayah,4.282851,223.3508,521,0,1.257883
slily,4.282810,248.2354,634,0,1.300000
bleep,4.282624,260.8790,647,1,1.200648
spink,4.282593,280.0739,710,0,1.234125
lilac,4.282335,225.1538,535,1,1.274298
doums,4.282157,256.4143,641,0,1.185961
tenny,4.282037,215.5140,435,0,1.394384
mopsy,4.282017,278.7132,701,0,1.227430
banal,4.281710,263.2341,661,1,1.227430
moldy,4.281450,267.4959,657,1,1.240389
music,4.281323,247.3093,609,1,1.187473
alamo,4.281166,234.8730,554,0,1.259395
marah,4.280772,246.5585,594,0,1.235853
gusty,4.280265,257.3654,640,1,1.253132
porno,4.279995,254.9983,622,0,1.217279
brass,4.279706,215.8233,515,1,1.342549
brock,4.279539,268.9603,669,0,1.253348
howls,4.279440,238.3071,584,0,1.208639
elbow,4.279428,225.6998,455,1,1.329374
faiks,4.278882,221.3724,520,0,1.287905
axmen,4.278504,201.6402,426,0,1.374514
unwit,4.278415,240.4065,611,0,1.206695
thewy,4.278352,238.4117,491,0,1.357451
machi,4.278071,227.3171,519,0,1.267387
lassy,4.277829,230.1257,574,0,1.337149
haufs,4.277823,223.5313,521,0,1.241685
bokeh,4.277724,221.0285,466,0,1.312095
warby,4.277721,231.5296,536,0,1.336069
unfed,4.277630,226.9421,510,1,1.265875
azons,4.277614,204.1266,455,0,1.333693
colon,4.277348,263.1641,654,1,1.185529
peghs,4.277338,225.5970,518,0,1.277106
flamy,4.277149,263.4717,666,0,1.303240
yoked,4.276891,205.6030,409,0,1.332397
nucha,4.276583,227.1348,506,0,1.265011
divna,4.276578,257.7767,551,0,1.265227
aggie,4.276415,192.2311,362,0,1.431102
damps,4.276299,231.8052,568,0,1.219006
wolds,4.276176,237.9356,565,0,1.206263
brows,4.276139,236.0704,567,0,1.279266
demob,4.276039,236.5896,508,0,1.271058
dorky,4.275785,248.2337,614,0,1.289417
sadis,4.275611,212.9654,501,0,1.301728
mavis,4.275603,219.5140,497,0,1.273434
stivy,4.275178,237.6324,600,0,1.320734
sados,4.275146,208.4955,490,0,1.307343
muids,4.275036,257.6877,642,0,1.175810
fetta,4.274940,218.6743,428,0,1.375810
spoot,4.274929,278.6959,704,0,1.223326
ephod,4.274834,215.6557,445,0,1.304536
hemps,4.274447,237.1538,531,0,1.263931
robot,4.274200,259.8112,629,1,1.234125
bachs,4.274012,230.6389,562,0,1.261123
unsaw,4.273860,210.8376,472,0,1.260475
boink,4.273541,267.6082,678,0,1.229158
marvy,4.273497,239.3516,553,0,1.339957
cajon,4.273415,223.8587,524,0,1.291793
boked,4.273312,231.2168,506,0,1.303672
ogees,4.273047,202.0730,455,0,1.269546
buaze,4.272950,199.9244,399,0,1.416415
bawns,4.272829,230.8004,564,0,1.252052
boeuf,4.272785,224.3952,452,0,1.308207
wroot,4.272467,271.9054,667,0,1.235637
forbs,4.272120,230.5620,540,0,1.261771
slurs,4.271851,220.0194,468,0,1.304536
budge,4.271751,264.1680,605,1,1.260043
wonga,4.271660,254.8393,541,0,1.272786
kinda,4.271359,245.2816,534,0,1.263499
knish,4.271352,270.9369,688,0,1.182505
veena,4.271351,224.0635,506,0,1.303672
slays,4.271279,225.6194,574,0,1.316847
shets,4.271045,255.4337,535,0,1.361123
veers,4.270605,230.5240,546,0,1.289417
haded,4.270019,205.0259,448,0,1.363283
flips,4.270014,257.2531,639,0,1.214039
aloha,4.269993,212.3909,499,0,1.273434
never,4.269956,239.3024,564,1,1.304968
doors,4.269792,245.8337,575,0,1.256587
crocs,4.269774,227.5149,542,0,1.306479
cilia,4.269585,231.2393,535,0,1.304104
brick,4.269363,257.9521,624,1,1.246868
neive,4.269001,245.2238,621,0,1.256803
bahus,4.268989,218.2769,512,0,1.266523
owche,4.268931,221.5227,464,0,1.315983
brool,4.268831,250.7961,595,0,1.257451
jiber,4.268788,207.5521,464,0,1.398920
porky,4.268756,251.5788,614,0,1.285745
doona,4.268702,259.0095,544,0,1.270842
hizen,4.268629,217.8259,483,0,1.309719
radii,4.267937,204.3857,441,1,1.334557
lushy,4.267701,240.6803,591,0,1.249244
refed,4.267474,265.1227,639,0,1.241469
hefty,4.267379,230.3892,461,1,1.358747
banks,4.267336,238.9957,587,0,1.252484
aliya,4.267300,217.0734,524,0,1.277970
obeys,4.267248,185.9210,399,0,1.368251
flaks,4.267074,251.5045,602,0,1.274946
basal,4.266957,255.3603,636,1,1.244060
cupid,4.266920,279.3335,698,0,1.134773
woven,4.266791,242.2942,512,1,1.318143
molal,4.266705,245.1711,554,0,1.268467
forex,4.266641,214.2683,489,0,1.409071
baals,4.266613,254.0678,636,0,1.266955
keels,4.266468,235.1823,559,0,1.227862
vegos,4.266428,206.6207,433,0,1.320086
campy,4.266410,268.8747,653,0,1.255508
bigos,4.266401,230.2924,543,0,1.213823
chirr,4.266357,266.3356,677,0,1.208207
doxes,4.266223,200.3071,435,0,1.352916
elemi,4.266142,217.5382,487,0,1.258531
gonif,4.265982,281.0536,700,0,1.181641
joual,4.265819,205.9719,421,0,1.341469
gyrus,4.265701,231.6911,509,0,1.226134
alang,4.265337,256.8350,650,0,1.228078
flawn,4.265084,245.0950,606,0,1.255940
harry,4.265046,224.7460,521,1,1.325270
decko,4.264787,216.3996,445,0,1.300216
bowrs,4.264761,242.8479,567,0,1.262203
flops,4.264472,242.0652,593,0,1.220518
agars,4.264054,214.0151,496,0,1.290713
suits,4.264020,268.0436,685,0,1.246436
cough,4.263781,292.5179,734,1,1.160043
wefts,4.263756,224.5015,505,0,1.297840
galas,4.263716,245.2497,606,0,1.226782
aheap,4.263018,222.7719,453,0,1.309071
cleve,4.262843,264.3970,658,0,1.219870
moved,4.262668,246.3114,550,0,1.287905
kibla,4.262655,237.2082,541,0,1.263715
fosse,4.262655,217.7905,474,0,1.338661
rumba,4.262622,231.2557,489,1,1.290713
sused,4.262622,234.7011,547,0,1.311015
whelp,4.262594,240.0255,517,1,1.267387
praam,4.262361,259.8821,640,0,1.231317
wordy,4.262311,265.5866,644,1,1.282937
myoid,4.262213,256.6104,635,0,1.179266
dowry,4.262186,267.4164,644,1,1.277322
await,4.262093,233.2384,566,1,1.239093
spats,4.262039,253.0346,616,0,1.293521
eggar,4.261756,195.9149,408,0,1.453564
fidos,4.261520,231.5590,555,0,1.211879
kreep,4.261437,254.4255,623,0,1.235421
izard,4.261295,203.9486,434,0,1.341037
fritt,4.261125,267.1529,649,0,1.247732
globi,4.261024,238.7780,582,0,1.223542
fugal,4.261004,258.0618,590,0,1.241901
musha,4.260945,243.7577,520,0,1.249892
scans,4.260672,230.3037,570,0,1.291793
sorgo,4.260379,247.4207,596,0,1.252268
kevil,4.260308,225.9780,513,0,1.302160
detox,4.260285,205.5374,455,1,1.341253
yeesh,4.260214,232.7235,517,0,1.225702
knaps,4.260211,236.3348,573,0,1.241901
gothy,4.260161,250.3132,622,0,1.246004
yiked,4.260104,214.5663,451,0,1.304536
sylph,4.260065,263.0674,647,0,1.189201
hazed,4.259977,199.9201,441,0,1.364579
howbe,4.259920,229.3058,512,0,1.287257
agora,4.259917,214.1663,474,1,1.306911
kench,4.259845,247.0346,536,0,1.287689
mothy,4.259721,258.8523,640,0,1.243413
seize,4.259719,224.1629,571,1,1.302376
idyls,4.259710,215.5019,510,0,1.226998
licks,4.259699,239.0622,580,0,1.201512
teste,4.259591,251.2618,633,0,1.234557
birks,4.259568,225.4674,513,0,1.246436
souts,4.259539,261.6868,663,0,1.255940
fyces,4.259296,196.0618,405,0,1.309071
halls,4.259223,232.5050,572,0,1.250756
guids,4.259214,264.4255,650,0,1.178402
forum,4.259093,260.7400,631,1,1.219438
perps,4.259079,214.9948,486,0,1.370842
oundy,4.259037,265.3533,659,0,1.238229
iliad,4.258865,239.8562,552,0,1.280778
imbed,4.258733,237.6143,521,0,1.261555
chaws,4.258547,259.8138,609,0,1.253996
touts,4.258537,263.3076,663,0,1.209071
fluid,4.258502,279.6566,692,1,1.174082
binds,4.258389,253.8346,622,0,1.192873
duing,4.258235,309.6324,773,0,1.173650
renne,4.257748,240.8220,592,0,1.291145
brill,4.257238,236.9188,555,0,1.257451
waved,4.257142,232.8263,533,0,1.345140
stull,4.257099,264.1896,655,0,1.232397
typic,4.257066,231.9253,576,0,1.181210
thanx,4.257039,238.0540,590,0,1.268683
endow,4.256847,235.7819,476,1,1.310799
sodas,4.256793,217.2384,490,0,1.308639
lagan,4.256700,264.8004,650,0,1.202160
casco,4.256422,213.8276,480,0,1.314903
chogs,4.256361,261.3862,649,0,1.195248
plows,4.256195,247.7888,610,0,1.210799
awing,4.255777,252.8384,550,0,1.268683
talak,4.255580,252.7114,625,0,1.229590
coded,4.255322,230.7745,509,0,1.313607
palls,4.255258,247.8268,611,0,1.252268
flush,4.255235,274.3762,683,1,1.172786
kythe,4.255214,198.7253,419,0,1.306263
dozes,4.255085,199.1244,429,0,1.351836
souls,4.255062,245.2963,623,0,1.252700
aidas,4.254966,215.6333,501,0,1.232181
perve,4.254916,274.0350,678,0,1.251188
ceaze,4.254907,223.1546,548,0,1.314687
joust,4.254500,256.1793,656,1,1.246652
dutch,4.254429,285.3352,709,1,1.153564
kangs,4.254310,237.5616,584,0,1.238229
oulks,4.254186,235.1339,566,0,1.215119
sexer,4.254173,228.8773,565,0,1.349028
burps,4.254123,251.0371,583,0,1.222030
stowp,4.253832,260.4125,645,0,1.244924
pitot,4.253570,256.0402,622,0,1.189201
biked,4.253231,241.4095,540,0,1.275810
moses,4.253065,215.5184,452,0,1.319654
amoks,4.252719,222.7607,496,0,1.277322
apeek,4.252662,233.0570,519,0,1.260475
cotts,4.252586,255.1443,641,0,1.204104
bible,4.252308,222.9387,518,1,1.350756
snash,4.252244,247.0112,596,0,1.292009
stash,4.252149,261.4406,627,1,1.340389
wisha,4.252010,219.0501,448,0,1.285313
kurre,4.252000,225.9633,544,0,1.306479
fluty,4.251988,263.9417,647,0,1.252052
yupon,4.251868,255.1210,654,0,1.165875
hoors,4.251767,249.7603,573,0,1.251404
fella,4.251644,229.8605,463,1,1.372786
waifs,4.251612,215.3274,495,0,1.268683
ginch,4.251606,292.8514,734,0,1.165227
butyl,4.251589,252.1421,617,0,1.196760
araks,4.251282,230.1266,558,0,1.282505
coxed,4.251261,225.1322,503,0,1.315983
herry,4.251220,221.2108,457,0,1.375378
ought,4.251105,255.0397,628,1,1.193737
clunk,4.251102,280.2302,687,0,1.181210
pulmo,4.250673,264.6242,640,0,1.168467
hokis,4.250557,224.0782,556,0,1.207775
haiku,4.250359,201.5313,423,0,1.270626
educe,4.250341,246.2207,604,0,1.186825
revue,4.250102,240.2579,586,1,1.274298
ngoma,4.250061,235.2203,504,0,1.271058
chefs,4.249883,247.0104,502,0,1.297192
shans,4.249755,244.9905,596,0,1.284449
ching,4.249742,289.2168,734,0,1.183369
tolly,4.249660,240.1404,590,0,1.269114
catty,4.249558,242.0488,581,1,1.295464
mouch,4.249465,307.2600,758,0,1.155940
poxes,4.249445,211.3594,446,0,1.349244
rigor,4.249328,241.3801,591,1,1.216415
ankus,4.248639,224.4367,502,0,1.259179
hoxes,4.248117,201.6790,422,0,1.347732
quail,4.248049,196.3417,424,1,1.341253
infos,4.247451,222.1585,525,0,1.231965
preve,4.247216,272.0367,678,0,1.259611
gouch,4.247173,292.5387,734,0,1.158531
oping,4.247144,254.8065,622,0,1.214471
rocky,4.247133,238.9732,576,1,1.298704
decad,4.247014,220.2138,456,0,1.351188
swift,4.246918,278.5067,704,1,1.215983
rewed,4.246789,278.0099,665,0,1.236069
swamy,4.246495,252.3883,613,0,1.300432
slags,4.246438,241.9996,606,0,1.282073
holla,4.246344,227.2013,499,0,1.275162
sords,4.245774,232.5145,575,0,1.276242
cacti,4.245633,217.0847,506,1,1.306695
clomb,4.245602,272.6276,688,0,1.164147
saims,4.245215,226.2838,537,0,1.292441
keets,4.245048,236.3106,557,0,1.231102
preps,4.244956,219.6376,486,0,1.379266
colls,4.244744,244.4626,593,0,1.201080
cooee,4.244739,237.9685,611,0,1.256371
durra,4.244301,241.2635,519,0,1.257451
neems,4.244246,225.7179,518,0,1.210367
plouk,4.244158,265.3240,661,0,1.173650
hoick,4.243636,265.8380,659,0,1.204536
croci,4.243529,225.5166,534,0,1.313607
brung,4.243383,269.9417,649,0,1.220302
rewax,4.242974,200.5102,440,0,1.427646
lists,4.242888,230.4782,571,0,1.232181
veles,4.242860,242.0929,590,0,1.229590
exons,4.242801,211.7482,461,0,1.385745
champ,4.242602,283.7222,683,1,1.195032
cozed,4.242467,224.0972,500,0,1.314903
lynch,4.242357,244.3728,588,1,1.171706
colza,4.242179,222.0194,495,0,1.317279
malas,4.242046,251.7430,620,0,1.224190
duomi,4.242019,248.5136,583,0,1.190065
synes,4.241892,208.0497,450,0,1.331317
plugs,4.241807,274.9266,672,0,1.157235
incog,4.241800,240.5516,588,0,1.206479
niton,4.241264,241.6575,599,0,1.228078
cuifs,4.240880,260.5438,647,0,1.182505
feens,4.240848,238.3788,558,0,1.217063
bonze,4.240761,226.4307,508,0,1.338445
dight,4.240739,262.1404,668,0,1.163499
fatal,4.240660,257.3421,628,1,1.238013
soyas,4.240272,213.5771,479,0,1.319006
sculk,4.239910,273.4415,672,0,1.207775
regur,4.239764,234.8479,528,0,1.297624
feyer,4.239730,234.4151,540,0,1.289633
hopak,4.239576,234.5611,518,0,1.231102
salps,4.239404,244.5646,611,0,1.276458
borax,4.239343,222.7728,488,1,1.346004
wases,4.239342,202.1352,446,0,1.376890
helix,4.239269,205.6402,443,1,1.322462
adzes,4.239241,181.1667,388,0,1.404320
fluyt,4.238950,257.8492,647,0,1.198704
ghees,4.238698,251.4760,608,0,1.187041
arrow,4.238687,236.7348,514,1,1.284233
flong,4.238641,268.8376,671,0,1.200864
lamby,4.238586,268.0099,664,0,1.278402
aargh,4.238291,244.2752,587,0,1.225270
quilt,4.238115,240.6130,612,1,1.249676
feted,4.237980,262.3546,633,0,1.193305
greek,4.237643,255.1425,627,0,1.248380
welks,4.237551,227.9857,507,0,1.288121
climb,4.237397,269.6644,685,1,1.157667
resee,4.237295,235.3473,575,0,1.337149
sluts,4.237208,263.6307,655,0,1.228294
sloop,4.237157,270.1024,674,1,1.202808
awarn,4.237003,244.5119,568,0,1.242765
iglus,4.236987,222.1032,532,0,1.212959
unwed,4.236748,234.7564,524,1,1.260475
yukes,4.236519,204.4765,430,0,1.308423
moups,4.236450,277.9486,691,0,1.170842
sanga,4.236388,251.1737,630,0,1.231749
bongs,4.236305,264.1637,644,0,1.192009
slams,4.236256,248.6717,620,0,1.279482
quena,4.236237,194.3892,337,0,1.432829
jolts,4.236191,215.2367,520,0,1.263931
tewit,4.235868,239.0648,528,0,1.286393
aglow,4.235865,227.3110,496,1,1.266091
bunty,4.235513,265.9745,649,0,1.234773
parps,4.235163,220.7961,518,0,1.320734
modus,4.235136,261.5477,641,0,1.168683
frown,4.235085,259.3819,629,1,1.236285
licit,4.235063,249.4337,614,0,1.204536
truth,4.235046,273.3810,663,1,1.196328
eughs,4.235037,232.0989,463,0,1.297840
glebe,4.235001,271.4268,668,0,1.184233
pight,4.234780,267.8285,682,0,1.159827
ympes,4.234584,218.5076,481,0,1.279914
downs,4.234528,262.9283,642,0,1.175810
babes,4.234447,192.6328,423,0,1.422894
tanga,4.234402,251.5641,616,0,1.206048
saves,4.234360,209.6540,480,0,1.411879
ofays,4.234324,189.4769,415,0,1.305184
mises,4.234302,219.8587,477,0,1.291793
awmry,4.234263,238.6207,526,0,1.311447
thugs,4.234003,285.6324,713,0,1.168898
fonds,4.233330,246.9067,603,0,1.186825
dogma,4.233234,256.9629,545,1,1.228726
iliac,4.233183,224.2821,535,1,1.295680
wafts,4.232973,232.8894,569,0,1.247732
comps,4.232840,270.9793,669,0,1.164147
natty,4.232692,232.2484,543,0,1.304752
barca,4.232325,253.8380,613,0,1.247948
honks,4.232060,266.2855,668,0,1.171058
weens,4.232052,249.9192,582,0,1.200000
mells,4.232047,231.3369,507,0,1.274082
manta,4.232030,247.8000,609,0,1.209719
butte,4.231627,251.5857,575,1,1.280130
ticca,4.231617,228.6156,506,0,1.288337
zoeae,4.231563,183.5538,377,0,1.380562
gnaws,4.231373,239.1590,566,0,1.233693
adsum,4.231139,226.7408,502,0,1.224406
rumps,4.230846,257.8501,584,0,1.198704
gived,4.230735,269.8518,614,0,1.262635
found,4.230617,287.6644,726,1,1.165011
amain,4.230563,249.4778,601,0,1.205616
damme,4.230556,222.5067,508,0,1.346436
indie,4.230483,238.9767,550,0,1.301080
codex,4.230380,226.1862,503,0,1.305832
voids,4.230191,236.8756,577,0,1.211015
stunt,4.229850,285.9762,714,1,1.215335
reked,4.229834,257.5011,624,0,1.236501
balsa,4.229766,254.2605,636,0,1.232829
remix,4.229649,206.4721,448,0,1.365875
linky,4.229574,256.9698,639,0,1.247516
styes,4.229369,204.7702,437,0,1.369762
undam,4.229227,238.3616,534,0,1.202592
sowse,4.229066,229.9987,495,0,1.371058
bothy,4.228924,263.0821,648,0,1.244276
smarm,4.228494,224.2726,514,0,1.345356
pitta,4.228481,248.1162,532,0,1.251836
moola,4.228480,252.5421,554,0,1.276890
pests,4.228301,237.2056,540,0,1.298704
cocas,4.228026,218.8056,480,0,1.301944
rasps,4.228002,220.9482,518,0,1.294816
bhang,4.227990,261.0294,642,0,1.221814
okays,4.227729,196.5637,441,0,1.303456
flogs,4.227557,245.8130,585,0,1.206263
flaws,4.227542,243.1434,582,0,1.265011
hefte,4.227533,260.0436,639,0,1.191577
rover,4.227158,237.5693,532,1,1.380778
nazis,4.227039,201.5676,472,0,1.309719
brusk,4.226896,262.0073,626,0,1.220518
azoth,4.226689,227.9892,509,0,1.293952
dross,4.226540,231.9555,575,1,1.258099
teths,4.226409,241.0994,535,0,1.297192
gipsy,4.226308,273.1641,683,1,1.202160
burka,4.226261,238.6812,504,0,1.292657
hewer,4.226128,256.9404,623,0,1.252484
tenne,4.225894,249.7058,623,0,1.227214
wilds,4.225827,247.6687,590,0,1.178402
odder,4.225825,215.1279,481,1,1.412095
sends,4.225793,221.1737,508,0,1.304536
alvar,4.225620,241.2367,559,0,1.263931
using,4.225466,250.1102,621,1,1.227214
pizes,4.225372,220.0272,491,0,1.320302
oxide,4.225143,204.3737,404,1,1.377970
knive,4.225080,241.2143,555,0,1.306911
coons,4.224945,277.0605,676,0,1.191577
nowty,4.224905,248.5145,612,0,1.262851
ligge,4.224806,225.9667,513,0,1.330238
buhrs,4.224710,246.7667,549,0,1.225054
rarer,4.224606,207.8432,488,1,1.448380
gawsy,4.224356,246.6026,593,0,1.264795
tilth,4.224323,265.8380,649,0,1.171274
pixes,4.224274,222.4186,497,0,1.321382
blink,4.224258,284.3425,707,1,1.201512
stuck,4.224198,294.6743,717,1,1.221814
wedel,4.224140,282.6199,682,0,1.168467
teene,4.224106,248.8652,623,0,1.235421
pecks,4.223849,243.6635,544,0,1.268035
nahal,4.223807,232.4168,577,0,1.218359
xrays,4.223678,187.6263,434,0,1.349676
whins,4.223507,278.6942,690,0,1.185097
darzi,4.223317,201.6298,434,0,1.340173
plums,4.223316,280.7616,685,0,1.154644
aking,4.223233,252.1490,561,0,1.264795
privy,4.223089,252.9127,614,1,1.269330
busty,4.222969,267.7698,653,0,1.251404
heben,4.222632,259.5279,632,0,1.149028
flims,4.222631,257.2125,621,0,1.197192
issue,4.222623,203.2341,394,1,1.337365
dwalm,4.222621,266.3719,663,0,1.188769
demes,4.222612,249.2151,606,0,1.177538
yowls,4.222449,233.5624,560,0,1.211447
leeks,4.222390,240.6389,559,0,1.219438
boost,4.221612,288.0946,716,1,1.203024
oflag,4.221545,227.8285,480,0,1.261123
shirs,4.221477,242.2285,557,0,1.279914
attic,4.221288,226.9629,506,1,1.265659
popes,4.221128,217.0251,450,0,1.343197
pongy,4.220996,291.6644,725,0,1.203456
ashes,4.220898,184.6907,374,0,1.391793
kaifs,4.220716,222.2795,520,0,1.258531
cided,4.220613,241.5702,543,0,1.285745
fives,4.220521,224.9974,501,0,1.316415
sklim,4.220468,248.3538,617,0,1.190929
quist,4.220454,268.0056,685,0,1.238661
semis,4.220285,221.6367,477,0,1.317711
nevel,4.220063,250.2104,595,0,1.211231
fendy,4.219991,250.2380,506,0,1.328294
desis,4.219974,217.1832,476,0,1.297840
honan,4.219939,238.8661,531,0,1.253132
bhuts,4.219849,299.9097,735,0,1.173434
edger,4.219763,256.9646,616,0,1.255940
chews,4.219628,260.0946,527,0,1.289417
gadje,4.219472,219.4803,495,0,1.348596
unked,4.219329,228.0972,508,0,1.260907
lunks,4.219209,251.9978,610,0,1.177970
taboo,4.219175,234.8920,543,1,1.238013
lassu,4.219073,217.8890,531,0,1.276026
spets,4.218892,252.1983,540,0,1.328942
kohls,4.218800,232.5715,572,0,1.197840
akela,4.218311,227.0907,455,0,1.335637
grego,4.218077,215.1158,478,0,1.387689
onned,4.217844,238.4566,497,0,1.296112
ponks,4.217844,270.0730,676,0,1.172570
nifty,4.217820,256.5629,626,0,1.240389
joram,4.217643,217.8821,480,0,1.329374
mings,4.217632,269.7292,656,0,1.163283
shiai,4.217422,225.8950,508,0,1.307991
poupe,4.217090,224.0091,462,0,1.322678
shlub,4.217063,263.1235,654,0,1.177754
shist,4.217027,304.9438,758,0,1.257451
decks,4.217013,220.9464,487,0,1.271706
limbo,4.216988,240.6423,569,1,1.187689
snyes,4.216915,211.1555,450,0,1.321382
hylic,4.216840,237.2281,589,0,1.181641
glass,4.216637,246.0436,606,1,1.248380
packs,4.216606,265.1158,641,0,1.217927
smoot,4.216576,283.4769,711,0,1.197624
gowls,4.216534,249.7257,600,0,1.184449
vinew,4.216522,252.9724,568,0,1.276674
dauby,4.216304,261.4242,606,0,1.254428
deids,4.216019,220.4575,476,0,1.318790
marry,4.215978,250.9559,591,1,1.298488
poori,4.215301,239.3827,555,0,1.260043
spool,4.215289,272.5179,674,1,1.194168
sunna,4.215190,245.4207,539,0,1.296976
hests,4.214827,242.4911,535,0,1.297192
yolks,4.214730,232.4618,559,0,1.210367
hyped,4.214560,233.5685,515,0,1.235853
codec,4.214387,231.6341,509,0,1.294816
gotta,4.214353,243.9952,523,0,1.253996
spill,4.214231,282.8592,708,1,1.194168
priss,4.214201,246.4350,594,0,1.247948
silly,4.213960,257.9201,634,1,1.266955
nikau,4.213909,208.1438,411,0,1.284017
mooed,4.213798,263.3680,576,0,1.265659
osmic,4.213790,214.9378,485,0,1.225702
yedes,4.213482,226.4721,544,0,1.209287
piums,4.213354,275.9952,683,0,1.154428
nolls,4.212930,230.8713,564,0,1.210367
ataps,4.212809,249.1590,616,0,1.229158
redry,4.212599,241.5132,526,0,1.360259
gybes,4.212454,211.8225,463,0,1.266739
taxus,4.212394,218.2086,527,0,1.287041
sands,4.212381,229.0760,568,0,1.254428
orlop,4.212360,232.4808,546,0,1.212959
tewed,4.212172,268.9283,647,0,1.172138
forks,4.211934,245.8199,576,0,1.240389
golfs,4.211842,245.7378,585,0,1.181210
bingo,4.211780,279.1330,666,1,1.192657
matai,4.211540,235.2989,557,0,1.239309
lamia,4.211533,244.8704,575,0,1.226566
flews,4.211523,236.1940,502,0,1.300432
shris,4.211501,241.8371,557,0,1.258963
conin,4.211429,276.8989,682,0,1.196544
murex,4.211388,230.3503,516,0,1.328726
gilpy,4.211234,280.8091,684,0,1.200648
agria,4.211060,218.3503,464,0,1.279482
dacks,4.210913,235.4855,566,0,1.221598
powns,4.210867,271.1711,675,0,1.172138
chavs,4.210778,266.1292,622,0,1.239093
kempt,4.210772,230.0428,516,0,1.244924
leves,4.210770,245.0562,590,0,1.225702
uptak,4.210737,238.9724,538,0,1.218790
empty,4.210566,238.1991,486,1,1.347516
netty,4.210463,221.6004,435,0,1.354860
sidas,4.210419,224.3235,501,0,1.280778
tatar,4.210361,249.9089,613,0,1.245140
gurge,4.210343,230.9378,528,0,1.352916
thick,4.210291,296.6683,723,1,1.190065
filch,4.210286,289.5927,709,0,1.166091
bukes,4.210286,236.9188,529,0,1.279698
merry,4.209906,238.5335,503,1,1.348596
gadge,4.209825,226.0022,505,0,1.352916
sleys,4.209562,217.4855,449,0,1.352268
mirvs,4.209504,234.8471,529,0,1.220734
wavey,4.209482,216.0946,447,0,1.418575
karas,4.209448,234.1136,558,0,1.256587
pavid,4.209444,254.1248,575,0,1.212311
fohns,4.209323,255.4112,638,0,1.187041
vakil,4.208873,242.6441,577,0,1.249028
kelpy,4.208835,238.1698,495,0,1.323110
hooey,4.208388,223.3421,445,0,1.365875
stump,4.208374,300.0929,730,1,1.188769
okehs,4.208319,214.8868,451,0,1.327862
users,4.208052,200.2320,416,0,1.371490
nieve,4.207984,251.8613,621,0,1.228942
slish,4.207857,261.0233,655,0,1.236933
hemes,4.207778,249.2341,610,0,1.172354
gaumy,4.207586,274.5793,634,0,1.247948
pulik,4.207584,275.0734,670,0,1.147084
circs,4.207328,231.7024,525,0,1.263715
knags,4.207216,244.4946,584,0,1.227646
tilly,4.207167,253.4415,614,0,1.241253
leese,4.207138,247.9685,614,0,1.241037
pross,4.207114,248.1456,606,0,1.254428
menge,4.207025,277.4639,685,0,1.165443
shawm,4.206983,270.1862,639,0,1.226782
drere,4.206873,289.7473,721,0,1.221814
pulka,4.206815,255.5875,570,0,1.227430
cheep,4.206749,284.7797,685,0,1.155724
sewed,4.206635,269.3171,669,0,1.197840
durgy,4.206376,289.4199,675,0,1.222894
tupik,4.206313,273.7231,676,0,1.145140
walks,4.206269,249.2376,610,0,1.238013
cusec,4.206154,227.8769,507,0,1.289633
flack,4.206104,289.0164,697,1,1.239093
grubs,4.205586,250.1603,574,0,1.201944
knuts,4.205526,263.2039,644,0,1.173866
taths,4.205277,256.4747,627,0,1.247084
sense,4.205211,253.8959,636,1,1.250540
burgs,4.205114,259.8026,574,0,1.207775
segos,4.205089,215.1555,455,0,1.325486
squit,4.204588,272.9222,685,0,1.249028
dishy,4.204513,254.3598,623,0,1.219654
spewy,4.204320,254.9197,517,0,1.350972
waxen,4.204272,214.0255,473,1,1.369114
river,4.204072,235.6989,529,1,1.352916
japed,4.204061,212.8022,480,0,1.346436
skatt,4.204039,275.2212,667,0,1.267171
achar,4.204025,235.4138,580,0,1.233477
fitch,4.204018,296.9888,721,0,1.174082
hanky,4.203991,253.2281,602,0,1.262419
ewers,4.203905,237.2704,531,0,1.272354
topaz,4.203701,219.0052,493,1,1.277106
basan,4.203565,256.3702,629,0,1.196112
hurra,4.203275,236.2095,491,0,1.252268
nolos,4.203060,237.8311,564,0,1.203888
cills,4.202775,257.5425,625,0,1.173218
pipes,4.202698,227.2462,499,0,1.315335
jelab,4.202389,218.3365,448,0,1.374082
havoc,4.202388,243.3577,562,1,1.231317
knosp,4.202334,271.5927,676,0,1.156803
defog,4.202084,240.1214,520,0,1.244708
young,4.201797,279.8346,705,1,1.180778
lamas,4.201701,254.1222,620,0,1.209071
gazed,4.201654,224.2043,498,0,1.340389
haram,4.201647,251.0501,594,0,1.206695
serfs,4.201529,222.6968,510,0,1.355940
soldo,4.201481,252.3166,618,0,1.188337
whelm,4.201305,247.9253,514,0,1.243629
serks,4.201007,225.2384,518,0,1.358099
milko,4.200776,243.8026,565,0,1.181425
seers,4.200552,242.1793,575,0,1.294816
vangs,4.200512,244.6562,580,0,1.220302
umbra,4.200444,231.3292,489,1,1.269978
pasts,4.200105,252.0160,616,0,1.248596
mopus,4.199927,281.3749,691,0,1.154644
slosh,4.199708,255.7801,632,1,1.243413
wound,4.199680,296.0765,739,1,1.147948
mania,4.199579,257.9184,601,1,1.205184
redds,4.199385,211.0354,469,0,1.358315
arval,4.199365,241.0069,559,0,1.266091
drama,4.199141,257.9166,624,1,1.219222
shock,4.199002,304.8030,745,1,1.222246
voips,4.198840,242.2639,589,0,1.196544
balas,4.198655,261.4587,636,0,1.225054
hecks,4.198603,249.7896,547,0,1.266523
maxed,4.198482,223.8380,501,0,1.338877
berob,4.198278,221.6350,498,0,1.379482
munga,4.198253,281.7672,595,0,1.209503
varan,4.198195,249.2773,591,0,1.229590
galls,4.198070,251.2125,606,0,1.226566
roods,4.197941,250.8773,575,0,1.237365
kynde,4.197918,223.7119,502,0,1.266739
blimy,4.197916,284.4739,708,0,1.215119
dunch,4.197847,301.8683,747,0,1.109071
algas,4.197810,254.0393,606,0,1.200432
quoit,4.197677,225.7585,545,0,1.254860
flisk,4.197664,278.0626,679,0,1.194600
wharf,4.197506,253.4285,568,1,1.244924
puked,4.197407,253.9175,576,0,1.217711
ziram,4.197403,209.7257,445,0,1.301296
umped,4.197331,251.1218,573,0,1.213607
wives,4.196705,228.6812,504,0,1.299352
almas,4.196643,259.0311,620,0,1.198272
sulky,4.196513,277.4907,684,1,1.245572
nided,4.196375,249.9201,550,0,1.295032
ensky,4.196318,230.7918,479,0,1.370194
theek,4.196153,261.3214,619,0,1.189849
puzel,4.196001,239.5184,544,0,1.273650
shoon,4.195864,294.7011,730,0,1.178402
bluds,4.195523,271.6799,641,0,1.158531
kofta,4.195499,229.1158,480,0,1.261987
elven,4.195249,255.4873,595,0,1.204320
rondo,4.195185,271.0683,630,0,1.190065
ootid,4.194826,261.8890,639,0,1.170842
tocos,4.194786,259.2808,641,0,1.180130
yoick,4.194704,239.9400,593,0,1.207343
pesos,4.194583,221.7931,450,0,1.299784
fanum,4.194561,249.4752,583,0,1.197624
imine,4.194496,232.6164,522,0,1.305832
faxes,4.194471,195.4173,429,0,1.395248
seles,4.194452,247.8432,614,0,1.234989
outta,4.194142,233.9892,458,0,1.285745
loony,4.193924,274.5473,666,0,1.238229
mizen,4.193702,238.2009,513,0,1.282937
wheel,4.193628,266.0894,626,1,1.173218
tocky,4.193609,249.9823,619,0,1.234773
nixed,4.193476,245.6272,547,0,1.297408
glows,4.192986,250.3175,600,0,1.185097
cabal,4.192559,299.6479,741,1,1.171058
dhaks,4.192407,245.5901,566,0,1.211447
kylin,4.192143,257.6073,639,0,1.160043
sarks,4.192139,237.1780,558,0,1.307991
yogic,4.192069,223.9365,549,0,1.190281
evade,4.192009,243.9866,585,1,1.264579
inned,4.191873,253.1840,550,0,1.283369
yeuks,4.191784,217.0432,430,0,1.296760
chana,4.191765,285.7931,695,0,1.180778
cozey,4.191735,211.7888,412,0,1.388337
jarps,4.191695,215.6670,505,0,1.306048
mazed,4.191641,224.3425,501,0,1.337797
manas,4.191621,253.9762,627,0,1.187689
fling,4.191491,295.3870,728,1,1.194384
ortho,4.191432,240.6829,585,0,1.213175
karoo,4.191311,216.5706,500,0,1.278402
mixen,4.191185,241.3413,520,0,1.284017
pinko,4.191012,266.7780,636,0,1.173218
sagos,4.190953,226.9862,526,0,1.275378
matts,4.190281,256.2674,626,0,1.226998
gifts,4.190007,264.6467,649,0,1.165227
fixer,4.189976,223.3724,488,1,1.392657
epopt,4.189924,233.9944,479,0,1.331317
kandy,4.189766,261.0803,628,0,1.250972
vulns,4.189686,251.4803,607,0,1.166955
flail,4.189645,266.2648,613,1,1.248380
joins,4.189326,233.1693,577,0,1.255508
frass,4.189029,229.9521,538,0,1.308639
hakus,4.188983,235.6816,550,0,1.216631
works,4.188959,257.8708,600,0,1.223326
gamps,4.188953,254.4903,614,0,1.189633
pesky,4.188912,246.9931,511,1,1.330670
tutee,4.188786,262.6890,654,0,1.198272
gurdy,4.188536,290.5361,675,0,1.222246
ablow,4.188510,239.7413,518,0,1.252700
nelly,4.188356,228.5162,446,0,1.351836
eking,4.188159,256.3296,507,1,1.313391
dosas,4.188078,223.8527,490,0,1.254644
cundy,4.187478,289.8501,717,0,1.174946
jilts,4.187377,227.7240,559,0,1.236069
emery,4.187280,232.1153,503,0,1.300000
mafic,4.187230,243.5728,557,0,1.218790
again,4.186997,257.2739,614,1,1.200864
stopt,4.186939,285.3957,704,0,1.209071
yfere,4.186783,225.7516,540,0,1.252916
hacks,4.186757,269.4726,643,0,1.216415
kiefs,4.186660,233.9097,461,0,1.280778
amaut,4.186615,258.7624,643,0,1.184233
annul,4.186482,235.0225,536,1,1.238229
cinct,4.186373,281.7516,701,0,1.202592
fazes,4.186363,196.9715,430,0,1.394168
keyer,4.186262,227.5434,527,0,1.262419
ettle,4.186139,240.0929,570,0,1.206911
yells,4.186077,218.3590,449,0,1.303672
keeno,4.186064,227.1771,510,0,1.218359
nomen,4.185994,233.7646,478,0,1.291361
yetts,4.185862,217.1132,437,0,1.306695
frock,4.185742,282.6587,685,1,1.219438
envoy,4.185527,234.8635,521,1,1.380994
samfu,4.185330,239.0276,566,0,1.240821
quats,4.185133,227.4613,541,0,1.306911
fenks,4.185121,235.8657,506,0,1.268683
bipod,4.185063,273.0164,652,0,1.142333
moron,4.184577,276.9793,642,1,1.193737
rhomb,4.184548,262.3771,625,0,1.183585
wormy,4.184521,276.2829,650,0,1.251620
costs,4.183970,255.8017,641,0,1.197408
vigas,4.183964,228.1870,505,0,1.243413
heeds,4.183889,250.8834,575,0,1.174730
rejig,4.183668,210.4462,460,0,1.357019
esker,4.183584,221.7870,518,0,1.307991
luaus,4.183583,223.2505,531,0,1.287905
nyala,4.183500,239.1305,594,0,1.218359
essay,4.183387,205.6670,417,1,1.446004
mulch,4.183282,308.1533,739,1,1.113607
budos,4.183272,272.4436,648,0,1.160259
snuck,4.182250,307.6972,746,1,1.173434
pacta,4.182231,261.5313,636,0,1.176026
waulk,4.182195,249.3896,599,0,1.219654
bunya,4.182177,245.2393,537,0,1.245140
globy,4.182066,282.6752,695,0,1.200432
punch,4.181898,314.9438,768,1,1.105400
katal,4.181813,257.7378,625,0,1.210799
skimo,4.181795,241.7032,565,0,1.219006
barry,4.181017,257.6894,598,0,1.299352
buoys,4.181011,259.2557,630,0,1.189201
intil,4.180895,244.7469,585,0,1.203024
saddo,4.180841,215.7378,490,0,1.298488
labia,4.180783,253.0043,593,0,1.212311
musse,4.180761,262.0315,578,0,1.258315
basta,4.180717,253.9244,624,0,1.227214
solus,4.180452,251.3879,623,0,1.223974
idled,4.180407,226.4194,499,0,1.305400
dwarf,4.180371,253.3957,589,1,1.225486
malls,4.180106,257.2117,620,0,1.223974
speos,4.179951,235.2462,459,0,1.330022
polio,4.179940,258.4143,625,0,1.161339
ricin,4.179939,259.0112,595,0,1.212743
avast,4.179836,268.5888,671,0,1.203672
bises,4.179251,223.9978,492,0,1.292657
yapok,4.179008,233.9978,521,0,1.232613
keens,4.178915,249.8294,579,0,1.189849
gaged,4.178725,230.1214,505,0,1.337365
dukas,4.178687,237.0795,528,0,1.213823
waspy,4.178382,259.8933,611,0,1.263283
dools,4.178267,263.0985,618,0,1.177106
goors,4.178178,261.7248,596,0,1.227214
klett,4.178099,237.3171,493,0,1.282073
rucks,4.178027,257.1901,569,0,1.201296
moors,4.177963,268.3002,607,0,1.224622
spans,4.177890,256.3469,616,0,1.252268
frows,4.177823,248.2458,584,0,1.245356
rekey,4.177744,230.5153,527,0,1.309935
tossy,4.177663,258.4402,644,0,1.251188
lyses,4.177499,206.7063,449,0,1.300864
rowdy,4.177328,272.0160,644,1,1.258099
tweed,4.177309,276.4946,647,1,1.161987
currs,4.177285,263.5892,614,0,1.178186
calpa,4.177269,280.5456,691,0,1.172786
deeps,4.176887,263.8035,615,0,1.165443
atman,4.175862,257.6929,609,0,1.170626
dough,4.175262,298.5438,736,1,1.107559
fawns,4.175199,243.5279,581,0,1.218143
rarks,4.175009,235.2056,558,0,1.251620
mozes,4.175006,215.6618,441,0,1.319870
bedes,4.174907,261.3516,622,0,1.180562
nadas,4.174446,235.4302,568,0,1.189849
hadal,4.174382,265.7870,661,0,1.161771
witch,4.174211,292.9888,709,1,1.157019
goxes,4.174110,211.9978,451,0,1.323542
gesso,4.173545,223.2272,455,0,1.287257
lowps,4.172878,251.7378,610,0,1.174298
palay,4.172790,290.1205,708,0,1.236501
limbs,4.172765,244.3210,584,0,1.159179
bawty,4.172723,253.4423,589,0,1.277322
budis,4.172594,270.7287,645,0,1.154644
tolyl,4.172583,239.3629,590,0,1.189849
mutch,4.172433,326.5827,779,0,1.121598
xenic,4.172394,225.2315,482,0,1.305832
fanal,4.172358,271.3464,667,0,1.193521
twigs,4.172302,260.6052,641,0,1.171274
stood,4.172279,267.4717,652,1,1.207991
kilps,4.172265,262.9024,640,0,1.153780
chibs,4.172247,275.3542,671,0,1.163283
gecko,4.172200,223.8009,446,1,1.270842
kotch,4.171899,290.6095,705,0,1.174730
toyon,4.171840,272.2778,667,0,1.151836
baloo,4.171818,249.3378,571,0,1.246868
mokis,4.171814,239.1417,565,0,1.180994
sorbo,4.171556,262.0376,618,0,1.226782
knees,4.171536,250.0315,579,0,1.185745
spick,4.171458,304.8255,748,0,1.183585
conky,4.171152,295.3516,725,0,1.212743
gulch,4.171151,298.5283,725,1,1.116199
gompa,4.170991,262.4393,543,0,1.214039
erevs,4.170834,236.0756,546,0,1.278186
milks,4.170744,257.8536,617,0,1.152916
goyim,4.170691,265.2056,638,0,1.143197
blown,4.170526,277.6626,679,1,1.174298
eaved,4.170375,251.2013,585,0,1.258963
piani,4.170339,242.3391,573,0,1.241469
murva,4.170335,246.0307,513,0,1.266955
withs,4.170298,270.5594,674,0,1.181425
pauas,4.170278,259.7015,639,0,1.181425
pukas,4.170220,260.7400,589,0,1.210151
bells,4.170115,245.2670,530,0,1.274946
fudge,4.169941,269.8147,610,1,1.226134
linns,4.169883,250.9387,602,0,1.203672
sloom,4.169818,274.8713,676,0,1.179050
nills,4.169792,249.0648,602,0,1.182505
waxes,4.169668,201.3248,441,0,1.378186
klong,4.169344,269.3749,665,0,1.173650
films,4.169273,262.5352,621,0,1.164147
bania,4.169220,261.9529,606,0,1.206048
crumb,4.168897,285.0752,683,1,1.149676
figos,4.168879,246.9508,575,0,1.179914
capas,4.168711,275.2929,675,0,1.166523
booed,4.168695,278.0842,606,0,1.266523
gooey,4.168516,242.1248,484,1,1.341685
thunk,4.167854,299.4544,724,0,1.136717
razer,4.167832,211.1149,481,0,1.430670
supes,4.167720,260.1568,581,0,1.278186
bocce,4.167686,249.0803,541,0,1.289849
fanks,4.167631,251.9495,604,0,1.218575
tumps,4.167580,296.0600,730,0,1.134773
pikul,4.167475,271.5486,670,0,1.121814
lemma,4.167375,219.9045,434,0,1.370410
coach,4.167335,262.7244,600,1,1.272786
swell,4.167299,259.6013,557,1,1.282289
yirrs,4.167193,223.3663,513,0,1.208855
bezil,4.167048,237.7171,512,0,1.305832
roops,4.166982,263.2384,606,0,1.222894
debes,4.166945,260.4618,622,0,1.163283
outby,4.166695,256.5378,610,0,1.228510
washy,4.166568,250.8255,579,0,1.272786
hexad,4.166361,221.9788,441,0,1.318790
cuzes,4.166350,224.7590,494,0,1.290929
javel,4.166189,217.1909,492,0,1.387689
gopak,4.165993,247.5054,544,0,1.206911
somas,4.165974,242.8618,545,0,1.274514
milfs,4.165528,262.0048,621,0,1.150756
bings,4.165266,273.9166,654,0,1.164147
caman,4.165149,294.5940,719,0,1.137365
gulps,4.165051,279.8346,672,0,1.131102
colic,4.165008,242.6242,582,0,1.211663
aigas,4.164845,234.3080,543,0,1.200216
divos,4.164582,247.3611,577,0,1.175810
darga,4.164392,262.1032,620,0,1.198704
berry,4.164365,251.4691,532,1,1.349460
luxed,4.164329,240.9577,541,0,1.265227
koala,4.164266,236.6959,576,1,1.230238
boxen,4.163947,240.7702,511,0,1.312743
towze,4.163590,221.1927,496,0,1.327862
ahull,4.163505,260.1819,597,0,1.199568
sajou,4.163489,200.0177,421,0,1.333477
mochs,4.163466,284.7529,694,0,1.152916
molla,4.163344,258.7849,554,0,1.248380
miasm,4.162745,235.5305,537,0,1.246868
velum,4.162497,245.4829,536,0,1.239093
telex,4.162472,239.2367,562,0,1.219222
pekoe,4.162436,236.4989,561,0,1.189201
faqir,4.162344,220.2605,480,0,1.310799
focus,4.162290,261.7931,631,1,1.165227
dingy,4.162285,332.8151,798,1,1.179266
rusts,4.161920,250.3443,570,0,1.231965
foxie,4.161662,210.3780,421,0,1.349676
swies,4.161621,238.2035,520,0,1.308855
staps,4.161595,261.6635,616,0,1.277754
valve,4.161568,217.9425,502,1,1.393737
degum,4.161498,275.7508,590,0,1.189201
amias,4.161333,232.8713,537,0,1.206911
swede,4.161165,277.2540,669,0,1.200000
donna,4.161164,265.5901,544,0,1.248164
marms,4.161113,227.2886,514,0,1.296328
might,4.161096,279.4657,696,1,1.131533
lawks,4.160747,251.2609,610,0,1.220518
ginge,4.160641,256.4194,573,0,1.309287
kapus,4.160626,249.2713,589,0,1.201728
nimps,4.160451,267.1745,657,0,1.145572
cuspy,4.160351,295.0683,718,0,1.177106
rumbo,4.160350,267.4570,621,0,1.187473
hebes,4.159982,255.7136,618,0,1.158099
agita,4.159839,243.7438,556,0,1.224190
wirra,4.159817,238.6942,483,0,1.260907
glums,4.159737,285.9106,675,0,1.128942
jours,4.159580,232.1447,540,0,1.269114
wifed,4.159498,272.3123,593,0,1.229806
bowls,4.159048,264.3184,629,0,1.182721
fleck,4.158876,270.6484,563,1,1.274514
sweed,4.158846,280.1879,669,0,1.187689
nonis,4.158764,241.9555,586,0,1.214903
gests,4.158660,230.7235,524,0,1.273002
agila,4.158611,254.0194,588,0,1.220950
coopt,4.158394,300.6423,738,0,1.142981
diced,4.158393,246.9784,543,0,1.262851
nocks,4.158367,264.2795,642,0,1.176026
greve,4.158148,285.0233,694,0,1.233909
finds,4.157891,274.5525,658,0,1.158963
girrs,4.157776,248.2233,579,0,1.181857
dinks,4.157314,277.1728,673,0,1.148380
poots,4.157127,289.1875,704,0,1.176674
syens,4.157111,234.2302,475,0,1.310151
jabot,4.157044,234.4229,535,0,1.263931
pipal,4.156912,249.9106,555,0,1.257235
vapid,4.156894,256.9179,575,1,1.192873
balky,4.156859,288.5058,696,0,1.273002
garda,4.156853,262.8747,620,0,1.198056
sicky,4.156785,266.7192,657,0,1.232613
nabks,4.156625,246.5084,587,0,1.205400
ankhs,4.156565,237.3490,555,0,1.213823
verge,4.156545,286.5931,694,1,1.216415
frill,4.156442,258.5119,592,1,1.223542
frugs,4.156234,261.7922,600,0,1.191793
swing,4.156100,286.4479,710,1,1.191577
yrivd,4.155806,262.3616,629,0,1.197192
stedd,4.155762,233.4190,492,0,1.345356
whipt,4.155415,299.1080,734,0,1.136501
tetes,4.155071,257.6756,633,0,1.196112
nighs,4.154502,262.0168,641,0,1.157235
ytost,4.154398,259.6886,644,0,1.188121
rakia,4.154236,221.4337,477,0,1.259827
pools,4.153986,280.0981,674,0,1.173434
bigly,4.153941,299.1857,716,0,1.193521
pukey,4.153709,247.8536,513,0,1.291145
firks,4.153602,249.8164,561,0,1.212527
snood,4.153458,284.2942,696,0,1.159611
floor,4.153052,264.0289,598,1,1.221382
hijra,4.152696,210.0436,398,0,1.314903
dreer,4.152649,302.0272,721,0,1.211879
cycle,4.152642,218.9343,479,1,1.296112
mixes,4.152267,221.7516,475,0,1.293089
reccy,4.152179,221.9909,428,0,1.389849
mecks,4.152057,246.0393,528,0,1.239741
momes,4.151737,222.8471,452,0,1.315551
bauks,4.151701,257.6773,597,0,1.217927
grovy,4.151625,270.4782,658,0,1.250108
afars,4.151173,235.7620,538,0,1.249676
pubis,4.151022,276.1827,667,0,1.133693
duply,4.150855,312.3227,748,0,1.157019
reses,4.150760,242.1672,575,0,1.253348
pinks,4.150705,290.3287,710,0,1.144708
cooly,4.150684,285.7499,697,0,1.213607
updos,4.150672,256.2985,623,0,1.137149
mucid,4.150632,304.4549,729,0,1.093952
fumed,4.150603,273.1296,605,0,1.208423
tondo,4.150431,287.9123,701,0,1.126134
dykes,4.150409,218.5041,481,0,1.258315
varas,4.150358,244.1266,567,0,1.238661
elves,4.150350,250.9629,590,0,1.213391
eases,4.150343,213.2592,495,0,1.290713
zesty,4.150198,214.6708,432,1,1.385313
kiths,4.150106,266.7114,670,0,1.171274
nurrs,4.150030,239.9313,547,0,1.187473
wazir,4.149920,218.2302,476,0,1.298488
alkyd,4.149778,263.6747,640,0,1.202376
hoots,4.149405,298.6199,730,0,1.175162
quota,4.149333,221.9590,458,1,1.323110
showy,4.149232,295.2246,720,1,1.232181
clump,4.149074,307.8510,745,1,1.097624
boron,4.148917,288.6778,664,0,1.194600
reefy,4.148612,245.2842,540,0,1.286609
janty,4.148408,231.7300,536,0,1.318790
ticky,4.148135,258.1067,630,0,1.206911
opium,4.148117,251.9460,569,1,1.152052
ordos,4.148105,244.9749,575,0,1.198056
smalm,4.148065,252.2130,620,0,1.265875
wrick,4.147708,283.4700,669,0,1.195896
chink,4.147673,333.4985,805,0,1.156587
repps,4.147453,221.7758,486,0,1.340173
vauch,4.147245,274.6173,634,0,1.185097
ancon,4.146984,249.6436,531,0,1.232397
feces,4.146952,248.8315,589,0,1.176242
varia,4.146933,233.3957,510,0,1.256156
yodhs,4.146766,248.6501,606,0,1.152916
napas,4.146754,251.8985,616,0,1.175810
fleme,4.146486,278.5352,671,0,1.171490
tafia,4.145766,251.4449,584,0,1.200864
clach,4.145690,286.8419,686,0,1.245140
batts,4.145574,259.5330,624,0,1.227862
wanks,4.145570,261.9823,624,0,1.201512
swack,4.145568,287.4579,669,0,1.236285
bemud,4.145481,285.0821,604,0,1.203456
spues,4.145254,261.5374,581,0,1.274298
galah,4.145177,289.2575,709,0,1.145788
slabs,4.144791,259.6359,636,0,1.256587
yonks,4.144262,258.2233,636,0,1.173866
ryper,4.143689,238.6639,510,0,1.301944
aswim,4.142900,227.0449,468,0,1.234341
whity,4.142846,283.9823,679,0,1.210367
albas,4.142659,270.8903,636,0,1.184017
grrls,4.142613,221.8207,498,0,1.198488
elegy,4.142518,259.6600,562,1,1.238013
updry,4.142140,278.4220,651,0,1.196328
scots,4.142074,259.4147,641,0,1.217495
chott,4.141771,327.1469,789,0,1.147300
pudic,4.141442,287.9564,698,0,1.107559
stays,4.141152,234.2354,550,0,1.298272
plunk,4.141033,296.5914,710,1,1.125054
bewet,4.140822,282.5698,678,0,1.161987
coypu,4.140697,271.6747,676,0,1.131533
jalop,4.140657,227.1313,513,0,1.259179
hedgy,4.140560,261.9218,528,0,1.267819
swamp,4.140463,278.7417,661,1,1.203240
vibey,4.140382,243.0285,507,0,1.307991
mazey,4.140376,218.6225,433,0,1.411231
kelep,4.140048,275.3629,666,0,1.134341
ungod,4.140025,305.9961,736,0,1.109503
sonny,4.139838,277.4086,690,0,1.262635
oxime,4.139781,210.7019,379,0,1.346652
steds,4.139682,234.3391,492,0,1.327646
winds,4.139028,285.3153,683,0,1.141901
whaps,4.138952,276.6164,632,0,1.190497
gonks,4.138656,287.3525,695,0,1.146868
dampy,4.138412,292.8168,685,0,1.203024
monks,4.137920,281.2678,686,0,1.144276
beaux,4.137883,214.1758,397,0,1.352916
baghs,4.137796,247.8890,583,0,1.199568
odeon,4.137736,243.6765,497,0,1.252268
unsex,4.137721,217.8501,467,0,1.287689
apgar,4.137586,260.9931,611,0,1.172354
odium,4.137503,254.2276,583,0,1.153564
brugh,4.137480,293.7361,698,0,1.144708
dowly,4.137417,289.3136,691,0,1.197840
flobs,4.137110,263.5097,616,0,1.180778
snaps,4.137089,259.9745,616,0,1.229374
pudsy,4.136875,312.9646,764,0,1.156371
reggo,4.136871,221.5322,478,0,1.356371
bless,4.136844,247.9927,530,1,1.282073
cushy,4.136561,297.6695,726,0,1.186609
didst,4.136105,276.3676,691,0,1.169762
okapi,4.136050,206.7469,335,0,1.290065
weber,4.136015,291.5512,687,0,1.213823
balls,4.135834,268.3935,636,0,1.224838
showd,4.135646,297.5676,726,0,1.158747
fusty,4.135537,289.7084,697,0,1.217495
farad,4.135430,273.0302,650,0,1.194384
ogeed,4.135414,257.8484,590,0,1.180130
blows,4.135368,266.2492,629,0,1.183369
skell,4.135185,263.5287,559,0,1.278402
ooped,4.135003,256.1438,556,0,1.231965
gowns,4.134673,294.5102,701,0,1.146436
gamme,4.134618,238.4678,507,0,1.317063
punka,4.134593,270.6778,567,0,1.190929
broos,4.134537,268.5870,618,0,1.218575
fiked,4.133870,259.1927,565,0,1.241901
vases,4.133640,216.8695,480,0,1.348812
varna,4.133515,252.8531,591,0,1.219438
mimeo,4.133388,221.4587,397,0,1.316199
yokul,4.133147,250.8030,627,0,1.150972
situs,4.133127,272.7944,685,0,1.204104
disas,4.133106,232.7348,501,0,1.226782
afoot,4.132550,254.3045,547,1,1.228942
mimes,4.132474,226.3270,477,0,1.287689
ouphs,4.132418,272.6363,650,0,1.143629
bilgy,4.132344,301.7879,716,0,1.184665
hykes,4.132097,221.1417,460,0,1.253132
apaid,4.131771,267.8449,621,0,1.150972
navar,4.131771,251.5305,591,0,1.221382
skies,4.131760,236.5810,518,0,1.304968
plaps,4.131527,258.7823,611,0,1.247948
omasa,4.131341,239.8985,545,0,1.213175
macks,4.131128,271.8328,642,0,1.189633
sneds,4.131108,239.8855,508,0,1.279266
seifs,4.131039,241.4864,516,0,1.296112
whamo,4.131016,261.9797,583,0,1.202160
ritzy,4.130937,233.0968,509,0,1.297624
molto,4.130705,273.5866,640,0,1.137581
gasts,4.130573,246.0488,597,0,1.222894
adapt,4.130421,257.9892,633,1,1.156587
appro,4.130294,227.3827,462,0,1.295896
biali,4.130032,248.3780,593,0,1.252052
ohmic,4.129908,273.0078,631,0,1.150108
boors,4.129827,276.6510,618,0,1.225486
mirky,4.129795,256.6475,580,0,1.229590
hakim,4.129686,247.6263,570,0,1.178186
diazo,4.129520,215.3706,387,0,1.288553
manky,4.129442,279.6108,660,0,1.235637
slomo,4.128959,276.6553,676,0,1.168683
vinyl,4.128576,267.2860,657,1,1.158747
forby,4.128515,276.6639,653,0,1.245788
simas,4.128210,242.3149,537,0,1.246652
wifey,4.128154,247.5132,488,0,1.303240
murra,4.128075,262.0004,551,0,1.225486
tinty,4.128064,285.6514,694,0,1.199784
itchy,4.128006,249.0346,598,1,1.225702
frorn,4.128003,282.0911,687,0,1.179914
nulla,4.127836,245.4492,536,0,1.228726
deems,4.127808,265.3844,606,0,1.148596
locos,4.127707,256.4341,593,0,1.158747
holon,4.127486,278.0523,662,0,1.127862
laika,4.127354,254.5819,614,0,1.207127
parma,4.127305,276.5568,640,0,1.192441
karri,4.127090,220.9991,477,0,1.261339
oobit,4.127063,274.7762,662,0,1.143844
fouds,4.127044,270.4877,650,0,1.152268
poeps,4.126915,236.6734,459,0,1.311015
yacks,4.126861,245.3473,577,0,1.219222
fifer,4.126857,228.3330,489,0,1.379482
lytta,4.126779,235.5849,539,0,1.232613
douks,4.126732,272.2622,665,0,1.141685
avant,4.126719,269.1071,662,0,1.176674
shits,4.126568,311.7240,758,0,1.203672
kypes,4.126549,237.0778,511,0,1.238229
seels,4.126509,262.3659,614,0,1.215335
buhls,4.126494,277.0285,654,0,1.145572
canny,4.126216,274.1533,648,1,1.260259
delve,4.126208,301.1192,720,1,1.162203
gecks,4.125911,231.6194,508,0,1.242333
skeed,4.125890,269.0769,647,0,1.183801
finch,4.125832,321.6626,777,1,1.129590
dados,4.125464,222.3555,490,0,1.252268
gross,4.125326,248.7019,596,1,1.228726
ditto,4.125310,273.2367,639,1,1.152268
hoord,4.125254,297.7810,693,0,1.161987
hayey,4.125026,201.2436,374,0,1.426782
block,4.124858,303.8225,729,1,1.157451
vlogs,4.124707,262.7391,618,0,1.161123
penni,4.124653,249.1495,528,0,1.277322
edify,4.123823,264.1533,542,1,1.328510
toyos,4.123738,264.4091,644,0,1.160907
avize,4.123382,209.9737,412,0,1.394816
bilks,4.123365,270.2631,637,0,1.153780
houfs,4.123133,279.0294,675,0,1.134341
piezo,4.123032,217.1546,393,0,1.320302
cists,4.122945,271.3317,676,0,1.169546
qorma,4.122580,231.5875,476,0,1.315119
senes,4.122539,259.1218,636,0,1.198488
sangs,4.122409,261.4700,630,0,1.225702
naams,4.122379,258.3400,627,0,1.188337
wheft,4.122257,283.8242,574,0,1.230670
peaze,4.121922,249.5693,588,0,1.258531
ojime,4.121632,210.4575,375,0,1.339741
vendu,4.121423,252.1706,550,0,1.222030
meeds,4.121292,266.4376,606,0,1.147948
tweep,4.121121,279.2713,652,0,1.138229
redux,4.120425,235.8251,519,0,1.301512
nikab,4.120355,247.3784,556,0,1.204104
shots,4.120249,300.5862,730,0,1.210151
quint,4.120216,279.0639,696,0,1.211663
boxes,4.119818,222.8445,465,0,1.321814
devel,4.119693,304.4704,720,0,1.149460
pacas,4.119389,279.1210,675,0,1.153996
venue,4.119202,268.4756,653,1,1.156371
dayan,4.118910,286.5257,695,0,1.129374
gleek,4.118769,282.6346,668,0,1.152484
patty,4.118597,275.5037,636,1,1.239309
needy,4.118495,262.5620,576,1,1.225702
dungs,4.118298,297.5218,696,0,1.109719
ensew,4.118180,257.5175,582,0,1.168467
mysid,4.118029,276.4203,650,0,1.120086
dolls,4.117976,264.0194,618,0,1.148596
pouks,4.117634,295.4959,716,0,1.138013
masts,4.117479,259.0881,626,0,1.220302
abysm,4.117381,253.9477,594,0,1.169978
mochi,4.117240,271.3706,631,0,1.160043
illth,4.117128,270.5076,649,0,1.146220
slebs,4.116994,245.8251,530,0,1.292009
sweep,4.116793,297.9210,696,1,1.163931
sonsy,4.116645,280.4315,690,0,1.260259
grosz,4.116560,243.3050,582,0,1.236933
erses,4.116058,239.6903,575,0,1.251620
skirr,4.116057,251.5909,619,0,1.212527
yests,4.115931,221.8000,437,0,1.300000
butch,4.115878,328.3814,778,1,1.122462
exams,4.115709,218.5413,411,0,1.367819
birrs,4.115650,251.6860,575,0,1.180130
potts,4.115457,289.8769,704,0,1.147948
awato,4.115321,245.6773,570,0,1.204104
conns,4.115315,281.8890,676,0,1.168898
mamey,4.115208,223.5028,436,0,1.406911
gouge,4.114974,242.6579,485,1,1.302592
wamus,4.114692,244.1292,558,0,1.191793
tucks,4.114565,294.4384,717,0,1.137365
lossy,4.114492,257.7957,615,0,1.229806
wrung,4.114445,281.4389,670,1,1.169330
zloty,4.114327,240.0298,578,0,1.259395
exuls,4.114281,231.1305,449,0,1.313391
sokes,4.113840,229.7404,469,0,1.319438
nicks,4.113818,277.9391,668,0,1.148164
oboes,4.113797,226.8091,469,0,1.270626
bortz,4.113757,258.7011,616,0,1.234557
breve,4.113662,295.6402,716,0,1.232181
poxed,4.113500,253.4060,550,0,1.259827
tusky,4.113486,283.6143,692,0,1.200000
hevea,4.112601,248.4765,531,0,1.237149
stoop,4.112485,295.3378,704,1,1.184233
auxin,4.112421,243.4605,479,0,1.258531
umiak,4.112418,239.0708,471,0,1.217927
zayin,4.112346,237.6143,531,0,1.239741
rooms,4.112252,271.9244,607,0,1.206048
mirza,4.112170,227.8544,445,0,1.297624
amlas,4.112127,264.9732,620,0,1.174082
plotz,4.111958,253.0674,605,0,1.180994
catch,4.111948,291.3991,683,1,1.233261
tawas,4.110985,264.1551,651,0,1.177970
dying,4.110810,331.9356,798,1,1.121166
prexy,4.110405,238.0704,499,0,1.369114
whang,4.110188,288.0004,674,0,1.170842
reeky,4.110044,241.3084,527,0,1.288769
stags,4.110015,252.2225,597,0,1.263499
qaids,4.109982,218.1974,494,0,1.262203
steps,4.109949,261.4639,540,0,1.313175
poufs,4.108941,282.6311,688,0,1.135853
dolos,4.108916,268.7935,618,0,1.142117
sixth,4.108876,305.7240,748,1,1.199568
newbs,4.108790,229.8225,493,0,1.238661
flaky,4.108655,294.4194,705,1,1.258963
pyrex,4.108589,236.5585,499,0,1.304536
wheen,4.108449,295.7905,673,0,1.125270
hypos,4.108381,271.6168,655,0,1.119654
debug,4.108076,286.5594,605,1,1.173434
width,4.107863,302.2190,723,1,1.112743
axoid,4.107741,240.4263,480,0,1.284449
sunis,4.107728,285.7974,705,0,1.172570
joker,4.107499,216.8704,466,1,1.388985
jirre,4.107389,226.6613,531,0,1.316415
sikes,4.107092,237.1952,518,0,1.291577
recce,4.106259,272.2847,650,0,1.222678
sobas,4.106168,246.3581,538,0,1.260259
cimex,4.106147,250.4194,544,0,1.243844
bight,4.106067,286.5663,704,0,1.132397
elfed,4.106009,288.5724,674,0,1.143844
annoy,4.105667,252.8272,512,1,1.287473
abohm,4.105340,253.7620,549,0,1.192873
dally,4.105189,296.8989,705,1,1.239957
slips,4.104971,289.7672,708,0,1.174298
oohed,4.104944,246.6320,528,0,1.235637
murks,4.104884,277.8829,609,0,1.160043
lumps,4.104561,290.3909,685,0,1.113391
reiki,4.104293,219.7119,466,0,1.331102
daraf,4.104171,273.3525,650,0,1.169114
kinds,4.104169,279.4726,673,0,1.131749
camas,4.104004,284.3339,678,0,1.146436
schmo,4.103955,287.1322,694,0,1.160475
risus,4.103932,231.6765,511,0,1.214471
napoo,4.103898,239.6842,535,0,1.197624
event,4.103260,260.9300,584,1,1.197192
pique,4.103041,234.5214,483,1,1.278834
petty,4.102408,260.0834,516,1,1.289417
hoxed,4.102376,243.8207,523,0,1.258315
smock,4.102291,297.9132,727,1,1.164363
dwang,4.102240,294.3201,691,0,1.151404
polls,4.102186,282.0177,674,0,1.144924
sakia,4.102118,249.1045,582,0,1.221598
solds,4.101969,255.8881,618,0,1.183585
neele,4.101656,258.8834,623,0,1.198704
cuvee,4.101611,285.0242,696,0,1.165227
pikau,4.101588,231.4881,447,0,1.218575
pungs,4.101520,313.1296,749,0,1.106048
furze,4.101390,240.9577,546,0,1.320302
slojd,4.101264,247.7525,606,0,1.210151
mauby,4.101264,286.0583,652,0,1.222462
spoon,4.100823,306.9862,740,1,1.146220
gayal,4.100336,299.9788,725,0,1.147948
winch,4.100160,327.8674,786,1,1.112527
upbye,4.100012,237.4043,508,0,1.223326
unmew,4.099974,242.7330,515,0,1.215119
gambo,4.099932,267.2652,582,0,1.178402
deere,4.099661,301.4035,721,0,1.216415
bests,4.099392,245.8734,542,0,1.271274
bizes,4.099368,225.1408,483,0,1.292873
lurry,4.099198,252.8782,546,0,1.224838
exile,4.099092,245.3197,590,1,1.234125
puses,4.099027,265.8639,581,0,1.234557
munch,4.098920,338.5482,802,1,1.077106
toxic,4.098470,244.0955,591,1,1.203672
mecca,4.098246,247.6773,471,1,1.305184
droop,4.097949,305.9875,730,1,1.136501
conic,4.097463,281.4553,682,1,1.175162
jedis,4.097141,220.6069,465,0,1.288769
helve,4.097137,276.6423,657,0,1.157019
tythe,4.096989,234.8773,495,0,1.246868
ficus,4.096937,269.3153,647,1,1.137365
ember,4.096868,273.4397,629,1,1.212311
tratt,4.096717,258.2009,613,0,1.283153
dryad,4.095834,256.7391,565,0,1.242765
zowie,4.095761,212.1827,421,0,1.317495
acini,4.095752,250.6354,560,0,1.241469
erred,4.095574,306.5024,721,0,1.180130
bonks,4.095312,288.4341,691,0,1.145140
khadi,4.095250,244.3961,527,0,1.201944
abbes,4.095039,205.2298,423,0,1.353780
whams,4.095031,281.1063,639,0,1.173650
kagus,4.094996,248.6821,575,0,1.183801
chill,4.094650,319.3715,773,1,1.116631
burgh,4.094621,309.9218,698,0,1.126782
sigil,4.094509,283.8838,689,0,1.160907
smirs,4.094438,253.3585,572,0,1.222030
asyla,4.093543,246.0402,574,0,1.208639
sixty,4.093391,267.4968,655,1,1.264579
podex,4.093355,254.3521,550,0,1.249676
hillo,4.093322,257.0803,592,0,1.144060
mirin,4.093153,278.0721,639,0,1.171490
combs,4.093101,282.2536,665,0,1.124406
grama,4.093062,273.2419,640,0,1.189849
aloof,4.092952,264.1983,567,1,1.213391
delly,4.092939,275.9348,562,0,1.290065
twink,4.092861,309.5063,735,0,1.139093
blimp,4.092809,300.3011,732,1,1.117927
pepos,4.092695,228.7184,450,0,1.295032
becks,4.092576,252.0177,538,0,1.240605
ossia,4.092478,216.0549,414,0,1.307343
geeps,4.092295,277.3464,640,0,1.136069
chynd,4.092102,300.5240,737,0,1.079698
flawy,4.092064,286.8531,690,0,1.249028
thymi,4.091988,270.4281,637,0,1.126782
quais,4.091837,209.6367,409,0,1.302376
topos,4.091788,290.0721,704,0,1.136501
atmas,4.091283,263.6799,626,0,1.179698
larva,4.090993,251.2419,559,1,1.242117
krill,4.090783,248.1266,557,1,1.196328
zendo,4.090277,238.1922,488,0,1.269762
raggs,4.089899,226.9888,496,0,1.277754
faugh,4.089761,282.0540,639,0,1.149892
myops,4.089446,293.7361,701,0,1.115335
eches,4.089223,249.9028,583,0,1.182937
scapa,4.088905,283.5132,675,0,1.181210
nagas,4.088870,264.6475,630,0,1.157883
mungo,4.088829,329.9788,771,0,1.106263
plumy,4.088791,322.6354,771,0,1.138661
takas,4.088649,270.3823,667,0,1.178402
gools,4.088419,283.1253,658,0,1.147732
hoons,4.088373,304.4739,730,0,1.133909
moots,4.088325,299.3862,711,0,1.148380
flitt,4.088305,310.1032,742,0,1.151836
briss,4.088211,248.0255,575,0,1.220518
casus,4.088096,254.1300,589,0,1.201728
feued,4.087970,302.1240,713,0,1.114255
tanka,4.087840,270.6691,642,0,1.159179
backs,4.087472,273.6073,636,0,1.190497
mools,4.087174,290.5179,676,0,1.145140
holos,4.087048,272.3089,632,0,1.136933
doped,4.086873,260.8592,556,0,1.247084
snags,4.086854,267.1089,630,0,1.215119
attar,4.086426,261.4708,613,0,1.194384
pally,4.086277,302.1274,708,0,1.236285
snoop,4.086119,306.4523,740,1,1.135853
bogus,4.085980,288.9827,678,0,1.137581
polos,4.085829,286.3521,674,0,1.138445
weave,4.085704,267.5400,626,1,1.234989
objet,4.085568,225.0613,471,0,1.298272
grump,4.085550,304.4324,711,0,1.111663
downy,4.085411,323.0458,769,1,1.159827
shaya,4.085247,267.6661,639,0,1.194384
heyed,4.085138,271.0173,620,0,1.127430
query,4.084868,219.8276,427,1,1.402592
kranz,4.084733,239.7283,555,0,1.262635
julep,4.084719,245.6566,543,0,1.244060
azury,4.084587,226.9801,470,0,1.324838
spunk,4.083785,333.3879,795,1,1.130238
jowar,4.083760,238.4402,506,0,1.291577
slops,4.083631,280.1983,674,0,1.180778
soaks,4.083506,252.9819,574,0,1.262851
dinna,4.083383,289.5391,588,0,1.220302
basso,4.083374,245.5676,538,0,1.235421
props,4.083160,260.2233,606,0,1.228294
urbex,4.082912,242.1041,540,0,1.293952
jakes,4.082882,203.0942,438,0,1.363715
panni,4.082215,260.1231,573,0,1.227214
swink,4.082112,320.1136,766,0,1.164795
imari,4.082013,220.9456,453,0,1.279482
lavra,4.081849,254.9050,559,0,1.240389
irids,4.081783,244.9801,555,0,1.212959
veery,4.081420,255.0924,571,0,1.273434
hying,4.081323,294.3572,713,0,1.115983
tinny,4.081115,290.7918,694,0,1.209071
scull,4.081080,298.9629,719,0,1.129806
exert,4.080677,248.7451,564,1,1.266091
skody,4.080666,277.7266,678,0,1.212311
rexes,4.080531,245.2652,565,0,1.254644
pepsi,4.080528,241.3300,499,0,1.286825
chiks,4.080425,321.9054,758,0,1.141901
wheys,4.080221,258.7641,503,0,1.246436
hamal,4.079721,297.0916,717,0,1.127646
yesty,4.079329,222.2648,437,0,1.370842
whiny,4.079235,310.2873,748,1,1.169114
pized,4.079191,269.2272,592,0,1.230886
exeat,4.078620,233.6756,480,0,1.299568
hedge,4.078582,301.6445,721,1,1.100648
gazon,4.078531,265.4233,581,0,1.215119
fetts,4.078530,260.8419,562,0,1.244060
wawes,4.078407,208.3745,446,0,1.365227
hided,4.078182,261.8579,557,0,1.228078
avail,4.077796,271.5814,630,1,1.184233
rumpy,4.077480,296.2406,654,0,1.182721
jirga,4.077454,231.6134,454,0,1.288337
cutto,4.076982,300.6855,703,0,1.119222
spits,4.076922,311.6082,752,0,1.171490
chufa,4.076863,301.3413,618,0,1.167603
bunds,4.076749,292.2536,677,0,1.107343
rutty,4.076667,273.7214,600,0,1.222678
emerg,4.076466,264.5395,607,0,1.179698
neves,4.076327,258.6803,599,0,1.172354
upjet,4.076019,245.0803,542,0,1.247084
views,4.075560,245.7870,504,0,1.255076
kievs,4.075324,246.1257,503,0,1.258099
minks,4.075312,291.9711,697,0,1.116415
poons,4.075212,310.7365,740,0,1.135421
spiky,4.075199,306.4816,737,1,1.203456
yeeds,4.075143,246.2691,544,0,1.177538
cesse,4.074809,279.4587,678,0,1.157451
palps,4.074726,258.4488,611,0,1.228078
basts,4.074609,261.9123,624,0,1.221166
ainga,4.074507,286.8851,614,0,1.173650
mhorr,4.074385,300.3823,721,0,1.130238
heths,4.073960,247.9538,535,0,1.279914
nabla,4.073851,276.7089,661,0,1.160259
playa,4.073845,290.4816,708,0,1.157019
druid,4.073804,281.9201,651,1,1.175162
knops,4.073680,281.9201,676,0,1.126350
upper,4.073646,240.2501,516,1,1.311879
rumor,4.073264,296.0955,701,1,1.128726
oakum,4.073161,236.9058,476,0,1.200648
zineb,4.072920,250.2760,547,0,1.249028
jobes,4.072809,224.1819,461,0,1.294168
chewy,4.072806,286.9110,554,0,1.273434
wrawl,4.072632,232.3927,533,0,1.298920
zoaea,4.072405,192.0955,377,0,1.364363
hakea,4.072308,228.6648,476,0,1.265443
fells,4.072254,260.4238,555,0,1.241037
udder,4.072178,240.8721,530,1,1.317063
shiso,4.072127,274.7460,627,0,1.217927
ditts,4.072043,286.3425,691,0,1.123758
ariki,4.072040,229.2168,477,0,1.280778
anyon,4.071838,253.7888,512,0,1.213175
curvy,4.071789,280.8160,628,1,1.203672
limit,4.071705,281.2143,667,1,1.140821
mingy,4.071531,329.5495,778,0,1.147300
smeke,4.071480,287.7464,675,0,1.168035
colly,4.071061,291.8173,697,0,1.185097
syces,4.070861,225.4017,470,0,1.269330
arars,4.070758,254.1464,606,0,1.216199
anima,4.070737,276.4065,601,0,1.173650
gybed,4.070686,278.3028,595,0,1.177322
sorbs,4.070595,264.5680,618,0,1.222030
vrows,4.070315,267.0691,618,0,1.200216
rezes,4.070310,244.4108,562,0,1.253564
cajun,4.069792,262.8393,609,0,1.187689
hanap,4.069768,280.7728,677,0,1.101296
hajis,4.069641,224.5205,494,0,1.237581
flown,4.069496,294.4298,702,1,1.140389
dills,4.069447,281.5823,650,0,1.120734
barbs,4.068530,232.9741,515,0,1.287689
inurn,4.068524,251.4683,568,0,1.198704
soths,4.068376,300.4324,730,0,1.186609
unhip,4.068135,272.8281,666,0,1.101728
yuked,4.067739,248.0289,515,0,1.219006
combi,4.067561,279.6894,641,0,1.131533
azoic,4.067502,219.8380,424,0,1.295896
vaxes,4.067442,216.1637,474,0,1.350108
wongi,4.067424,304.1179,708,0,1.148164
folks,4.067404,277.8527,643,0,1.147732
quasi,4.067038,216.8488,409,1,1.299784
spots,4.066853,295.1451,704,0,1.177970
fryer,4.066838,255.5935,540,0,1.295032
dhobi,4.066803,277.9659,653,0,1.124406
brere,4.066679,311.3214,750,0,1.190713
odors,4.066529,255.5737,575,0,1.185529
chows,4.066368,318.9076,749,0,1.138445
refix,4.066135,230.4065,488,0,1.318790
skers,4.065815,245.5512,518,0,1.331965
index,4.065782,254.4436,547,1,1.261771
unbid,4.065727,314.8644,746,0,1.087473
frowy,4.065539,287.1546,682,0,1.229374
koker,4.065520,221.8112,473,0,1.377322
neese,4.065473,264.5361,636,0,1.187689
rukhs,4.065413,269.3767,591,0,1.156156
tiyin,4.065334,288.1767,694,0,1.129590
scowp,4.065316,293.5166,704,0,1.142333
usual,4.064902,239.6048,531,1,1.252052
stems,4.064878,257.2073,516,0,1.296328
pownd,4.064867,320.9240,772,0,1.082721
almah,4.064754,300.9162,717,0,1.117279
powny,4.064517,313.4406,751,0,1.156156
vezir,4.064453,236.9032,521,0,1.320518
lucks,4.064125,291.8268,672,0,1.115983
ginks,4.064052,304.2622,715,0,1.119006
steys,4.064014,237.2851,461,0,1.333693
edema,4.063802,249.9797,508,0,1.223974
hempy,4.063651,272.1784,528,0,1.247948
bigha,4.063355,265.0060,548,0,1.196112
genii,4.063320,268.8376,573,0,1.246436
qadis,4.063253,225.0060,494,0,1.240173
matzo,4.063159,242.2371,529,0,1.244924
tooms,4.063113,298.4263,711,0,1.142117
idiot,4.063009,263.7387,639,1,1.170410
katas,4.062918,273.1313,667,0,1.171922
tempt,4.062868,278.9629,608,0,1.185529
piped,4.062715,277.2376,600,0,1.225918
psoas,4.062691,247.6713,526,0,1.229590
fondu,4.062533,299.5745,726,0,1.109719
pills,4.062191,301.7594,708,0,1.117063
guana,4.061373,294.6812,683,0,1.141685
award,4.061222,289.3214,664,1,1.162419
kaphs,4.061210,275.6022,650,0,1.156371
silds,4.061048,270.3555,650,0,1.155724
sumph,4.060908,361.6531,850,0,1.079482
burks,4.060822,288.1715,626,0,1.160907
junta,4.060523,242.0125,511,1,1.245788
arras,4.060189,256.8618,606,0,1.187473
hills,4.060147,278.3806,655,0,1.115551
tohos,4.059966,300.9827,730,0,1.140173
humid,4.059525,317.0778,754,1,1.057019
cloop,4.059411,314.7512,752,0,1.093089
twilt,4.059046,300.9084,717,0,1.120086
fowls,4.058949,279.3551,649,0,1.148812
dwams,4.058605,267.4864,606,0,1.154212
bludy,4.058460,338.2942,798,0,1.142549
dudes,4.058459,251.8121,547,0,1.237149
dimps,4.058027,295.6134,700,0,1.083801
ferry,4.057998,264.5594,540,1,1.315551
jibes,4.057964,226.3210,482,0,1.266307
filum,4.057895,299.0397,707,0,1.098920
chomp,4.057807,343.1754,812,0,1.079482
durrs,4.057410,283.2765,646,0,1.125702
allel,4.057402,248.1559,516,0,1.329158
selfs,4.057393,253.3145,555,0,1.263283
pinna,4.057211,281.5400,573,0,1.216631
churr,4.056777,326.5067,774,0,1.104320
jotun,4.056561,275.1140,660,0,1.159827
leses,4.056500,259.9572,614,0,1.168035
gambs,4.055766,268.1819,620,0,1.149892
emyds,4.055480,242.5499,456,0,1.244492
duxes,4.054811,244.0851,536,0,1.239525
odour,4.054250,285.3214,678,0,1.138877
maims,4.053995,240.7771,537,0,1.236501
cowps,4.053970,294.3641,704,0,1.111663
faded,4.053963,246.9784,527,0,1.303456
gawds,4.053945,262.2933,600,0,1.151620
cholo,4.053588,316.1447,749,0,1.101944
befog,4.053279,261.8190,533,0,1.213607
wells,4.053084,260.6562,557,0,1.223974
hiois,4.052786,260.2052,627,0,1.153996
vowed,4.052764,283.4501,602,0,1.224190
lyssa,4.052440,250.6717,574,0,1.211663
vodun,4.052340,322.1568,769,0,1.081425
slaws,4.052044,277.0985,657,0,1.225270
faxed,4.051880,240.5369,519,0,1.305832
bunch,4.051860,341.9607,807,1,1.077970
dodge,4.051839,270.7659,590,1,1.244708
azyme,4.051620,221.5918,433,0,1.316199
wings,4.051471,304.6898,710,0,1.113175
winze,4.051178,260.3814,579,0,1.259611
topoi,4.051134,267.8009,622,0,1.143629
gonna,4.050828,296.8272,590,0,1.218790
alack,4.050804,329.6160,781,0,1.150756
pubco,4.050723,315.6739,742,0,1.074946
tawai,4.050676,248.1343,566,0,1.185097
waugh,4.050593,281.2808,628,0,1.132829
milia,4.050469,270.4246,575,0,1.219654
koses,4.050425,235.6868,469,0,1.259395
smeek,4.050115,291.3058,675,0,1.157667
leccy,4.049702,249.5184,479,0,1.304536
sinus,4.049641,286.3555,705,0,1.159611
wises,4.049346,247.4009,520,0,1.241685
visie,4.049314,257.5849,565,0,1.262851
onkus,4.049179,274.9067,646,0,1.135637
abray,4.048659,266.5603,598,0,1.232613
tavas,4.048411,277.3732,671,0,1.163499
slims,4.048212,283.3983,686,0,1.157451
wived,4.048154,296.3546,642,0,1.209935
bedad,4.048098,266.9387,523,0,1.290497
merer,4.048061,305.9572,712,0,1.171490
yoghs,4.047869,266.4238,636,0,1.120950
hawms,4.047784,275.9780,639,0,1.144492
amiss,4.047637,251.8587,537,1,1.208639
lysol,4.047474,265.1503,615,0,1.121166
whelk,4.047450,279.9866,554,0,1.217495
motts,4.047410,298.7564,711,0,1.119654
laksa,4.047382,280.4479,677,0,1.164795
yomps,4.047188,294.6760,701,0,1.109287
hulks,4.047175,297.4950,692,0,1.094168
jehad,4.046996,226.9214,438,0,1.303240
cabas,4.046686,284.0955,668,0,1.132181
quake,4.046397,214.0177,397,1,1.360907
wenge,4.046366,320.7089,758,0,1.115335
unbag,4.046348,277.9469,604,0,1.154860
bibes,4.046233,232.1482,492,0,1.287689
gulph,4.045896,315.9253,744,0,1.050108
cauda,4.045740,286.8315,676,0,1.116199
pulks,4.045698,318.0324,743,0,1.095680
swats,4.045620,281.9253,651,0,1.224190
advew,4.045531,253.0898,533,0,1.274514
shins,4.045221,311.7413,757,0,1.162419
fritz,4.045103,272.8583,635,1,1.209071
cheth,4.044957,286.9516,559,0,1.273650
voxel,4.044951,248.5844,524,0,1.281641
vasal,4.044865,285.5425,674,0,1.165011
chimp,4.044755,339.3352,804,0,1.073002
jolty,4.044649,255.6721,586,0,1.247948
beedi,4.044199,282.4868,628,0,1.155940
vocab,4.044135,270.1257,587,0,1.175810
wolfs,4.043782,284.0402,649,0,1.128510
teggs,4.043755,237.2082,524,0,1.263931
posts,4.043673,294.5162,704,0,1.141253
braxy,4.043633,251.5166,581,0,1.306263
fazed,4.043547,242.6527,523,0,1.304752
tibia,4.043496,267.4441,561,1,1.211663
goory,4.043473,309.5702,706,0,1.211231
wryer,4.043368,261.7153,555,0,1.277970
imply,4.043235,293.8199,681,1,1.159395
embus,4.043097,260.3909,498,0,1.226134
gnows,4.043031,299.9019,701,0,1.118143
spitz,4.043020,300.8523,730,0,1.179698
tomos,4.042615,300.7970,711,0,1.116415
missa,4.042415,264.8523,537,0,1.202592
augur,4.042412,257.1978,542,1,1.229806
crack,4.042374,288.9214,652,1,1.258963
lusts,4.041708,280.0514,655,0,1.146652
loops,4.041558,288.9093,674,0,1.137581
mooli,4.041318,280.6683,643,0,1.152268
serrs,4.041116,252.8618,575,0,1.291793
nexus,4.040818,226.1680,467,0,1.262419
pocks,4.040745,304.4937,717,0,1.110583
honky,4.040616,304.0298,725,0,1.155076
sauba,4.040509,272.0929,645,0,1.171706
pluck,4.040460,346.6890,804,1,1.074514
purrs,4.040450,301.7637,693,0,1.122030
laldy,4.040341,300.6043,705,0,1.214903
slogs,4.040201,274.7477,658,0,1.166523
zinke,4.040163,256.1343,563,0,1.253348
agloo,4.039937,259.3102,542,0,1.191145
krewe,4.039564,286.8661,686,0,1.185961
basis,4.039520,245.1987,535,1,1.216631
gypos,4.039398,278.4091,657,0,1.095464
snees,4.039366,277.3421,636,0,1.173218
chums,4.039237,347.0907,803,0,1.082289
bajri,4.039208,225.4691,451,0,1.299568
shama,4.039092,307.3473,713,0,1.157019
aboon,4.038996,283.9702,583,0,1.179482
inrun,4.038962,253.7672,568,0,1.183153
yojan,4.038904,239.5080,508,0,1.238229
sekts,4.038799,257.0579,557,0,1.270194
sasse,4.038608,229.8354,495,0,1.406263
amnia,4.038580,283.8994,601,0,1.155076
gawcy,4.038544,278.8825,654,0,1.187257
scyes,4.038298,227.7041,470,0,1.267171
capiz,4.038274,267.8294,593,0,1.186177
boots,4.037804,306.9715,716,0,1.149244
molls,4.037734,292.0376,676,0,1.116631
docks,4.037726,278.1879,651,0,1.114255
cisco,4.037680,260.4324,577,0,1.179698
gouks,4.037435,297.2108,704,0,1.112311
droog,4.037281,329.0346,763,0,1.113391
snowk,4.037249,318.9404,755,0,1.146652
daman,4.037242,310.0281,734,0,1.084881
angas,4.037183,273.8233,630,0,1.133477
bodhi,4.036898,282.4816,653,0,1.131317
bever,4.036897,314.0082,716,0,1.212095
quyte,4.036636,222.9732,453,0,1.307343
salal,4.036621,302.1197,727,0,1.177322
beeps,4.036599,286.5577,651,0,1.134341
weeny,4.036325,285.6445,615,0,1.184017
sakai,4.036231,257.4112,582,0,1.211231
bools,4.036047,303.1495,693,0,1.146004
moory,4.035491,315.9028,713,0,1.208639
bough,4.035472,337.9235,796,1,1.076458
intis,4.035399,271.3188,654,0,1.164147
texes,4.035340,259.8527,624,0,1.190713
yawps,4.035220,263.5071,611,0,1.164147
schav,4.035139,268.2069,622,0,1.206048
whaup,4.034878,271.8242,595,0,1.132181
domed,4.034842,276.7866,576,0,1.226998
eiked,4.034751,276.3037,628,0,1.138661
indow,4.034605,297.0302,689,0,1.125918
falls,4.034454,280.5240,649,0,1.190929
flows,4.034294,282.3443,649,0,1.149460
palpi,4.034086,251.6773,555,0,1.235205
untax,4.034038,238.6233,507,0,1.218575
rojak,4.033609,236.2933,491,0,1.287041
woxen,4.033215,264.2475,531,0,1.261771
forky,4.032918,287.9581,665,0,1.224406
specs,4.032839,285.1210,577,0,1.237149
glitz,4.032556,279.6454,666,0,1.148812
quash,4.032352,270.7166,598,1,1.211663
kaugh,4.032284,283.4346,648,0,1.122678
jiver,4.032239,242.0445,520,0,1.346220
wooed,4.032109,300.2743,628,0,1.215551
kroon,4.032083,298.7253,689,0,1.148380
kudos,4.031965,280.8592,665,0,1.099136
vagus,4.031915,257.7222,571,0,1.165875
schwa,4.031844,275.5901,609,0,1.209503
hosts,4.031715,305.5529,730,0,1.139741
limby,4.031344,300.0099,708,0,1.143197
alfas,4.031337,283.4000,649,0,1.151188
dooly,4.031211,327.7646,766,0,1.161123
gibus,4.031122,289.6384,674,0,1.095032
chaco,4.030913,283.1227,600,0,1.226134
lumme,4.030737,258.7944,561,0,1.240821
aidoi,4.030685,247.7093,485,0,1.243844
brood,4.030324,345.2851,790,1,1.129158
macas,4.030292,289.8406,678,0,1.125702
bewig,4.030266,269.6488,577,0,1.202592
beech,4.030145,315.9978,709,1,1.119438
bingy,4.030121,336.0117,786,0,1.148164
withy,4.030075,291.0156,679,0,1.165443
burfi,4.029973,278.5620,609,0,1.165875
sylis,4.029952,268.6657,634,0,1.156587
tawts,4.029863,277.8622,651,0,1.172786
mozed,4.029792,268.3659,566,0,1.230454
hatch,4.029680,294.2898,683,1,1.205400
chugs,4.029464,329.1840,765,0,1.084881
chess,4.029358,297.0898,583,1,1.237149
youks,4.029137,274.4143,660,0,1.139309
cawks,4.028815,290.4013,669,0,1.157883
twats,4.028349,283.7620,651,0,1.177322
gally,4.028262,313.8890,725,0,1.210583
mungs,4.028217,329.7456,761,0,1.077754
nimbs,4.027968,272.2432,640,0,1.105832
booai,4.027806,254.3365,462,0,1.266091
akita,4.027638,259.9598,581,0,1.181425
quits,4.027544,280.9533,685,0,1.184881
waxed,4.027456,251.1840,541,0,1.288769
ulama,4.027270,283.0294,666,0,1.144060
binks,4.026970,299.0017,703,0,1.117279
jumar,4.026947,250.8194,542,0,1.230670
gigue,4.026911,256.5058,510,0,1.254860
kirby,4.026765,268.5205,598,0,1.190713
waded,4.026611,257.9901,548,0,1.286393
ahuru,4.026606,238.4860,491,0,1.245572
ydred,4.026052,245.6039,526,0,1.292657
muses,4.025938,270.1551,578,0,1.206263
foxes,4.025826,233.8026,471,0,1.287905
torot,4.025582,313.2359,720,0,1.151188
thump,4.025542,339.3749,799,1,1.053132
thete,4.025440,309.2402,718,0,1.131102
slews,4.025268,266.6683,557,0,1.260691
limax,4.025120,257.7533,570,0,1.209503
owing,4.025093,305.5650,708,1,1.145140
jambe,4.024842,243.8233,526,0,1.284449
mifty,4.024756,304.0652,706,0,1.146652
kells,4.024705,261.1944,559,0,1.213823
hecht,4.024496,267.6903,559,0,1.241469
sujee,4.024293,272.9050,664,0,1.212311
quoin,4.024132,266.8143,635,0,1.177754
kydst,4.023876,267.1175,656,0,1.099352
leggo,4.023627,238.8177,465,0,1.271058
spumy,4.023564,348.5836,818,0,1.143844
zonda,4.023382,264.6017,536,0,1.215551
boygs,4.023282,288.3685,668,0,1.110799
motza,4.022878,257.6505,529,0,1.240821
newed,4.022382,315.2972,721,0,1.097408
dered,4.022354,312.3961,721,0,1.183153
watts,4.022231,279.3067,651,0,1.176890
bykes,4.022163,240.9844,504,0,1.227214
haoma,4.021929,275.3758,630,0,1.137581
hocks,4.021912,317.9175,745,0,1.109071
fawny,4.021793,295.5253,672,0,1.202160
kyang,4.021548,285.0933,669,0,1.150972
memos,4.021535,237.1045,452,0,1.267387
banns,4.021513,272.5862,629,0,1.192657
hohed,4.021141,251.1460,528,0,1.241685
curry,4.020862,299.6851,693,1,1.162203
gopik,4.020618,287.9080,678,0,1.092657
gloss,4.020359,279.5875,658,1,1.132829
maxis,4.020128,243.7542,528,0,1.217063
xylan,4.020037,254.4125,583,0,1.198704
roopy,4.019726,305.6376,694,0,1.206911
varix,4.019330,240.1041,503,0,1.260043
pecky,4.018898,278.0479,543,0,1.252052
atigi,4.018821,260.0756,556,0,1.213175
deoxy,4.018735,255.5451,486,0,1.311015
nitty,4.018730,293.6540,694,0,1.169546
kivas,4.018245,251.5866,541,0,1.192225
pogge,4.018169,265.8786,566,0,1.239309
joeys,4.017855,219.8484,468,0,1.316847
tumpy,4.017685,320.3857,748,0,1.118790
gawps,4.017477,269.9840,627,0,1.137149
moxas,4.017374,249.7983,533,0,1.223974
stabs,4.017359,268.0056,624,0,1.238013
gelly,4.017182,286.1369,562,0,1.260691
emend,4.017172,290.8099,639,0,1.109071
wauks,4.017067,264.4661,594,0,1.166955
boord,4.016669,350.1387,790,0,1.136069
fewer,4.016511,306.0894,699,1,1.192657
pipas,4.016413,255.5253,541,0,1.218359
smoky,4.016398,304.8514,732,1,1.184233
choon,4.016360,362.6890,840,0,1.068683
kings,4.016285,305.8562,715,0,1.103024
logon,4.016274,328.4220,746,0,1.088121
unify,4.016253,298.6147,714,1,1.153564
jamon,4.015955,260.4203,565,0,1.201080
myall,4.015928,312.1767,739,0,1.144492
blunk,4.015694,331.8354,766,0,1.097624
gulpy,4.015643,333.1339,773,0,1.115119
humic,4.015280,315.2350,739,0,1.071922
filmy,4.015257,321.8639,744,1,1.148164
zerks,4.015123,231.4544,505,0,1.294816
kneed,4.015030,300.8402,686,1,1.096328
dekes,4.014689,273.1425,647,0,1.125486
dreed,4.014254,312.2579,721,0,1.191577
mieve,4.014221,294.5793,690,0,1.135205
skats,4.014141,287.4570,667,0,1.220302
walls,4.014122,283.2462,657,0,1.173866
danny,4.013943,305.7948,695,0,1.207775
codon,4.013879,348.0454,816,0,1.057451
fugio,4.013632,295.2929,639,0,1.117279
filks,4.013412,296.7166,679,0,1.119870
mazut,4.013221,273.2194,632,0,1.185529
fests,4.013166,263.0354,562,0,1.237365
apsis,4.013006,264.0920,541,0,1.191361
podgy,4.012914,336.4834,794,0,1.111879
sully,4.012525,318.3849,749,1,1.181425
flock,4.012344,317.7447,739,1,1.123542
jeers,4.012304,252.0065,563,0,1.231749
forza,4.011914,248.3149,489,0,1.292441
panda,4.011836,294.3564,686,0,1.094600
breer,4.011709,324.1819,750,0,1.180778
quina,4.011461,254.7477,519,0,1.275378
calyx,4.011386,269.5365,642,0,1.197192
pekes,4.011081,294.2242,696,0,1.121814
flick,4.010236,340.9870,792,1,1.117063
chevy,4.009988,287.6419,537,0,1.258531
pagan,4.009676,317.5823,744,1,1.083369
homme,4.009510,259.6462,531,0,1.233909
binit,4.009244,328.9084,777,0,1.120302
smits,4.008687,304.4384,730,0,1.145788
dawed,4.008560,258.1084,548,0,1.281857
pushy,4.008105,333.6108,784,1,1.130454
chivs,4.007997,322.6164,757,0,1.117063
apsos,4.007451,259.9374,526,0,1.196976
kemps,4.007041,272.1395,585,0,1.176890
risps,4.006823,270.0384,594,0,1.159611
aggro,4.006670,241.9408,474,0,1.267387
malms,4.006514,267.6168,620,0,1.203672
pinon,4.006430,307.5287,709,0,1.118143
mochy,4.006163,326.1629,771,0,1.136933
dholl,4.006073,309.4467,741,0,1.070626
culls,4.006068,312.2717,719,0,1.087689
gyves,4.006058,243.1797,520,0,1.214039
eevns,4.005950,269.3819,599,0,1.150540
fight,4.005864,315.7594,750,1,1.098488
muhly,4.005651,309.8173,712,0,1.128726
fyrds,4.005486,265.8510,574,0,1.150108
sokol,4.005456,302.8255,721,0,1.128942
saxes,4.005379,226.8635,489,0,1.355508
joyed,4.005140,250.0488,487,0,1.263499
bylaw,4.004943,296.6190,677,1,1.157235
reede,4.004828,311.5210,721,0,1.197192
burro,4.004415,314.6760,721,0,1.123110
sofas,4.004381,256.1888,543,0,1.227430
mixed,4.004367,282.7633,599,0,1.203672
kanas,4.004352,290.8428,691,0,1.127430
keema,4.004206,264.6976,532,0,1.188121
moons,4.003839,324.1603,751,0,1.107127
blowy,4.003784,310.8065,734,0,1.167387
wizen,4.003579,275.1970,579,0,1.232829
nancy,4.003398,282.6432,648,0,1.219006
fanon,4.003381,275.1633,586,0,1.192009
vegie,4.002959,306.8229,723,0,1.131317
emeus,4.002760,274.2898,578,0,1.136717
ezine,4.002637,269.4060,630,0,1.192657
zarfs,4.002606,238.9629,529,0,1.242549
gajos,4.002371,236.8454,517,0,1.219006
benni,4.002282,272.5715,555,0,1.249892
union,4.002153,275.5840,635,1,1.145140
allow,4.002070,282.1102,583,1,1.177322
kerry,4.001797,256.6458,527,0,1.288337
scurs,4.001683,278.3244,614,0,1.183369
boxla,4.001659,270.0039,562,0,1.243629
mayan,4.001540,307.9797,723,0,1.097408
linny,4.001450,300.9508,706,0,1.187689
yarak,4.001183,271.0346,614,0,1.183369
vrouw,4.000906,290.1888,685,0,1.138877
swill,4.000671,313.2082,740,1,1.124838
furor,4.000082,315.8449,734,1,1.118143
stuns,3.999944,305.3585,714,0,1.168467
reddy,3.999645,260.5905,526,0,1.342333
twist,3.999499,330.7011,784,1,1.109071
wacko,3.999487,274.1058,594,0,1.168035
looms,3.999187,298.3806,676,0,1.120734
ousts,3.999070,287.5711,663,0,1.147300
sazes,3.998885,227.5374,487,0,1.354428
fecks,3.998767,268.2069,554,0,1.206695
nouns,3.998668,293.0587,701,0,1.143629
tymps,3.998641,291.1287,688,0,1.082289
gigot,3.998461,279.2704,653,0,1.153996
shuck,3.998265,383.8363,876,1,1.111879
crook,3.998211,331.3819,763,1,1.139093
picks,3.998183,321.3724,748,0,1.082721
squeg,3.998110,259.5762,568,0,1.255940
azido,3.997902,249.1788,473,0,1.253564
pilis,3.997850,305.4562,708,0,1.116199
bawds,3.997745,270.9991,606,0,1.149892
titch,3.997599,344.7616,801,0,1.087473
booay,3.997307,292.1784,611,0,1.242981
zoism,3.997150,263.3827,625,0,1.145356
goons,3.996910,335.3222,763,0,1.109719
surds,3.996743,285.1754,646,0,1.162851
pyxie,3.996621,244.3901,509,0,1.245140
emmas,3.996618,233.0216,416,0,1.324406
begum,3.996548,304.0350,615,0,1.158099
jerks,3.996425,233.7395,506,0,1.295032
twill,3.996108,307.1382,717,0,1.099136
myths,3.996007,293.5607,696,0,1.093521
mitts,3.995730,309.5607,730,0,1.091793
batty,3.995541,299.1305,672,1,1.211879
pubic,3.995472,309.9210,722,1,1.059179
loofa,3.995361,277.0639,567,0,1.206048
alibi,3.995149,271.0138,593,1,1.206263
snabs,3.995004,268.7987,629,0,1.189633
botts,3.994891,306.0963,716,0,1.120518
boded,3.994566,290.5119,606,0,1.230022
krubi,3.994425,266.7296,584,0,1.146220
edges,3.994412,268.6311,608,0,1.123326
shads,3.993982,279.6367,626,0,1.182289
dicks,3.993730,294.0229,682,0,1.086393
ogham,3.993716,253.5045,533,0,1.163067
sawah,3.993565,316.7244,750,0,1.122678
sechs,3.993378,275.3594,583,0,1.237581
grogs,3.993206,263.0864,596,0,1.208207
milky,3.993183,307.8069,715,1,1.136933
pisky,3.992495,319.6998,737,0,1.145356
bouks,3.992284,316.9179,737,0,1.110583
unaus,3.992234,243.2989,539,0,1.212311
sekos,3.992173,242.9732,469,0,1.271274
scads,3.991607,263.4060,601,0,1.189633
waltz,3.991466,262.2130,609,1,1.198272
jirds,3.991380,247.3611,542,0,1.185313
sakis,3.991233,261.1754,582,0,1.215551
dinky,3.991201,342.8929,809,0,1.132397
exine,3.991062,273.9132,636,0,1.196112
tipis,3.990904,315.4121,752,0,1.114255
wests,3.990852,267.9832,570,0,1.220302
mills,3.990788,300.2959,686,0,1.088769
pinky,3.990736,334.0972,785,1,1.128726
grigs,3.990593,263.7171,579,0,1.201728
aduki,3.990360,249.7084,456,0,1.201296
fixes,3.990261,246.0376,513,0,1.260043
yufts,3.990103,297.3274,697,0,1.106695
dimbo,3.990022,312.1853,700,0,1.072570
bassi,3.989221,253.0458,535,0,1.214039
mucho,3.989061,330.7097,758,0,1.068035
gauss,3.988910,279.0380,627,0,1.157451
dungy,3.988552,375.2514,860,0,1.093737
wefte,3.988321,305.0881,704,0,1.114687
abbot,3.987979,263.1071,543,1,1.216199
gills,3.987905,303.7594,689,0,1.091361
veney,3.987506,285.8320,632,0,1.177106
boxed,3.987484,283.8035,600,0,1.232397
amuck,3.987389,314.2104,686,0,1.131102
vouch,3.987369,342.1827,802,1,1.077754
nemns,3.987343,251.3741,518,0,1.209935
yills,3.987300,277.7473,634,0,1.118359
abmho,3.987095,270.9404,549,0,1.156803
poupt,3.986672,311.8337,734,0,1.117711
aurar,3.986666,277.7931,630,0,1.138445
slush,3.986517,324.0937,759,1,1.133045
jarks,3.985998,244.6924,544,0,1.244924
vitex,3.985821,262.8566,574,0,1.251404
dhows,3.985803,314.0307,726,0,1.085961
fasts,3.985698,278.5352,646,0,1.187257
ejido,3.985663,246.6691,486,0,1.298704
knell,3.985628,275.4060,555,0,1.190929
parka,3.985298,291.9244,664,1,1.148164
flung,3.985218,335.9192,779,1,1.090497
makar,3.985081,296.5559,686,0,1.142549
sypes,3.985059,269.9883,570,0,1.225702
flimp,3.984785,331.1166,779,0,1.084017
embog,3.984661,281.8276,535,0,1.193952
femes,3.984615,287.1495,662,0,1.112527
ionic,3.984102,287.4959,682,1,1.139741
basij,3.983781,243.1572,522,0,1.220518
pecke,3.983732,324.3788,758,0,1.084881
snods,3.983692,291.2730,696,0,1.128294
eejit,3.983611,262.9171,586,0,1.192657
proxy,3.983587,286.3434,678,1,1.218143
blitz,3.983372,291.7136,688,1,1.147084
hooly,3.983004,308.6363,718,0,1.155940
jonty,3.982755,280.9775,663,0,1.211447
apeak,3.982301,273.0778,519,0,1.226998
iring,3.982246,293.3922,668,0,1.178834
skool,3.982083,306.2458,721,0,1.120950
windy,3.981980,351.9054,818,1,1.125918
gunge,3.981921,294.6864,629,0,1.223758
mamee,3.981663,260.6717,609,0,1.239741
mimed,3.981506,287.8708,601,0,1.198272
bolls,3.981090,305.3741,693,0,1.117495
lexes,3.981032,262.2285,603,0,1.169330
betty,3.980923,281.6212,526,0,1.261987
bevel,3.980560,332.4670,757,1,1.118359
buiks,3.980210,309.1607,712,0,1.101080
linux,3.980205,281.4639,670,0,1.122462
jetes,3.979496,261.9918,621,0,1.179914
suhur,3.978806,287.5140,652,0,1.174298
jigot,3.978685,275.7801,647,0,1.145140
ishes,3.978580,226.2665,464,0,1.255508
mythi,3.978351,280.4644,637,0,1.100648
awful,3.978044,276.0523,591,1,1.139957
hicks,3.977916,326.5214,758,0,1.081210
bungs,3.977722,332.3909,753,0,1.078618
evets,3.977711,275.3706,595,0,1.170410
wonks,3.977651,325.7819,755,0,1.094168
cusso,3.977586,311.1149,718,0,1.098272
wight,3.977578,313.9123,742,1,1.081425
funds,3.977463,301.4354,690,0,1.073434
cheek,3.977227,336.2579,754,1,1.105832
hanch,3.977225,303.6384,695,0,1.160907
fishy,3.976897,300.2769,693,1,1.154644
iodin,3.976815,318.4583,746,0,1.113607
hunks,3.976795,328.7806,768,0,1.057667
bliss,3.976641,298.9991,703,1,1.124622
nulls,3.976454,289.8017,665,0,1.096976
yewen,3.976377,277.5857,615,0,1.113607
logos,3.976334,292.8479,658,0,1.097192
gundy,3.976179,376.3434,860,0,1.093089
avows,3.976082,261.7810,542,0,1.198056
pucka,3.975594,315.5019,652,0,1.128942
hinky,3.975571,316.1922,740,0,1.127214
agave,3.974863,268.3192,587,0,1.243629
awake,3.974769,262.4307,561,1,1.229590
modem,3.974676,278.2881,576,1,1.212743
whids,3.974470,314.8168,728,0,1.082937
swans,3.974265,293.7438,671,0,1.182937
sinds,3.973934,309.4492,747,0,1.119222
avian,3.973623,294.3296,659,1,1.128510
dunks,3.973289,311.6367,724,0,1.062851
guess,3.972993,288.3875,568,1,1.198056
pisos,3.972669,283.4994,635,0,1.114471
axiom,3.972617,255.5996,483,1,1.236069
aurum,3.972473,264.7495,551,0,1.212959
untin,3.972238,296.0894,696,0,1.114687
abash,3.972211,298.8341,702,0,1.105832
hench,3.971852,283.4181,576,0,1.211015
skill,3.971810,315.4320,746,1,1.120950
lezes,3.971782,261.3050,602,0,1.168251
hists,3.971748,321.3629,758,0,1.111879
zigan,3.971430,285.4190,607,0,1.176458
hymns,3.971100,290.9231,685,0,1.057235
buroo,3.971038,320.9257,721,0,1.118790
welke,3.970866,309.5737,719,0,1.104968
mosts,3.970769,303.4674,711,0,1.112959
yukos,3.970604,279.4786,660,0,1.102808
viver,3.970462,248.8583,529,0,1.339525
roomy,3.970412,320.7538,713,1,1.190065
volve,3.970331,248.6812,529,0,1.286393
lazar,3.970013,262.0808,578,0,1.217279
woful,3.969979,309.1451,721,0,1.076242
hooty,3.969246,327.3879,757,0,1.159179
abbed,3.969211,259.2644,523,0,1.264363
gutta,3.969148,304.8981,623,0,1.140605
zaidy,3.968649,270.2190,593,0,1.244492
buses,3.968534,275.7317,586,0,1.207127
condo,3.968449,349.9952,816,1,1.042117
ninth,3.968173,316.0955,747,1,1.110583
eched,3.968114,289.9961,661,0,1.093521
kerve,3.968106,303.8674,714,0,1.162635
rugby,3.968081,321.8026,698,1,1.145140
wanky,3.967957,308.1542,693,0,1.185529
pupal,3.967900,290.9136,625,1,1.171706
bunje,3.967820,280.7011,609,0,1.217711
bundh,3.967602,347.6747,809,0,1.026350
civie,3.967457,290.6121,637,0,1.216199
feeds,3.967404,291.4639,637,0,1.114903
skets,3.967020,282.1905,557,0,1.255724
murrs,3.966915,308.4289,680,0,1.093737
imide,3.966839,275.9037,601,0,1.203672
muxes,3.966830,267.6177,569,0,1.207559
bedye,3.966686,308.9102,705,0,1.109503
fleek,3.966674,323.0579,721,0,1.116847
hyrax,3.966491,245.5348,504,0,1.206048
boabs,3.966317,245.0829,538,0,1.242549
desse,3.966285,309.0380,728,0,1.104968
gimps,3.966179,320.3754,740,0,1.054428
flurr,3.965739,295.8821,668,0,1.115335
tasks,3.965732,284.5317,667,0,1.169762
goold,3.965517,356.1153,815,0,1.058315
jupes,3.965340,267.1028,572,0,1.215119
nitid,3.965100,326.9991,754,0,1.100216
lavas,3.965039,292.8877,674,0,1.142117
wizes,3.964727,247.6523,512,0,1.241901
dotty,3.964721,321.4112,750,0,1.135637
penny,3.964681,290.4082,561,1,1.254212
enemy,3.964581,278.1542,549,1,1.168467
ixnay,3.964564,257.8976,526,0,1.260043
wacks,3.964499,294.5508,669,0,1.139525
heedy,3.964425,294.2829,620,0,1.158747
halma,3.964029,309.1322,717,0,1.098272
mufti,3.963792,313.8683,716,0,1.084233
lipin,3.963763,321.7672,745,0,1.083801
comby,3.963638,337.2773,790,0,1.108423
wispy,3.963536,318.1568,731,1,1.128078
rooks,3.963521,294.2328,648,0,1.161771
bally,3.963490,334.0739,759,0,1.208855
undue,3.963480,266.8989,583,1,1.202376
frere,3.963417,324.3089,761,0,1.156803
junto,3.963396,282.6743,660,1,1.142549
punks,3.963252,341.9460,795,0,1.059179
bolos,3.963127,310.6346,693,0,1.111015
bided,3.963066,300.3607,628,0,1.202160
iroko,3.963036,267.4683,589,0,1.161123
spins,3.962940,328.5646,780,0,1.130238
quoad,3.962819,261.2376,493,0,1.211663
oidia,3.962527,264.2648,511,0,1.239309
numen,3.962473,280.1879,584,0,1.177970
shaps,3.962427,319.2670,706,0,1.167819
peeks,3.962268,316.3745,696,0,1.100648
himbo,3.962172,296.4488,665,0,1.067387
gulfs,3.962104,316.4540,712,0,1.067819
whift,3.962036,346.8695,804,0,1.073218
debye,3.962011,308.8013,705,0,1.092225
sheds,3.961740,285.3559,575,0,1.217711
refry,3.961519,271.9348,540,0,1.279050
mocks,3.961518,316.9896,727,0,1.082289
abeam,3.961354,272.2423,535,0,1.209287
roofs,3.961189,291.9097,635,0,1.159611
stops,3.960914,306.0592,704,0,1.162203
waacs,3.960574,301.1106,705,0,1.127430
hodad,3.960240,280.7564,576,0,1.158963
enews,3.959976,283.8691,582,0,1.130238
jawed,3.959869,252.6484,538,0,1.273866
teddy,3.959635,264.2890,510,1,1.278402
guimp,3.959386,358.1361,829,0,1.033909
koros,3.959112,292.4886,648,0,1.142549
zinco,3.959005,289.3888,667,0,1.136069
sucky,3.958863,332.8384,777,0,1.147084
ruffe,3.958810,253.5400,556,0,1.271922
choky,3.958699,348.4393,806,0,1.132397
squad,3.958641,270.1240,581,1,1.205832
dildo,3.958037,287.1572,630,0,1.129158
wasts,3.957348,282.2164,651,0,1.170194
belly,3.957180,303.8043,576,1,1.258963
triff,3.957043,285.1693,649,0,1.179050
duads,3.957035,268.8566,581,0,1.169978
razor,3.957010,255.4924,555,1,1.225054
rurps,3.956745,309.3136,693,0,1.092009
yocks,3.956630,282.6268,653,0,1.111879
ayahs,3.956383,272.6683,639,0,1.119006
rymme,3.956142,239.2799,503,0,1.273650
unpen,3.955395,273.2065,574,0,1.175810
monos,3.954931,328.3970,751,0,1.073650
queer,3.954844,271.9641,616,1,1.225486
potty,3.954820,322.4454,748,0,1.131965
weeds,3.954786,306.6035,669,0,1.097840
droob,3.954600,347.0371,790,0,1.092657
blabs,3.954496,278.6968,636,0,1.214903
volks,3.954480,296.6898,673,0,1.102592
whops,3.954429,338.5274,777,0,1.074946
dauds,3.954358,264.1041,581,0,1.164795
shays,3.954170,285.4389,639,0,1.188337
rhumb,3.954095,314.8557,684,0,1.073218
occur,3.953754,282.0099,641,1,1.136285
chubs,3.952846,346.0540,789,0,1.059395
fungo,3.952771,346.1844,788,0,1.073218
katti,3.952449,266.0117,581,0,1.173866
mayas,3.951799,299.9261,692,0,1.106479
boson,3.951737,331.1339,752,0,1.082073
lumpy,3.951714,338.4004,771,1,1.097408
titup,3.951597,327.9711,767,0,1.044060
promo,3.951348,331.8069,765,0,1.098704
folio,3.951198,305.1711,697,1,1.100000
facta,3.951121,300.5136,692,0,1.114687
dolly,3.950705,334.1283,766,1,1.132613
kests,3.950561,263.2065,557,0,1.210151
gassy,3.950389,294.3875,665,1,1.192657
rotor,3.950369,314.2130,720,1,1.121598
snebs,3.950346,266.1430,544,0,1.225054
ennui,3.950037,265.2004,528,1,1.255076
teeth,3.950020,333.6540,718,1,1.090713
naval,3.949778,302.4600,694,1,1.127646
fundi,3.949694,329.9305,770,0,1.080562
tepee,3.949192,312.6881,729,1,1.150972
gaffe,3.948915,256.1102,531,1,1.262851
boons,3.948855,332.6743,752,0,1.107991
chica,3.948141,303.1348,603,0,1.207343
songs,3.947167,321.2782,763,0,1.118359
jobed,3.947101,285.9408,598,0,1.204752
jaxie,3.946811,210.3339,408,0,1.354212
dwaum,3.946699,290.6251,641,0,1.088985
slobs,3.946660,295.9512,693,0,1.141037
miltz,3.946511,282.1749,651,0,1.113175
glazy,3.946268,304.7788,717,0,1.214903
fossa,3.946244,275.3629,543,0,1.197408
messy,3.946139,285.6004,553,0,1.240173
smash,3.946047,320.3590,713,1,1.172570
vells,3.945610,277.5521,590,0,1.195896
vises,3.945503,264.7590,565,0,1.213607
nenes,3.945477,277.0441,636,0,1.127430
kindy,3.945373,345.3024,809,0,1.115767
evohe,3.945001,268.6795,597,0,1.144060
pasha,3.944754,306.2078,706,0,1.106263
lumbi,3.944514,302.5110,678,0,1.080778
snips,3.944229,332.0022,780,0,1.107343
chunk,3.944158,387.5702,878,1,1.052700
murri,3.944052,295.5978,655,0,1.100864
aband,3.943909,325.0346,753,0,1.070410
tazze,3.943906,223.0847,477,0,1.348164
massy,3.943800,307.7611,692,0,1.190065
colog,3.943666,321.2704,746,0,1.058315
kabar,3.943280,305.8492,701,0,1.120086
touzy,3.943217,291.1719,688,0,1.182505
bitts,3.943032,318.1292,739,0,1.092657
peize,3.942992,300.7054,706,0,1.136501
qursh,3.942342,304.8739,652,0,1.149460
kight,3.942301,301.2929,722,0,1.071274
kutch,3.940895,368.5931,835,0,1.061339
flexo,3.940367,256.8022,487,0,1.256371
battu,3.940305,292.1931,642,0,1.150756
reded,3.939914,324.8246,721,0,1.162851
foots,3.939820,325.5019,745,0,1.115335
mushy,3.939818,336.1680,776,1,1.102160
bolix,3.939733,293.0717,664,0,1.139093
rammy,3.939615,279.7758,591,0,1.257883
henny,3.939611,281.8821,528,0,1.252700
mulla,3.939548,319.2203,666,0,1.134989
cissy,3.939458,300.4730,709,0,1.139309
whips,3.939389,335.5451,777,0,1.068467
aspis,3.939096,267.7516,541,0,1.176890
sinhs,3.938775,318.3832,757,0,1.114255
karks,3.938374,252.5404,558,0,1.233261
bundy,3.938308,365.7551,835,0,1.091361
blebs,3.937857,262.8851,530,0,1.250324
ksars,3.937819,263.0233,558,0,1.223110
knobs,3.937754,300.1188,691,0,1.086609
bovid,3.937707,343.3076,770,0,1.077538
reffo,3.937519,240.2734,494,0,1.298272
gooly,3.937294,340.9292,781,0,1.131749
plops,3.937222,296.7132,674,0,1.132397
offer,3.937220,243.3499,494,1,1.328294
dwaal,3.936442,339.3456,782,0,1.084881
arroz,3.936118,269.1192,555,0,1.212743
skeos,3.936022,267.3378,513,0,1.256803
venge,3.935891,343.8510,789,0,1.087257
runny,3.935748,302.6328,637,0,1.187473
sappy,3.935332,304.3745,688,1,1.235853
imshy,3.935083,289.6177,656,0,1.136501
putto,3.934996,327.2298,734,0,1.063067
bills,3.934649,313.2713,703,0,1.089633
gigas,3.934438,258.9991,543,0,1.194600
afald,3.934341,332.9326,774,0,1.080778
raggy,3.933953,275.5322,577,0,1.261771
fever,3.933798,328.1732,727,1,1.178186
sikas,3.933339,272.4730,582,0,1.194600
nonyl,3.933285,282.0955,666,0,1.120950
typey,3.933239,254.9084,516,0,1.270842
abbey,3.932865,239.2454,442,1,1.337797
rabbi,3.932841,238.8886,461,1,1.257235
fools,3.932699,315.6454,710,0,1.112095
koori,3.932331,271.7862,589,0,1.171490
bufos,3.932275,315.1330,712,0,1.079050
gushy,3.932262,327.5693,754,0,1.104752
swung,3.932240,337.6687,795,1,1.087689
bhoot,3.931605,365.0475,838,0,1.062203
murky,3.931411,318.8393,688,1,1.144060
quino,3.931112,279.3801,635,0,1.172138
vexil,3.931029,273.1296,576,0,1.227862
polly,3.930844,338.0618,776,0,1.128942
finks,3.930567,329.1305,751,0,1.083369
dobro,3.930472,354.4808,790,0,1.069330
gangs,3.930121,281.3482,630,0,1.171490
frump,3.930007,326.4445,746,0,1.076026
weeps,3.929702,316.9836,696,0,1.083369
arrah,3.929641,299.8017,697,0,1.106479
zooea,3.929529,227.7266,377,0,1.350756
rishi,3.929372,259.9814,557,0,1.163715
poove,3.929296,298.7460,631,0,1.205832
ydrad,3.929287,268.3408,565,0,1.195680
caboc,3.929160,290.9430,624,0,1.148164
vamps,3.928997,303.2445,691,0,1.108855
frory,3.928980,319.2652,745,0,1.173002
dowps,3.928721,313.5002,725,0,1.059179
dykon,3.928714,324.4739,756,0,1.043629
mooly,3.928513,348.0678,791,0,1.129158
glyph,3.928394,320.0713,752,1,1.018143
abacs,3.928332,290.1862,668,0,1.109287
logoi,3.928271,292.0618,653,0,1.104320
verry,3.927648,278.9983,571,0,1.270410
coops,3.927354,338.5352,774,0,1.074946
umbos,3.927343,307.8639,701,0,1.063067
obiit,3.927025,292.8505,662,0,1.132181
fifes,3.927010,252.4393,516,0,1.246868
heigh,3.926945,280.6838,578,0,1.200000
suids,3.926726,319.1270,755,0,1.103024
bulgy,3.926650,367.0302,825,0,1.099136
hullo,3.926319,309.2488,698,0,1.058531
poulp,3.926071,317.9780,740,0,1.091145
hexer,3.925797,290.9844,659,0,1.181641
kumis,3.925546,310.1266,707,0,1.059395
staws,3.925032,291.8354,651,0,1.206695
ogmic,3.924915,282.4695,628,0,1.087473
scams,3.924884,300.2778,678,0,1.158315
tavah,3.924461,333.1572,773,0,1.082505
vaded,3.924261,275.6566,585,0,1.258315
kamme,3.923985,257.6842,532,0,1.254212
sculs,3.923640,313.1184,719,0,1.103888
tagma,3.923534,316.3227,719,0,1.079914
hotty,3.923445,331.3516,757,0,1.130454
bosky,3.923377,319.2359,730,0,1.145788
jeels,3.923184,272.2233,599,0,1.152268
micks,3.923122,318.9343,722,0,1.054428
photo,3.923058,347.1909,794,1,1.049028
sabha,3.922945,302.2173,702,0,1.115551
pshaw,3.922877,288.7650,632,0,1.131533
wedgy,3.922783,320.3166,636,0,1.190929
vulgo,3.922318,324.7996,725,0,1.064579
oribi,3.922312,260.8635,592,0,1.178618
axing,3.922173,294.8445,604,0,1.194384
didos,3.922156,279.5590,620,0,1.117063
abram,3.922115,306.2855,674,0,1.111663
array,3.921892,297.0933,681,1,1.171490
animi,3.921745,288.9594,601,0,1.162203
shags,3.921578,309.2462,690,0,1.153564
groom,3.921416,342.1456,776,1,1.083369
error,3.921237,276.0618,554,1,1.291145
cinqs,3.920990,297.6678,694,0,1.114255
bulks,3.920912,337.7499,755,0,1.068251
fykes,3.920519,259.5659,525,0,1.193305
jeune,3.920163,291.1780,686,0,1.125918
zincs,3.919589,294.6596,686,0,1.107559
hoove,3.919541,288.6562,597,0,1.204320
scoop,3.919173,335.2238,774,1,1.081641
psych,3.918978,344.7840,794,0,1.057019
skimp,3.918952,339.3050,789,1,1.077322
alpha,3.918425,297.4803,677,1,1.092009
jibed,3.918258,294.8307,618,0,1.176890
awash,3.918142,329.1711,750,1,1.080346
ditty,3.917653,336.9672,773,1,1.107775
laddy,3.917496,308.3572,705,0,1.206911
spurs,3.917427,317.1201,693,0,1.143844
tuffe,3.917396,275.8121,595,0,1.207991
qibla,3.917353,279.7015,586,0,1.189633
scuts,3.917254,335.1339,776,0,1.107127
stims,3.917134,314.1689,730,0,1.138877
evens,3.917059,285.2609,599,0,1.129158
mitis,3.916971,313.0069,730,0,1.095896
lobos,3.916966,311.0717,693,0,1.080778
jarta,3.916734,265.4803,603,0,1.203024
stook,3.916662,329.4734,749,0,1.134341
burrs,3.916405,317.3784,690,0,1.094600
yarfa,3.916326,281.2782,616,0,1.147300
belle,3.915898,346.7529,787,1,1.091793
fowth,3.915849,356.9948,812,0,1.071058
shams,3.915503,321.4734,713,0,1.150972
flubs,3.915355,329.6013,737,0,1.070410
kapow,3.915144,275.8950,591,0,1.118575
hythe,3.914988,245.0778,495,0,1.229590
sesey,3.914548,290.5819,659,0,1.199136
qualm,3.914497,287.4700,666,1,1.166739
theft,3.914439,329.4994,639,1,1.161123
ripps,3.914239,279.0933,594,0,1.154860
unkid,3.914198,331.1063,765,0,1.049676
wools,3.913679,326.4289,726,0,1.095032
mirid,3.913629,328.0263,733,0,1.091145
mists,3.913264,314.2950,730,0,1.085097
nyssa,3.913162,267.3464,571,0,1.158315
every,3.913053,273.5330,571,1,1.230670
apays,3.912982,295.4570,688,0,1.107559
gighe,3.912950,276.3451,578,0,1.209503
jokes,3.912439,238.3425,461,0,1.256371
gimme,3.912410,298.4955,621,0,1.181857
kembo,3.912368,273.0950,501,0,1.165659
shuls,3.911835,333.0838,759,0,1.096544
bocks,3.911655,320.1438,723,0,1.083153
ouija,3.911386,245.9184,532,0,1.292657
quins,3.910858,300.8929,705,0,1.143629
holly,3.910820,315.4259,718,1,1.127430
banjo,3.910449,272.2086,573,1,1.193952
winks,3.910111,336.3780,766,0,1.066307
freer,3.910067,339.5054,761,1,1.146868
signs,3.909665,338.0531,788,0,1.097840
facia,3.908881,301.1857,655,0,1.110151
noops,3.908356,323.1624,740,0,1.084233
vixen,3.908253,293.1451,618,1,1.205832
bunko,3.907654,350.3451,796,0,1.060259
gists,3.907587,312.6363,727,0,1.087689
hejab,3.907503,251.8959,467,0,1.244924
barby,3.907294,280.8091,598,0,1.271706
accoy,3.907193,269.2073,541,0,1.215335
libri,3.907166,271.0847,555,0,1.146436
khafs,3.907156,308.1067,667,0,1.117063
aggri,3.907036,247.1737,464,0,1.246004
scags,3.906759,282.1663,638,0,1.160907
dilly,3.906517,355.9521,801,1,1.104752
chimb,3.906442,354.0998,820,0,1.029158
snaws,3.906297,299.0423,671,0,1.158315
whilk,3.906153,338.2752,771,0,1.060043
fauna,3.906137,300.4203,676,1,1.100864
venin,3.906097,302.2199,621,0,1.191361
booth,3.905698,372.2406,838,1,1.068251
radar,3.905481,318.3503,728,1,1.099568
favus,3.905265,274.2968,590,0,1.141901
penne,3.905024,331.8423,769,1,1.087041
panga,3.904886,330.0393,744,0,1.065875
misos,3.904444,290.5248,640,0,1.086177
enjoy,3.904291,265.6618,564,1,1.318359
wembs,3.904206,280.5404,579,0,1.147300
shuts,3.904166,388.1603,876,0,1.099784
wingy,3.904000,365.8916,827,0,1.097192
yeven,3.903689,289.0752,632,0,1.099136
bobas,3.903622,263.7827,538,0,1.218575
nebek,3.903531,322.2916,723,0,1.061987
fytte,3.903517,270.0030,549,0,1.193737
bonza,3.903440,291.7577,576,0,1.197192
quoth,3.903317,324.0056,751,1,1.110367
durry,3.903242,343.8734,776,0,1.109719
dandy,3.902992,314.0082,695,1,1.183369
grege,3.902407,313.9486,725,0,1.176026
addio,3.902403,270.4073,485,0,1.220302
dawks,3.902368,290.7650,655,0,1.105400
whigs,3.902199,333.4708,753,0,1.054212
cogon,3.901577,380.5188,867,0,1.025486
umpty,3.901504,331.3179,748,0,1.080346
sammy,3.901345,309.0035,692,0,1.219654
ridic,3.901173,305.1909,669,0,1.117711
watap,3.900295,315.4907,719,0,1.068898
labda,3.900204,334.6423,766,0,1.073434
elpee,3.899822,321.9849,750,0,1.117279
goosy,3.899279,339.4501,782,0,1.120734
shoji,3.899216,277.4847,617,0,1.178186
ferer,3.898290,340.2156,761,0,1.138445
agood,3.897907,317.4207,634,0,1.112527
tyiyn,3.897778,295.3421,694,0,1.108639
flunk,3.897689,346.4022,779,1,1.063715
deled,3.897515,334.2907,746,0,1.090497
chili,3.897003,334.0194,773,1,1.085313
clack,3.896944,347.9935,781,1,1.163067
ennog,3.896587,298.9827,554,0,1.215767
soups,3.896301,341.8795,791,0,1.098056
lemel,3.896271,329.5598,745,0,1.051620
sunny,3.896117,343.2730,799,1,1.149244
endew,3.895986,331.9598,721,0,1.060259
whims,3.895973,333.1339,757,0,1.051620
loopy,3.895932,340.4920,776,1,1.121598
comfy,3.895903,349.0130,805,1,1.084881
softs,3.895894,320.4307,745,0,1.117711
ammon,3.895842,293.9348,574,0,1.158099
lisps,3.895756,309.9391,708,0,1.074298
exies,3.895600,264.6104,578,0,1.171058
abaci,3.895456,285.4786,624,0,1.116415
semee,3.895366,321.8449,756,0,1.156587
hawks,3.895334,309.4700,690,0,1.100216
india,3.895144,302.7495,588,0,1.159827
snogs,3.895010,327.5944,763,0,1.099568
nihil,3.894804,305.0449,702,0,1.082073
lucky,3.894740,332.0721,750,1,1.100000
skens,3.894685,297.2341,579,0,1.214471
pawks,3.894667,314.1378,707,0,1.101728
swoon,3.894484,360.6829,817,1,1.076890
banda,3.894196,334.3270,753,0,1.067171
saggy,3.894095,295.2255,665,0,1.223542
thuja,3.893809,299.6255,611,0,1.166739
keeps,3.893398,318.6950,696,0,1.073218
sexed,3.893064,307.0181,716,0,1.126998
drook,3.892958,342.6311,774,0,1.086609
bassy,3.892903,306.8065,683,0,1.190929
sedes,3.892701,313.7283,728,0,1.106911
snigs,3.892473,341.5374,788,0,1.093089
gelee,3.892374,331.5797,763,0,1.127214
jakey,3.892009,235.9365,436,0,1.347732
fatty,3.891299,318.1067,692,1,1.177970
snook,3.890916,357.1555,814,0,1.085961
gadid,3.890846,316.0704,667,0,1.127862
caeca,3.890144,287.8613,556,0,1.235637
marka,3.889702,310.2942,686,0,1.119870
kophs,3.889587,324.1758,755,0,1.049028
limma,3.889228,280.9490,575,0,1.185097
lysis,3.889093,281.6756,634,0,1.089633
raffs,3.888632,250.8652,538,0,1.219654
tammy,3.888484,302.3175,673,0,1.193952
heuch,3.888370,310.4410,616,0,1.176458
tunny,3.888220,331.3568,756,0,1.123542
tofts,3.887358,325.1149,745,0,1.070842
chaya,3.887335,326.4168,745,0,1.084665
melee,3.887237,324.0298,745,1,1.124622
setts,3.887172,302.5516,633,0,1.204320
whirr,3.886979,329.3387,755,0,1.073650
worry,3.886949,337.6894,758,1,1.141037
expos,3.886552,261.6324,498,0,1.246652
bulla,3.886448,332.0462,688,0,1.135853
taggy,3.886278,292.4989,647,0,1.197840
viewy,3.885881,277.7551,527,0,1.239093
gamas,3.885606,320.9611,726,0,1.064579
adays,3.885591,277.3749,630,0,1.109071
ephah,3.885517,261.2825,457,0,1.257883
conch,3.885464,370.8773,840,1,1.081425
adyta,3.885446,284.8307,618,0,1.105616
sings,3.885332,339.2143,788,0,1.090497
poaka,3.885328,295.6575,654,0,1.103024
quark,3.885207,266.5827,570,1,1.220086
bushy,3.885149,337.8285,769,1,1.103024
chivy,3.885115,349.5745,804,0,1.101080
coyly,3.884417,302.1991,697,1,1.167171
ameba,3.884376,283.0441,535,0,1.188769
dewax,3.884272,276.8324,541,0,1.227214
feaze,3.884130,281.7844,628,0,1.197192
midgy,3.883862,385.0553,860,0,1.055724
going,3.883626,333.5443,771,1,1.128078
folky,3.883624,332.4471,746,0,1.131749
cumec,3.883506,306.5214,633,0,1.147300
soyuz,3.883481,304.2752,712,0,1.114471
whata,3.883253,338.2527,754,0,1.087473
sells,3.883075,291.0648,614,0,1.201296
blood,3.882961,382.3158,853,1,1.033261
spics,3.882851,347.4613,804,0,1.079698
dexie,3.882776,313.1849,719,0,1.115983
weems,3.882060,315.2263,680,0,1.066523
bacco,3.881614,299.9875,624,0,1.152700
fungs,3.881600,348.9369,779,0,1.044708
thumb,3.881157,361.2462,824,1,1.009287
exing,3.880889,305.1158,570,0,1.242981
foxed,3.880853,292.3089,602,0,1.198488
vests,3.880715,278.7089,595,0,1.192225
hewed,3.880655,349.2419,779,0,1.030454
sybow,3.880531,318.0091,733,0,1.065443
cooms,3.880438,354.2726,787,0,1.058099
pocky,3.879915,347.8898,797,0,1.094600
awave,3.879835,287.2929,626,0,1.204752
gunks,3.878662,364.3469,817,0,1.033477
yahoo,3.878010,261.8389,552,0,1.137149
stews,3.877851,292.4445,570,0,1.242117
fuses,3.877667,289.5495,599,0,1.173218
skank,3.877526,306.5413,691,0,1.195680
qanat,3.877464,303.2134,709,0,1.121382
spays,3.876928,308.0695,688,0,1.156156
duped,3.876795,316.2683,664,0,1.133693
nizam,3.876773,277.8294,594,0,1.151836
skeef,3.876594,323.3758,721,0,1.093521
booty,3.876552,353.2359,787,1,1.133261
yakow,3.876444,270.4739,570,0,1.136285
geeks,3.876414,307.0112,672,0,1.074946
neemb,3.876135,307.2428,671,0,1.053348
madid,3.875836,310.2181,649,0,1.125270
meves,3.875346,317.8916,714,0,1.078618
hexyl,3.875269,258.4989,477,0,1.200000
feyed,3.875198,329.7335,723,0,1.067603
womyn,3.874885,342.4851,780,0,1.041037
hwyls,3.874500,309.5158,686,0,1.047948
vitta,3.874429,302.5914,604,0,1.145356
sixmo,3.874038,288.0929,630,0,1.134341
haika,3.873468,297.0527,660,0,1.086825
dulls,3.873115,334.5775,741,0,1.035205
subas,3.873086,305.5762,645,0,1.146868
gesse,3.872942,330.6000,756,0,1.075594
kembs,3.872649,282.1335,577,0,1.137149
genny,3.872612,319.2868,603,0,1.228510
gowds,3.872528,327.9797,732,0,1.044276
kokra,3.872432,255.1253,500,0,1.246004
motty,3.871888,341.8950,774,0,1.103672
tassa,3.871617,317.7076,732,0,1.113607
docos,3.871497,320.3624,709,0,1.043629
broom,3.870745,360.4860,803,1,1.081641
kedgy,3.870569,302.9888,589,0,1.180778
talaq,3.870279,299.5166,688,0,1.130454
hilly,3.870095,328.0782,736,1,1.099568
ingan,3.869570,306.6026,614,0,1.143197
achoo,3.869268,292.2320,600,0,1.122678
nylon,3.868269,295.8259,666,1,1.082073
emove,3.867863,294.0212,645,0,1.117927
cabob,3.867454,292.4117,624,0,1.143844
golly,3.867249,348.0903,781,1,1.103240
ngwee,3.867160,329.7326,758,0,1.083585
alway,3.866940,335.1918,763,0,1.129806
ivies,3.866815,267.9192,565,0,1.211447
hesps,3.866573,306.6181,629,0,1.139309
outdo,3.866559,322.0359,726,1,1.036501
pupil,3.866546,333.1270,751,1,1.057451
staff,3.866279,288.8255,646,1,1.212311
hulls,3.866142,338.6562,759,0,1.030022
cavas,3.865833,325.5555,734,0,1.079482
jugal,3.865188,305.6635,649,0,1.139093
cohos,3.865051,356.5637,805,0,1.056156
salsa,3.864887,315.3041,727,1,1.159179
sowls,3.864831,317.8181,726,0,1.109071
osmol,3.863893,304.3616,676,0,1.053996
euked,3.863819,316.5473,698,0,1.053132
gulag,3.863725,312.5231,658,0,1.132829
equid,3.863554,288.8073,553,0,1.217279
offie,3.863362,241.1866,421,0,1.257451
spasm,3.863090,341.6488,754,1,1.142333
swits,3.862638,341.1667,784,0,1.102160
nisus,3.862229,303.0294,705,0,1.075810
pulls,3.861729,363.2695,812,0,1.031533
dwell,3.861617,335.5572,682,1,1.120086
putts,3.861382,382.8125,864,0,1.034557
vasts,3.861375,295.1279,671,0,1.142117
geese,3.861085,328.0998,756,1,1.096544
ombus,3.860925,316.2060,701,0,1.053996
sifts,3.860725,345.2359,792,0,1.089849
boyfs,3.860722,313.8354,705,0,1.061771
whisk,3.860721,364.3806,818,1,1.049028
fique,3.860483,268.8886,520,0,1.217495
pigmy,3.860264,378.8039,846,0,1.049460
hurry,3.860192,327.7369,717,1,1.104536
moony,3.859943,382.3097,862,0,1.091145
byked,3.859845,300.7814,609,0,1.137797
fillo,3.859804,323.7343,697,0,1.084233
towts,3.859731,342.5914,779,0,1.065443
deevs,3.859359,319.3499,692,0,1.079482
flexi,3.859116,276.8341,541,0,1.234989
dumps,3.858909,355.6255,800,0,0.998272
floss,3.858899,315.6765,710,1,1.097192
draff,3.858813,293.4994,650,0,1.164579
riggs,3.858776,282.1767,579,0,1.142549
jubes,3.858774,278.1447,578,0,1.180778
smurs,3.858608,320.8626,680,0,1.118143
masus,3.858405,300.6933,651,0,1.117279
proof,3.857728,344.9093,781,1,1.066307
firry,3.857636,327.1028,724,0,1.130238
congo,3.857455,382.3866,867,0,1.013391
yeves,3.857300,280.7633,623,0,1.108207
jaups,3.856640,284.9317,628,0,1.142333
annat,3.856263,320.5922,719,0,1.087473
evhoe,3.856065,277.4821,597,0,1.115767
swots,3.855899,342.1948,779,0,1.108639
samps,3.855010,336.6095,754,0,1.114255
wifty,3.854640,338.1490,751,0,1.096544
veges,3.854542,321.6160,718,0,1.069546
phono,3.854440,363.8276,834,0,1.007775
obols,3.854324,312.9015,693,0,1.060691
goony,3.854182,398.3253,889,0,1.093737
hulky,3.853959,337.1685,755,0,1.078186
jorum,3.853958,314.1214,694,0,1.116631
exurb,3.853926,276.0315,540,0,1.235853
gyved,3.853800,317.7153,662,0,1.124622
looks,3.853736,326.0929,721,0,1.076458
hotch,3.853594,349.7793,789,0,1.098056
cycas,3.853268,280.4652,604,0,1.136069
felly,3.853224,321.5097,602,0,1.225054
duchy,3.852711,356.0177,815,1,1.055508
plumb,3.852705,363.5952,825,1,0.997624
fugly,3.852217,381.8233,846,0,1.074082
ammos,3.852088,278.3218,545,0,1.167171
succi,3.851809,321.0622,717,0,1.103888
molly,3.851690,354.2613,791,0,1.100648
kikes,3.851607,252.6959,518,0,1.216847
babul,3.851096,308.1361,688,0,1.152052
amahs,3.850843,314.8091,713,0,1.070842
curch,3.850502,366.8937,774,0,1.097192
gloop,3.849389,359.3594,815,0,1.011231
zupan,3.849216,291.0251,613,0,1.108855
quads,3.848682,272.6380,581,0,1.163499
yabas,3.848517,301.8000,683,0,1.077322
moove,3.848405,316.8307,645,0,1.177538
vizor,3.848255,288.8540,632,0,1.140821
adhan,3.848109,298.8454,674,0,1.053780
karma,3.848014,311.4467,686,1,1.103888
pyxes,3.847907,273.6730,559,0,1.183369
crock,3.847406,341.1659,763,1,1.143413
yawey,3.847111,243.1425,460,0,1.332613
becke,3.847074,346.7624,782,0,1.057451
chawk,3.846304,374.3503,796,0,1.090929
nabob,3.845977,278.7996,583,0,1.153132
exfil,3.845703,293.4726,541,0,1.212743
aging,3.845684,303.3015,614,1,1.177970
zilch,3.845482,332.7391,756,0,1.063067
sodom,3.845368,355.8181,810,0,1.039309
bawdy,3.844992,341.0052,744,1,1.133909
bungy,3.844785,402.9335,893,0,1.062635
slows,3.844635,318.8816,726,0,1.109719
humps,3.844348,377.8847,850,0,0.993089
gemma,3.844257,287.0769,507,0,1.225918
cowks,3.843928,349.9235,781,0,1.050540
xylem,3.843770,271.5417,534,0,1.167819
amici,3.843732,299.1797,624,0,1.125702
medii,3.843701,301.7870,601,0,1.152268
putti,3.843670,345.7603,767,0,1.041685
teffs,3.843431,269.4181,562,0,1.205832
malmy,3.843427,331.8328,739,0,1.187689
fitts,3.843270,352.6743,792,0,1.058747
spags,3.843259,321.4553,713,0,1.121382
wuses,3.843068,290.8212,598,0,1.156156
parra,3.843001,329.8691,738,0,1.081857
patka,3.842978,329.1918,732,0,1.063499
ollav,3.842756,307.7775,604,0,1.139309
skrik,3.842737,284.7754,619,0,1.170194
loofs,3.842342,323.2229,710,0,1.074298
cooze,3.842194,295.0060,601,0,1.207127
paspy,3.842035,317.0605,688,0,1.192225
bombe,3.841919,294.7719,597,0,1.198488
knoll,3.841885,334.0324,768,1,1.039957
fungi,3.841824,368.7054,821,1,1.051836
blini,3.841757,339.4683,783,0,1.092225
villa,3.841521,312.6389,630,1,1.142333
bunks,3.840866,360.5110,803,0,1.031749
aquae,3.840863,245.7853,452,0,1.252700
soums,3.840661,355.1996,810,0,1.081210
wedge,3.840376,380.7339,846,1,1.023758
twits,3.840368,346.0419,784,0,1.055292
annex,3.840227,263.2747,516,1,1.252052
wheep,3.839595,357.6186,780,0,1.021166
oxlip,3.839009,290.2475,620,0,1.097840
cleck,3.838993,321.1538,628,0,1.198488
adman,3.838881,333.8147,734,0,1.030022
tanna,3.838852,319.1140,719,0,1.099352
tokos,3.838698,326.9464,749,0,1.064363
dowed,3.838477,314.5430,628,0,1.174514
rigid,3.838441,356.7918,758,1,1.070842
hasps,3.838177,319.1417,706,0,1.089201
donny,3.838028,374.6363,844,0,1.100432
imams,3.837793,266.5749,537,0,1.172138
trooz,3.837722,315.9737,705,0,1.127430
vivat,3.837697,283.7775,604,0,1.177970
gojis,3.837404,284.6320,631,0,1.106048
aguna,3.837242,329.6238,683,0,1.079050
fixed,3.837175,314.5715,647,0,1.170626
pulli,3.836789,342.6829,751,0,1.038661
zanze,3.836238,243.5270,515,0,1.293737
chico,3.836132,340.4523,731,0,1.104104
crick,3.835970,337.4311,736,1,1.136933
picky,3.835842,360.1352,810,1,1.066739
benny,3.835681,316.7002,583,0,1.226782
knows,3.835650,335.7706,755,0,1.055292
ology,3.835218,343.0976,781,0,1.080346
snush,3.834735,373.7067,836,0,1.066091
belee,3.834313,348.4315,787,0,1.125486
wally,3.833897,344.9473,763,0,1.157883
botty,3.833669,351.1002,787,0,1.104536
tifts,3.833609,351.4821,792,0,1.042981
scoog,3.833146,326.4739,740,0,1.058531
spams,3.833034,342.7598,754,0,1.118790
woons,3.832859,371.4035,817,0,1.057019
gayly,3.832777,321.7879,725,1,1.192657
fundy,3.832408,378.1110,849,0,1.057451
nomos,3.832361,338.4445,751,0,1.041685
welly,3.832183,314.9810,598,0,1.207991
dicky,3.832077,351.6004,799,0,1.070410
konbu,3.831745,344.9447,796,0,1.028294
whack,3.831611,376.1957,796,1,1.093521
djins,3.831575,326.3512,734,0,1.084449
cully,3.831492,365.8009,822,0,1.071706
nouny,3.831366,340.2778,788,0,1.127646
cutty,3.830869,354.5853,799,0,1.074730
novum,3.830799,351.4017,797,0,1.024406
jives,3.830490,266.0695,553,0,1.213607
smaak,3.830046,358.1387,805,0,1.088769
numbs,3.829285,332.2829,736,0,1.020302
borgo,3.828990,371.3335,808,0,1.058963
dumka,3.828905,334.3616,663,0,1.068898
slugs,3.828856,351.9443,794,0,1.056156
beefs,3.828711,316.2553,675,0,1.071058
silks,3.828703,330.2855,746,0,1.080130
haafs,3.828683,317.5590,722,0,1.074946
minis,3.828631,341.8985,769,0,1.051404
emyde,3.828327,307.8717,681,0,1.061339
pipul,3.828068,332.0125,751,0,1.044492
kevel,3.827826,342.3287,765,0,1.057235
samba,3.827561,331.2488,751,0,1.080562
chump,3.827489,414.8989,915,1,0.969114
icily,3.827439,313.8717,718,1,1.120086
kahal,3.827198,332.1698,761,0,1.064363
muxed,3.826978,325.1607,675,0,1.118143
indri,3.826789,299.2834,645,0,1.115983
pupas,3.826605,308.4402,639,0,1.132829
skits,3.826481,340.4039,782,0,1.098272
begem,3.826305,363.2402,801,0,1.011663
apply,3.825874,323.7464,708,1,1.171922
durzi,3.825526,295.3879,636,0,1.119438
hilch,3.825441,343.5400,773,0,1.062203
gimpy,3.825352,380.2648,846,0,1.038445
kaiks,3.825133,269.0994,582,0,1.173434
comma,3.824924,320.4410,625,1,1.150324
skols,3.824709,318.2717,721,0,1.101512
keech,3.824259,355.0086,754,0,1.058315
keyed,3.823714,320.4514,705,0,1.040389
comix,3.823634,330.7114,736,0,1.060475
kauru,3.823613,264.5283,570,0,1.177538
slums,3.823593,357.3810,805,0,1.053564
bromo,3.823222,361.3810,803,0,1.071274
fiefs,3.822790,277.2143,516,0,1.218575
fills,3.822759,342.0281,748,0,1.055724
bocca,3.822315,319.2618,624,0,1.148596
kotos,3.822223,328.9801,749,0,1.057883
sposh,3.821845,376.8851,838,0,1.082721
toddy,3.821840,332.2233,750,1,1.120950
gulfy,3.821676,385.2143,846,0,1.051836
digit,3.821623,373.4890,838,1,1.027862
mewed,3.821559,374.3978,823,0,1.003672
banya,3.821418,329.2790,731,0,1.073218
shuns,3.820826,368.4851,836,0,1.058531
karzy,3.820707,285.4190,607,0,1.224838
stobs,3.820613,317.6868,716,0,1.122462
aggry,3.820288,284.9015,577,0,1.222894
roofy,3.820063,343.8622,745,0,1.143629
gawks,3.819884,312.1957,692,0,1.076026
pujas,3.819589,301.4035,628,0,1.132613
furrs,3.819340,338.4246,724,0,1.060691
scabs,3.819061,300.7728,668,0,1.135421
primp,3.818926,333.8233,740,0,1.091793
hoods,3.818100,347.7646,773,0,1.031749
oboli,3.818052,304.5879,669,0,1.067819
kolos,3.817759,325.8510,721,0,1.049892
vodka,3.817521,314.0048,614,1,1.106263
poods,3.817502,357.3456,792,0,1.033261
squid,3.817056,328.5257,755,0,1.091577
sybbe,3.816820,269.0847,563,0,1.211663
manga,3.816459,360.1879,791,1,1.037581
kempy,3.815885,316.1205,596,0,1.160907
kazis,3.815806,268.3477,574,0,1.155724
axial,3.815660,304.8272,662,1,1.127862
sansa,3.815371,325.5149,739,0,1.122678
halfa,3.815038,331.8432,747,0,1.051836
nutty,3.814940,339.0631,756,1,1.084017
nandu,3.814289,290.7564,620,0,1.106263
dryly,3.814220,290.3313,607,1,1.182937
soddy,3.813400,330.7011,756,0,1.146652
veeps,3.813285,337.8786,732,0,1.055292
discs,3.813281,324.6294,740,0,1.025270
gilly,3.813150,371.0294,816,0,1.075378
ooses,3.812530,275.4829,537,0,1.176674
fordo,3.811981,359.9521,793,0,1.053780
remex,3.811907,321.4190,703,0,1.120950
judas,3.811532,281.6488,571,0,1.132181
zaxes,3.811303,234.2778,481,0,1.292225
hitch,3.811263,358.6199,801,1,1.070194
primi,3.811114,332.2069,740,0,1.082073
ahigh,3.811078,314.2242,632,0,1.130886
dunno,3.809978,370.5844,823,0,1.031533
rajas,3.809930,275.7741,592,0,1.164795
johns,3.809854,312.2492,719,0,1.084233
lammy,3.809407,333.1762,739,0,1.172570
murry,3.808672,359.6048,782,0,1.077754
cylix,3.808517,314.5706,710,0,1.056803
mawks,3.808463,321.3819,711,0,1.073434
punky,3.808430,383.4994,858,0,1.043197
burqa,3.808315,289.9883,561,0,1.206048
gurry,3.808246,361.2773,790,0,1.080346
wills,3.808014,337.6756,740,0,1.038661
abuna,3.807907,325.8743,682,0,1.065659
cinch,3.807686,388.0592,865,1,1.053564
sizes,3.807643,275.6799,571,0,1.219222
godso,3.807291,355.6877,795,0,0.997840
wawls,3.806301,291.9745,657,0,1.155292
dusky,3.806130,357.8639,801,1,1.063499
whyda,3.806014,329.9305,674,0,1.064147
whoot,3.805896,414.9870,909,0,1.011231
cobza,3.805494,312.8238,616,0,1.140821
dumbo,3.805366,381.3421,832,0,0.987041
kieve,3.805049,324.3270,727,0,1.074946
sixes,3.805016,278.6778,578,0,1.220302
queen,3.804769,311.6756,693,1,1.083801
feebs,3.804696,317.5771,675,0,1.060691
fuzes,3.804347,288.2207,587,0,1.173434
winna,3.804212,330.5991,633,0,1.138229
sugos,3.803739,349.5054,784,0,1.054644
bubal,3.803677,329.1780,688,0,1.144060
bakra,3.803458,326.0471,701,0,1.109071
caddy,3.803279,330.3089,729,1,1.144276
ozone,3.803133,281.5546,575,1,1.192441
hissy,3.803011,346.3365,775,0,1.081641
razoo,3.802887,266.5430,555,0,1.191793
hashy,3.802805,297.2549,639,0,1.185961
queyn,3.802313,275.0631,519,0,1.195896
peece,3.801892,366.3814,824,0,1.044708
pucks,3.801632,395.0121,865,0,0.997192
brava,3.801523,333.5564,739,0,1.119006
refer,3.801413,348.9361,761,1,1.101944
snibs,3.801180,334.5784,767,0,1.067603
abaft,3.800745,340.2259,774,0,1.047948
zupas,3.800521,299.7058,628,0,1.117927
tests,3.800427,308.4307,633,0,1.150756
leggy,3.800314,300.1041,562,1,1.226566
wonky,3.800108,375.7188,837,0,1.078186
pooch,3.799952,422.1819,931,1,1.003888
embow,3.799893,309.8648,556,0,1.142981
semes,3.799710,335.4035,756,0,1.072786
snobs,3.799465,328.7313,752,0,1.074082
dacha,3.799416,334.4695,756,0,1.031317
swash,3.799413,356.7097,750,1,1.128942
skios,3.798983,306.3503,673,0,1.099352
equip,3.798898,288.7365,552,1,1.193521
pissy,3.798864,367.7594,819,0,1.083153
sacks,3.798839,340.8678,755,0,1.116847
risks,3.798761,297.2039,619,0,1.098488
kelly,3.798740,312.6130,584,0,1.197840
jehus,3.798156,272.2501,538,0,1.179914
sumos,3.797918,363.8743,810,0,1.052484
diked,3.797841,310.1533,628,0,1.147084
igloo,3.797169,303.9581,653,1,1.054860
pacha,3.796663,353.8873,786,0,1.027646
kedge,3.796474,349.8968,789,0,1.013607
dyads,3.796359,294.5006,630,0,1.117495
tabby,3.796255,308.0212,672,1,1.170194
lymph,3.795561,344.8073,762,1,0.979914
mutts,3.795368,385.1961,853,0,1.006263
mulls,3.795062,370.4229,805,0,1.003240
ducks,3.794440,351.4069,773,0,1.000864
dusts,3.793566,345.4320,779,0,1.031533
epoxy,3.793535,299.1693,594,1,1.253132
husky,3.793352,368.1456,822,1,1.058315
wocks,3.792658,355.0000,781,0,1.032181
husos,3.792636,342.2968,764,0,1.027430
visit,3.792091,359.8976,809,1,1.057883
gulls,3.790868,366.6069,794,0,1.005832
rooky,3.790769,339.1650,734,0,1.145788
wimps,3.790708,348.7927,778,0,1.001728
chocs,3.790465,368.1317,805,0,1.082073
bitty,3.790195,360.5430,800,1,1.076674
hunky,3.789888,366.6873,820,1,1.041685
cubeb,3.789730,314.5715,646,0,1.128726
stats,3.789607,335.0328,732,0,1.147516
emoji,3.788052,262.5801,520,0,1.246004
tight,3.788003,370.3382,835,1,1.011879
apayd,3.787998,346.9767,784,0,1.018143
enmew,3.787984,331.1909,697,0,1.026134
amaze,3.787793,289.5823,601,1,1.193521
juvie,3.787461,279.5486,552,0,1.189849
poohs,3.787002,375.1425,838,0,1.028294
yumps,3.786900,368.8134,818,0,0.995896
sumis,3.786228,356.3780,792,0,1.046868
nomoi,3.786154,336.4644,739,0,1.048812
groof,3.785958,371.1512,816,0,1.040605
wacky,3.785884,338.9482,740,1,1.123542
jowed,3.785590,309.6281,620,0,1.166523
rudds,3.785569,314.6838,646,0,1.087473
esnes,3.785502,295.4683,636,0,1.086177
jihad,3.785119,287.3836,575,0,1.117927
gloom,3.784963,383.5728,849,1,0.987473
kopje,3.784911,279.7991,554,0,1.164363
bloop,3.784792,380.4281,845,0,1.009503
kills,3.784716,338.9171,746,0,1.028510
assez,3.784457,249.7119,487,0,1.251620
knurr,3.784038,335.8907,750,0,1.021166
amiga,3.783823,339.4950,688,0,1.056803
quays,3.783747,268.2873,574,0,1.169546
hucks,3.783290,400.8099,876,0,0.995680
xoana,3.782900,295.7378,654,0,1.116631
mossy,3.782759,364.3737,814,1,1.082721
desex,3.782707,322.9629,716,0,1.062851
thoft,3.782641,393.9737,872,0,1.010151
kufis,3.782504,341.4121,755,0,1.012311
oxids,3.782419,286.3253,610,0,1.104968
woold,3.782147,400.2786,868,0,1.005616
junco,3.782051,348.7002,780,0,1.050756
casks,3.781998,345.8328,755,0,1.085745
ascus,3.781727,281.7870,589,0,1.122030
wynds,3.781720,334.9896,734,0,1.003888
cecum,3.781264,327.2721,633,0,1.109719
couch,3.780782,395.9054,870,1,1.046868
benne,3.780486,364.6484,813,0,1.059611
pawas,3.780380,343.4596,770,0,1.037797
fehme,3.780258,340.7780,759,0,1.027862
tweet,3.779312,365.3404,784,1,1.031317
wagyu,3.779044,297.6454,616,0,1.082505
calla,3.778921,375.5210,836,0,1.047516
scops,3.778728,346.0203,774,0,1.059611
flaxy,3.778610,335.8570,755,0,1.176458
hoops,3.778104,375.9616,838,0,1.017279
timid,3.777959,370.8177,819,1,1.004752
bikie,3.777828,310.8384,646,0,1.147516
summa,3.777737,331.1883,651,0,1.146652
ships,3.777577,391.5633,871,0,1.045788
ilial,3.777118,322.9827,668,0,1.129158
khoum,3.776802,360.6536,811,0,0.982721
looby,3.776765,371.3404,818,0,1.081857
smuts,3.776712,384.9706,853,0,1.041901
halwa,3.776353,337.4285,754,0,1.044060
avyze,3.775725,257.9780,492,0,1.244276
howdy,3.775594,376.6337,836,1,1.052484
seeds,3.775086,336.7624,728,0,1.075162
hodja,3.775041,300.1430,567,0,1.124190
posho,3.774829,375.1279,838,0,0.997624
chics,3.774614,373.1676,820,0,1.075594
bobac,3.774406,309.6583,624,0,1.144060
kalam,3.773811,372.3451,829,0,1.026998
gasps,3.773374,323.8708,713,0,1.065011
lipid,3.773288,375.8968,829,1,1.003456
niqab,3.773255,288.2743,599,0,1.126998
druxy,3.773210,340.2907,753,0,1.111447
fubsy,3.773158,373.8829,831,0,1.046652
jinne,3.772918,304.0056,630,0,1.193737
vampy,3.772650,360.3037,775,0,1.092873
fifed,3.772096,321.8052,650,0,1.157451
pavan,3.772039,359.2937,796,0,1.014255
noobs,3.772003,345.5788,752,0,1.044492
aalii,3.771990,306.0056,668,0,1.108855
outgo,3.771953,348.2864,766,1,1.007775
jerky,3.771577,271.9875,518,1,1.279050
blobs,3.771470,319.1728,693,0,1.099352
footy,3.771434,373.4492,817,0,1.099352
bawks,3.771294,329.6177,715,0,1.074298
igged,3.770967,313.2246,631,0,1.143629
vives,3.770744,274.5533,565,0,1.206911
excel,3.770528,310.3045,672,1,1.078618
phish,3.770372,393.2048,871,0,1.045788
yucko,3.770320,330.9024,733,0,1.026998
emeer,3.770147,329.3162,712,0,1.122894
tiddy,3.770066,348.9248,773,0,1.093089
visas,3.769958,291.8415,589,0,1.116631
cyclo,3.769857,318.0981,697,0,1.051620
hakas,3.769066,339.8916,764,0,1.036717
bufty,3.769046,376.7814,821,0,1.061987
toppy,3.768565,335.6428,748,0,1.102808
comic,3.768509,339.1780,744,1,1.049460
shops,3.768252,378.2380,838,0,1.052268
sises,3.768243,284.5404,581,0,1.219006
hokum,3.767933,363.2600,811,0,0.972354
judge,3.767504,327.7940,681,1,1.123326
soppy,3.767254,356.6622,801,0,1.128510
fists,3.767117,355.9184,792,0,1.052052
ilium,3.766939,339.6998,768,0,1.020518
billy,3.766536,381.8847,831,1,1.073650
quags,3.766425,297.2108,627,0,1.134773
blurb,3.766175,318.6449,648,1,1.105832
flood,3.765653,393.3352,862,1,0.999352
ditzy,3.765228,342.7849,756,0,1.097192
popsy,3.765008,359.1935,801,0,1.106263
doved,3.764453,329.4881,657,0,1.160043
bevue,3.764236,361.4233,795,0,1.042765
usury,3.764210,303.6540,611,0,1.163715
zincy,3.763615,342.4289,774,0,1.091577
spoom,3.763477,395.2289,875,0,1.018359
sessa,3.763396,269.6713,495,0,1.315119
fanny,3.762923,349.1080,747,1,1.142765
joked,3.762789,287.6194,567,0,1.166955
burry,3.762504,371.5469,803,0,1.078618
pudgy,3.762389,422.8160,925,1,0.998488
flump,3.762373,385.9650,851,0,0.980130
skivy,3.762367,344.6950,778,0,1.105400
ginzo,3.761436,352.8868,758,0,1.067819
nongs,3.761400,346.1335,763,0,1.047300
iodic,3.760646,325.8389,725,0,1.048164
anata,3.759833,321.3430,719,0,1.077754
doyly,3.759743,345.2903,766,0,1.114687
coqui,3.759628,300.3149,619,0,1.096976
banak,3.759190,385.5503,846,0,1.025486
surfs,3.758711,343.5469,724,0,1.085097
skull,3.758500,389.0009,867,1,1.017063
gongs,3.758364,347.1149,763,0,1.064147
pinny,3.758010,392.6156,867,0,1.068898
gumps,3.757848,392.0721,853,0,0.968898
annal,3.757084,341.4726,745,0,1.058315
besee,3.756885,348.3305,774,0,1.105616
studs,3.756328,351.4665,779,0,1.066307
wilja,3.756297,295.1218,590,0,1.147516
gadjo,3.756238,309.5832,625,0,1.104104
dooms,3.755666,375.5728,810,0,1.005616
weedy,3.754891,360.4402,740,1,1.081857
tikka,3.754513,291.4994,581,0,1.151620
graff,3.754486,312.6138,675,0,1.135205
micky,3.754055,369.3991,813,0,1.038445
seeps,3.753836,363.4121,771,0,1.060691
brook,3.753777,384.1922,830,1,1.055508
uprun,3.753766,321.3162,680,0,1.047300
neddy,3.753646,313.5641,576,0,1.203672
jucos,3.753478,322.3970,710,0,1.053132
kiosk,3.753369,304.7201,673,1,1.086393
rebbe,3.753231,342.6060,750,0,1.117063
zazen,3.752915,253.7680,515,0,1.266955
wooly,3.752829,381.8985,831,1,1.079050
fichu,3.752712,352.0272,787,0,1.014903
embed,3.752100,369.2099,790,1,0.990281
gugas,3.752073,311.6851,627,0,1.109071
naans,3.751550,327.8354,739,0,1.084233
wowed,3.750833,316.5421,628,0,1.168467
imino,3.750636,338.0937,739,0,1.061339
bedew,3.750500,398.6242,855,0,0.993305
eject,3.750380,319.1685,640,1,1.091145
uncut,3.750109,337.3637,752,1,1.026998
vagal,3.750064,385.9227,843,0,1.024838
syncs,3.750034,331.9546,750,0,1.032829
disci,3.749608,331.3948,740,0,1.019870
ekkas,3.749258,260.5836,447,0,1.266307
fyked,3.749109,318.9715,628,0,1.103888
marra,3.748815,351.6454,765,0,1.053564
bezel,3.748713,355.2937,776,1,1.060907
vying,3.748605,382.7944,851,1,1.011015
wicks,3.748362,356.1888,777,0,1.004320
sexts,3.748348,303.0328,624,0,1.198920
bucko,3.747597,388.6268,833,0,0.998272
paska,3.747579,366.1110,799,0,1.035637
exode,3.746455,307.9106,677,0,1.100432
missy,3.746183,362.3063,799,1,1.054860
zygal,3.746094,330.3322,717,0,1.086393
bulky,3.745834,395.6082,858,1,1.052268
typto,3.745335,342.6328,748,0,1.000648
wilis,3.745059,339.7836,740,0,1.037797
dinic,3.744991,394.2371,868,0,1.008855
jongs,3.744387,341.0864,752,0,1.055292
queys,3.744238,276.5810,515,0,1.204968
moods,3.743107,377.6082,810,0,1.004968
phlox,3.743014,341.1218,744,0,1.015983
kybos,3.742995,333.3248,730,0,0.998272
hinny,3.742649,370.8229,819,0,1.067387
kalpa,3.742422,357.5218,793,0,1.028078
sophs,3.742335,375.5754,838,0,1.036501
zebus,3.742013,291.8631,574,0,1.141685
goods,3.741800,372.0523,795,0,1.007559
hooka,3.741353,339.1037,642,0,1.087905
amban,3.741294,372.0350,796,0,0.988553
gamay,3.741209,392.1222,852,0,1.048596
funks,3.741125,378.0367,826,0,0.997840
stets,3.741086,331.7292,633,0,1.182937
agaze,3.740271,290.0860,594,0,1.188769
coomy,3.740020,415.5210,910,0,1.042117
sysop,3.740001,364.7512,801,0,1.029158
kiack,3.739749,322.3944,682,0,1.124406
kynds,3.739491,331.0354,729,0,0.993737
mondo,3.739249,408.8626,892,0,0.957667
kapas,3.739230,359.8734,799,0,1.021814
pooka,3.738939,346.1749,654,0,1.089417
butts,3.738369,392.3097,855,0,1.007127
nalla,3.738253,338.1309,745,0,1.056803
sinks,3.737855,374.6501,840,0,1.043629
shook,3.737060,406.9698,893,1,1.024406
vifda,3.737039,339.0449,636,0,1.072786
gurus,3.736676,334.3590,673,0,1.081210
khuds,3.736498,367.9745,808,0,0.968898
zymes,3.736450,275.9287,544,0,1.142333
adobo,3.735916,334.9456,647,0,1.063715
weepy,3.735575,354.2346,727,0,1.067387
meved,3.735304,399.8726,861,0,0.989201
scaws,3.735038,329.3957,705,0,1.104104
sunup,3.734863,389.9521,865,0,1.030454
kakis,3.734829,277.4769,582,0,1.140821
lemme,3.734435,341.5961,745,0,1.055508
slubs,3.734357,372.3832,823,0,1.030670
fenny,3.734357,333.7171,593,0,1.192873
soots,3.734270,379.6203,841,0,1.075594
wists,3.734136,352.6294,784,0,1.034989
bulls,3.734023,386.2734,823,0,1.004104
legge,3.733871,350.2501,763,0,1.059395
tikis,3.733772,346.4998,782,0,1.042117
sooky,3.733722,380.1533,849,0,1.107559
woosh,3.733720,429.8242,923,0,1.003024
bilbo,3.733647,317.5952,669,0,1.088337
bemix,3.732642,318.9404,617,0,1.134341
toots,3.732385,384.2994,841,0,1.028726
cysts,3.732035,321.3197,713,0,1.031533
sools,3.730996,356.9542,792,0,1.072354
ippon,3.730180,334.2104,709,0,1.046868
yoops,3.729980,362.7339,801,0,1.020086
kulfi,3.729568,345.7775,737,0,1.012095
fesse,3.728567,361.9616,797,0,1.039957
dexes,3.728229,328.1274,716,0,1.054212
dived,3.728111,348.1983,703,0,1.132181
skuas,3.728049,336.8765,687,0,1.104104
texts,3.728018,306.8903,624,0,1.152052
musky,3.727695,393.9434,856,1,1.031533
shaws,3.727497,359.7205,750,0,1.096760
acock,3.727344,332.2104,654,0,1.113175
asses,3.727092,256.1879,495,0,1.243413
isbas,3.727053,279.2998,535,0,1.120518
skins,3.726770,375.5901,840,0,1.057019
shogs,3.726683,370.1292,822,0,1.038013
bossy,3.726540,363.4631,803,1,1.083585
smees,3.726298,350.1119,756,0,1.053780
lotto,3.726226,354.3140,763,0,1.004536
socko,3.726102,385.4726,850,0,1.014255
spods,3.725966,355.1546,792,0,1.034557
meses,3.725890,345.8458,756,0,1.020950
sippy,3.725827,371.1633,819,0,1.100648
tippy,3.725673,353.7559,773,0,1.074946
whups,3.725332,407.0397,889,0,0.964579
howks,3.725099,383.0544,837,0,0.992873
mucks,3.725046,402.5369,862,0,0.968898
mooch,3.724838,461.1641,984,0,0.975594
nappy,3.724704,325.5270,685,0,1.135421
kerky,3.724618,278.1076,527,0,1.267387
pawky,3.724413,360.2492,768,0,1.085745
qubit,3.724334,361.3456,798,0,1.039093
shims,3.724255,383.8933,850,0,1.028942
squab,3.723732,309.7724,645,0,1.138229
coxib,3.723606,336.1257,739,0,1.037149
unman,3.723538,329.5857,668,0,1.058747
ceded,3.723300,371.3974,808,0,1.014903
sykes,3.723290,298.3132,592,0,1.153564
plook,3.722950,395.1857,862,0,0.987041
upped,3.722189,326.7097,664,0,1.089849
kokas,3.722109,283.6471,574,0,1.147732
bloom,3.722051,409.0406,884,1,0.985745
dumbs,3.721903,377.2756,806,0,0.958531
choux,3.721843,387.6972,851,0,1.007343
hadji,3.721659,287.7378,575,0,1.106911
mafia,3.721405,343.9918,708,1,1.032397
forgo,3.720994,381.5365,816,1,1.025054
acmic,3.720981,317.5546,624,0,1.087473
stows,3.720838,355.1711,779,0,1.091145
weeks,3.720533,356.4626,738,0,1.022246
jokey,3.720413,276.3279,493,0,1.240389
tommy,3.720182,353.6730,774,0,1.086609
hexes,3.719484,325.4544,715,0,1.049028
feese,3.719074,360.1179,797,0,1.060907
wenny,3.719013,340.5127,615,0,1.175810
coofs,3.718870,371.8328,800,0,1.011663
quirk,3.718676,315.0475,675,1,1.098056
pinup,3.718613,375.1823,835,0,0.998056
ghazi,3.718113,309.7317,623,0,1.109503
bebop,3.717908,302.8048,575,0,1.154212
soggy,3.717463,349.7646,782,1,1.116199
homos,3.717269,393.4881,852,0,0.974730
pongo,3.717166,418.1629,913,0,0.957235
siris,3.716992,322.8678,689,0,1.107775
howfs,3.716722,371.9296,811,0,0.990713
dumpy,3.716368,433.7620,936,1,0.982289
weete,3.716333,360.7996,784,0,1.058099
oozes,3.716251,276.2976,526,0,1.176890
yucks,3.715582,357.2004,777,0,0.998488
bajus,3.715580,303.0708,634,0,1.113175
ivied,3.715569,342.5032,703,0,1.122030
gunky,3.715002,425.2289,922,0,1.017495
evoke,3.714777,312.1413,653,1,1.073434
likin,3.714130,373.8570,818,0,1.011663
musos,3.713887,373.6765,810,0,1.000648
cooks,3.713883,396.3477,850,0,1.013823
musts,3.713771,391.7879,853,0,0.999568
swads,3.713296,340.3918,722,0,1.080778
kadai,3.713138,322.7832,683,0,1.042981
nooks,3.713009,375.6004,814,0,1.023110
kopek,3.712379,298.2242,561,0,1.153780
agami,3.711892,328.6968,688,0,1.046868
barra,3.711889,363.1305,783,0,1.054428
jeely,3.711517,317.4717,646,0,1.136285
dully,3.711236,416.9741,896,1,1.019222
sushi,3.710245,358.6631,769,1,1.052484
nixie,3.709937,308.4410,636,0,1.169114
jingo,3.709912,357.6860,763,0,1.055940
knubs,3.709864,372.7702,803,0,0.976242
culch,3.709808,406.5689,869,0,1.004536
heugh,3.709601,340.2631,655,0,1.096112
xysti,3.709417,300.9473,655,0,1.085313
vills,3.708971,356.6968,761,0,1.010583
pomos,3.708913,408.4566,875,0,0.976242
kists,3.708657,351.1106,782,0,1.024838
gusts,3.708644,381.1503,835,0,1.002160
haggs,3.708611,321.7654,690,0,1.072138
scogs,3.708118,333.2972,740,0,1.045356
abask,3.707898,369.2168,807,0,1.023758
halal,3.707614,377.2479,831,0,1.009935
snows,3.707491,369.2289,817,0,1.042765
cycad,3.706789,344.9896,729,0,1.046652
halva,3.706655,352.1715,770,0,1.029158
jello,3.706445,289.4259,536,0,1.166739
cutch,3.706136,432.6734,920,0,1.012527
jukes,3.705935,298.5542,599,0,1.142981
thigh,3.705868,380.0626,835,1,1.028078
pogos,3.705847,383.5451,833,0,0.978402
jebel,3.705779,355.6108,772,0,1.034341
occam,3.705158,322.8298,625,0,1.079482
usurp,3.704848,335.1218,693,1,1.066523
wombs,3.704479,368.3598,797,0,0.989849
pujah,3.704385,337.4259,676,0,1.051620
gumbo,3.703959,411.0622,869,1,0.957667
oxims,3.703619,303.2626,630,0,1.073650
kirks,3.703503,298.8393,619,0,1.098056
moops,3.703432,407.6099,875,0,0.990497
goops,3.703297,384.3659,833,0,0.993089
gauzy,3.703140,341.4069,706,0,1.123974
quods,3.702890,338.5819,743,0,1.047948
gucks,3.702501,381.4138,819,0,0.971490
putty,3.702372,406.9646,881,1,1.018575
cacks,3.701842,355.4536,755,0,1.080562
tatts,3.701236,335.4216,732,0,1.107343
bumps,3.701146,397.9339,859,0,0.967171
offal,3.700993,300.6415,567,1,1.137581
seems,3.700932,359.1270,756,0,1.043844
aghas,3.700581,314.6510,690,0,1.030886
happi,3.700426,303.1227,602,0,1.091577
folly,3.699845,388.2907,835,1,1.067603
yapps,3.699775,321.5590,688,0,1.087257
mapau,3.699425,352.9326,760,0,1.004968
mahua,3.698759,344.4272,730,0,1.004752
clock,3.698666,380.6320,823,1,1.047516
gyoza,3.698218,314.4687,590,0,1.108855
yeses,3.698130,307.0639,659,0,1.050540
fjeld,3.696945,334.5352,659,0,1.125486
aways,3.696306,325.9261,716,0,1.038229
gaddi,3.696012,333.4009,667,0,1.085529
dazed,3.695848,296.2475,593,0,1.209935
lisks,3.695497,344.1024,746,0,1.013175
jupon,3.694767,365.1114,808,0,1.000432
enfix,3.694765,328.2562,572,0,1.154212
click,3.693613,396.6337,860,1,1.041037
pully,3.693517,422.9914,905,0,1.015551
baccy,3.692948,363.4587,774,0,1.108207
zings,3.692767,355.3317,770,0,1.027214
pyxed,3.692749,335.1201,672,0,1.093952
loppy,3.692601,356.0747,776,0,1.081425
bonny,3.691803,400.7598,874,0,1.069330
fluky,3.691068,406.7175,880,0,1.033045
shews,3.690913,361.4829,664,0,1.132181
shyly,3.690699,344.3693,751,1,1.120734
askos,3.690204,297.9305,574,0,1.110367
haugh,3.689896,346.2527,721,0,1.046004
wahoo,3.689795,324.5214,668,0,1.057451
agmas,3.689577,341.2091,726,0,1.007127
choom,3.689379,464.8687,984,0,0.940821
imaum,3.689199,287.9581,514,0,1.106911
juicy,3.689060,346.0989,776,1,1.075594
malwa,3.688378,372.2657,811,0,1.017279
gazar,3.688170,343.0337,740,0,1.072786
unban,3.688010,341.1097,682,0,1.044492
umiaq,3.687906,290.3771,514,0,1.118790
fanga,3.687773,384.5240,821,0,1.004536
pulus,3.687645,378.5067,812,0,1.014255
yecch,3.687031,330.3235,572,0,1.122030
babus,3.686905,310.6009,645,0,1.113175
kimbo,3.686772,345.4674,719,0,0.980346
polyp,3.686688,356.6397,776,1,1.028078
souks,3.686607,383.5054,844,0,1.036933
mauzy,3.686391,348.2069,721,0,1.121382
cynic,3.685899,356.9317,790,1,1.009287
rajah,3.685415,321.5408,681,1,1.083801
ponzu,3.685382,355.3369,797,0,1.015767
gings,3.684551,367.0726,788,0,1.036285
taffy,3.684080,325.9564,692,1,1.139741
moong,3.683842,447.9071,958,0,0.970842
padma,3.683783,390.2760,832,0,0.971706
keefs,3.683661,348.8695,721,0,1.009935
nanas,3.683633,334.6173,739,0,1.043844
finis,3.683346,380.7201,819,0,1.018359
boxty,3.683240,356.9516,772,0,1.099136
stums,3.682777,397.3421,853,0,1.034989
aboma,3.682459,348.7071,684,0,1.042549
skyey,3.682340,299.0415,592,0,1.225270
dweeb,3.682180,406.3745,855,0,0.957883
judos,3.681855,338.7382,734,0,1.023542
quids,3.681031,342.9188,755,0,1.041469
whomp,3.680923,418.4341,905,0,0.944924
jived,3.680627,341.0190,691,0,1.124190
inwit,3.680420,374.9197,824,0,1.009503
looky,3.679829,379.5201,822,0,1.060475
umphs,3.679061,388.4099,850,0,0.947948
fjord,3.678121,364.5430,782,1,1.053996
wifie,3.678109,340.0816,691,0,1.101512
swaps,3.677831,367.9952,770,0,1.066307
kasha,3.677084,351.4242,764,0,1.017711
kamas,3.676949,369.5745,805,0,1.001728
casas,3.676408,360.9948,793,0,1.021814
weize,3.675631,343.1832,757,0,1.058099
allay,3.675562,395.5901,846,1,1.064579
comms,3.675366,367.4112,787,0,1.018575
stiff,3.675229,358.7166,792,1,1.090281
jells,3.674413,302.8790,599,0,1.138229
alkyl,3.674400,361.0251,778,0,1.050756
jubas,3.673904,318.0151,634,0,1.083801
minny,3.673065,407.9460,884,0,1.040605
bucks,3.672608,407.9114,859,0,0.969762
naggy,3.671929,353.1970,735,0,1.123110
boohs,3.671791,393.9244,842,0,1.000864
desks,3.671751,320.8307,647,0,1.083369
scaff,3.671413,322.5844,688,0,1.109719
wolly,3.671395,389.3456,831,0,1.050540
vanda,3.671352,376.4013,807,0,0.988121
vichy,3.671176,369.3888,804,0,1.030886
mimsy,3.670941,367.8156,799,0,1.050756
quipo,3.670838,316.1006,648,0,1.055508
hully,3.670275,393.5927,843,0,1.014039
xerox,3.670275,267.5857,548,0,1.242117
dawah,3.670206,388.6717,848,0,0.960475
pulps,3.670176,380.0739,812,0,1.007343
boyos,3.669999,376.7382,803,0,0.993305
mohos,3.669974,396.3883,852,0,0.971706
quops,3.669949,361.2842,791,0,1.033477
azans,3.669730,332.8022,728,0,1.056587
busky,3.669522,403.1512,860,0,1.032397
sways,3.669198,338.7641,716,0,1.086825
doobs,3.669001,389.6462,817,0,0.982721
solos,3.668919,365.4190,792,0,1.037365
myoma,3.668359,331.4233,619,0,1.101512
humpy,3.668133,414.6026,894,0,0.977106
dhaba,3.668008,373.3343,806,0,0.971922
lalls,3.667107,336.0920,727,0,1.091145
beses,3.666353,358.7451,774,0,1.021814
bubas,3.666270,324.8955,645,0,1.105184
volva,3.665621,314.6043,604,0,1.145140
hafiz,3.665398,317.7594,645,0,1.061339
adaws,3.665126,337.7266,722,0,1.017495
kanji,3.665014,310.1058,633,0,1.111447
purpy,3.664807,376.3832,766,0,1.084017
asway,3.664153,334.9940,716,0,1.076890
idyll,3.664054,372.0263,801,1,0.985961
opepe,3.663873,325.1901,659,0,1.058963
riffs,3.663764,311.6842,622,0,1.084449
ginny,3.663674,432.3486,916,0,1.043197
kheth,3.663565,345.1711,619,0,1.128942
winns,3.663023,389.1391,833,0,1.006479
paddy,3.662872,375.2773,784,1,1.088121
expel,3.662458,349.8069,738,1,1.034989
geeky,3.662266,348.1775,701,1,1.058963
quich,3.662015,394.3270,860,0,1.012095
toffs,3.661895,337.5849,745,0,1.048380
chowk,3.661798,451.6229,953,0,0.975378
feyly,3.661266,329.4156,602,0,1.207127
noggs,3.661176,355.0371,763,0,1.031749
furry,3.660053,394.0860,833,1,1.044708
shwas,3.660036,366.9473,750,0,1.065875
alula,3.659765,368.9335,758,0,1.028294
vroom,3.659075,399.6834,853,0,1.002592
jowls,3.658545,332.3235,713,0,1.046004
hobos,3.658228,393.9961,842,0,0.960475
zizel,3.658130,288.0739,586,0,1.179698
cuppa,3.658045,362.3529,698,0,1.053132
civil,3.657461,406.6553,874,1,0.982073
canna,3.656678,391.1114,843,0,1.015335
humfs,3.656032,406.9533,869,0,0.929806
fuzed,3.655913,351.0769,702,0,1.084017
witty,3.655889,385.2471,825,1,1.025702
beefy,3.655853,366.4402,726,1,1.055076
nymph,3.655738,371.2592,799,1,0.926566
hoody,3.655518,416.7555,899,0,1.015767
busts,3.655185,398.5076,855,0,1.000432
skink,3.654633,380.8125,840,0,1.073650
duomo,3.654616,436.7866,935,0,0.920734
modii,3.654319,373.1045,799,0,0.994816
debud,3.653338,373.3317,709,0,1.060475
exome,3.652292,317.0622,670,0,1.069114
jauks,3.652251,323.2920,678,0,1.081210
spaws,3.652205,369.5737,770,0,1.064579
quips,3.651749,363.2479,798,0,1.026998
bacha,3.651555,382.1482,826,0,1.000216
caffs,3.651354,324.6942,688,0,1.071706
jerry,3.651347,309.7784,592,0,1.212743
myrrh,3.651292,374.8756,787,1,0.960259
wimpy,3.651085,407.4371,875,1,0.985745
vehme,3.650738,376.3901,814,0,0.982721
snugs,3.650411,413.8786,891,0,0.989201
jaded,3.650346,297.1235,590,0,1.200648
spook,3.649248,424.4592,909,1,0.992225
filly,3.649180,415.6661,877,1,1.039741
reeve,3.648874,383.1201,812,0,1.096760
stumm,3.648806,398.5387,853,0,1.036285
squaw,3.648759,321.9296,646,0,1.107991
loggy,3.648631,366.6942,781,0,1.069114
kebab,3.647934,308.8004,548,1,1.157883
emmet,3.647206,342.6320,718,0,1.033261
sudsy,3.647159,411.2134,890,0,1.055292
cacao,3.646798,347.4060,711,1,1.045140
maqui,3.646553,297.2376,514,0,1.119870
kulak,3.646452,340.8099,691,0,1.085529
takky,3.646401,324.2518,691,0,1.139093
juves,3.646073,311.6920,626,0,1.128078
gawky,3.645950,371.8095,786,1,1.060043
lahal,3.645081,381.2289,831,0,0.991793
eques,3.644977,322.7546,673,0,1.061771
burbs,3.644958,347.0173,690,0,1.066955
stott,3.644843,384.0039,841,0,1.078834
sills,3.644495,377.5158,819,0,1.015983
hasks,3.644242,361.7654,764,0,1.028078
fuzil,3.644003,378.9197,812,0,1.001080
annas,3.643597,347.7516,739,0,1.019438
lippy,3.643578,373.9235,801,0,1.053564
sniff,3.643452,372.8903,819,1,1.041901
whoso,3.643046,438.5922,923,0,0.956371
hijab,3.642920,309.0700,615,0,1.059611
glugs,3.642896,377.3292,794,0,1.001944
epees,3.642784,365.3594,771,0,1.015983
virid,3.642711,388.7391,814,0,1.012959
wicca,3.642529,341.6739,641,0,1.069762
quayd,3.642031,322.2769,684,0,1.080130
jougs,3.641974,358.5525,775,0,1.020734
slubb,3.641703,376.0739,823,0,1.025270
mezes,3.641472,344.7391,740,0,1.021166
xylic,3.640585,326.5413,710,0,1.019006
speks,3.639921,377.4337,696,0,1.109935
gowks,3.639493,381.6039,821,0,0.968683
simps,3.639192,409.4052,883,0,0.979050
yucca,3.638738,334.8998,651,0,1.063931
unpin,3.638638,386.5568,835,0,0.964579
swags,3.638397,362.9516,759,0,1.052052
spims,3.638112,408.1706,883,0,0.996760
convo,3.638034,441.8458,939,0,0.941685
naffs,3.637696,305.1624,647,0,1.080994
jivey,3.637552,308.6181,576,0,1.197624
gowfs,3.637505,377.1762,803,0,0.966523
ducky,3.637477,415.1218,895,0,0.984881
bwana,3.637390,389.1935,834,0,0.995680
skeds,3.637150,338.9205,647,0,1.112311
swoop,3.637102,431.6981,920,1,0.972786
bazar,3.636821,363.6886,774,0,1.071058
boong,3.636627,465.3784,978,0,0.971706
admix,3.636613,339.6575,641,0,1.060475
yeggs,3.636308,299.1538,553,0,1.125054
oggin,3.635591,371.2402,771,0,1.025486
tufts,3.635067,423.7145,903,0,0.957451
mikva,3.634502,353.8354,668,0,1.045572
fulls,3.633931,407.4924,853,0,0.970194
willy,3.633092,402.4670,850,1,1.022678
bhaji,3.633086,316.2916,615,0,1.100432
hight,3.632372,378.6242,835,0,0.994600
qapik,3.632198,335.2177,682,0,1.063067
cruck,3.632134,404.9343,842,0,1.033045
mongo,3.632022,453.7300,958,0,0.928942
yexes,3.631673,305.8743,648,0,1.051836
ummed,3.631665,346.5257,686,0,1.064795
xenon,3.631447,314.3832,579,0,1.139309
mawky,3.630630,379.9633,800,0,1.057451
cutup,3.630493,409.8484,869,0,0.965227
wakfs,3.630194,350.2501,737,0,1.021598
hutch,3.630120,437.0104,920,1,0.984665
abyss,3.629913,329.6989,683,1,1.039957
sojas,3.629460,310.3996,616,0,1.144924
level,3.629281,409.6220,860,1,0.984665
kliks,3.628640,347.1935,746,0,1.038445
kibbe,3.628500,324.6432,646,0,1.095248
deeds,3.628140,358.1050,728,0,1.020086
maggs,3.627036,346.1732,726,0,1.045356
malva,3.627001,399.6298,848,0,1.002376
emmer,3.626884,346.4402,712,0,1.097840
momus,3.626855,380.3503,810,0,1.005832
gutty,3.626849,422.9335,899,0,0.992873
cloff,3.626290,376.5076,814,0,1.005616
lichi,3.626205,355.7387,773,0,0.999784
palla,3.626034,407.4276,867,0,0.991361
kojis,3.625740,311.2082,663,0,1.043197
zooey,3.625378,311.8294,553,0,1.203024
kanga,3.625020,397.6894,841,0,0.977322
rubus,3.624978,352.9490,690,0,1.041901
adrad,3.624771,352.8073,728,0,1.044708
doomy,3.624522,465.4251,978,0,0.989633
ruddy,3.624343,384.3287,776,1,1.071490
sulks,3.624001,407.2488,867,0,0.994600
bocci,3.623925,362.6881,747,0,1.023974
appui,3.623844,311.3309,514,0,1.095248
jacal,3.623701,375.3361,822,0,1.028726
kitty,3.623515,377.7473,816,1,1.015551
zests,3.623019,310.2337,621,0,1.134341
zowee,3.622335,330.5844,723,0,1.072570
gully,3.622182,442.9888,928,1,0.989849
mneme,3.621967,361.5676,768,0,1.008855
ovoli,3.621818,339.1244,712,0,1.016631
dsomo,3.621228,385.4613,810,0,0.953564
sighs,3.621063,386.1983,840,0,0.990713
ribby,3.620931,343.5425,685,0,1.098920
flamm,3.620716,381.0415,815,0,1.053564
undid,3.620154,401.9486,855,1,0.976026
lupus,3.619804,383.6013,812,1,0.990929
lowly,3.619764,390.4013,831,1,1.033045
asana,3.619018,341.9495,739,0,1.050540
alaap,3.617251,398.0756,867,0,1.009503
socks,3.617185,393.1978,850,0,1.009503
zonks,3.617076,363.9875,791,0,1.008207
mekka,3.616260,312.3089,532,0,1.168467
krunk,3.616193,355.7801,750,0,1.045140
spews,3.616083,370.2631,696,0,1.100000
didie,3.615063,360.3227,722,0,1.104968
ended,3.614845,384.8186,781,0,0.998272
vivas,3.614001,301.8492,589,0,1.109935
bosom,3.613464,419.4752,878,1,0.954212
cliff,3.613463,400.0687,864,1,0.999136
howso,3.613197,436.7866,923,0,0.935421
memes,3.612927,356.0704,756,0,1.016847
duked,3.612899,355.1676,698,0,1.061555
tiffs,3.612437,363.7222,792,0,1.020518
skeps,3.612252,377.1944,696,0,1.097840
jests,3.611659,313.7819,621,0,1.134557
noddy,3.611655,394.2994,844,0,1.046220
ugged,3.611589,350.0842,690,0,1.061339
spoof,3.610312,405.4639,875,1,0.975594
bohos,3.609434,397.8916,842,0,0.972570
synds,3.608181,366.0929,802,0,0.981210
egger,3.607840,350.3823,725,0,1.094384
boysy,3.607501,370.3097,803,0,1.072570
swish,3.607478,426.3849,905,1,1.006911
rusks,3.607465,367.4717,731,0,1.012959
goody,3.607209,462.2510,970,1,0.991577
zacks,3.606712,350.2613,741,0,1.053564
guqin,3.606467,425.9002,906,0,0.984017
tooth,3.606299,465.9892,973,1,0.947732
cabby,3.606107,366.6415,774,1,1.086177
wulls,3.605705,398.7063,842,0,0.953132
midis,3.605466,389.6471,820,0,0.959827
dixie,3.605059,354.7806,719,0,1.107343
hussy,3.604844,425.5737,906,1,0.996112
piing,3.604704,449.8363,956,0,0.976026
peeps,3.604617,380.5525,771,0,1.012311
cacas,3.604598,371.6160,793,0,1.016631
azyms,3.604514,332.9119,683,0,1.043197
kibei,3.604388,332.6320,646,0,1.069546
quims,3.604381,368.4894,792,0,1.010151
blook,3.603519,441.5089,923,0,0.959611
booms,3.603153,424.5620,878,0,0.974514
dooks,3.603119,402.2674,848,0,0.961339
sweys,3.603112,340.6035,603,0,1.122246
poyou,3.602582,401.3749,867,0,0.943629
ozeki,3.602204,271.6419,439,0,1.190497
ummas,3.602039,328.3624,651,0,1.057235
wasps,3.601459,366.6156,770,0,1.012311
pussy,3.601317,450.2570,949,0,0.997624
muntu,3.601252,380.6847,817,0,0.975378
piccy,3.600969,412.4436,878,0,1.000432
cirri,3.600875,375.1045,810,0,0.991361
donko,3.600851,442.5559,941,0,0.914039
skags,3.598447,370.9352,780,0,1.048164
stots,3.598304,393.2557,841,0,1.031965
mzees,3.597034,355.2436,740,0,1.005184
knack,3.596888,378.7097,796,1,1.057667
bongo,3.596869,468.6622,978,1,0.929806
pixie,3.596838,353.3274,712,1,1.103672
umami,3.596544,300.2095,514,0,1.096976
oxeye,3.596097,283.0328,554,0,1.085313
gymps,3.595833,395.4043,838,0,0.916415
moody,3.595812,468.0505,978,1,0.988985
foods,3.594420,401.0985,831,0,0.971922
hooks,3.593612,422.0583,893,0,0.956156
klutz,3.593183,363.6229,774,0,0.982073
offed,3.593176,324.6743,607,0,1.106263
juror,3.592753,372.7063,801,1,1.015335
algal,3.592678,439.1166,900,0,0.959395
stubs,3.592376,403.7819,855,0,1.012095
zilla,3.592278,341.6212,660,0,1.084449
cohog,3.592241,442.4263,944,0,0.919870
jacks,3.592171,352.9620,742,0,1.053780
oddly,3.591726,367.3508,766,1,1.053564
dunny,3.591369,453.2238,956,0,0.987041
compo,3.591140,457.2825,961,0,0.901944
nduja,3.590750,328.1369,611,0,1.061339
bunns,3.589859,413.7689,868,0,0.971922
ficin,3.589563,444.1162,937,0,0.947300
squib,3.588179,361.7870,787,1,1.023974
hoofs,3.588035,413.5227,870,0,0.953996
unjam,3.586718,333.6367,658,0,1.038877
inbox,3.586172,359.5227,743,1,1.007775
coppy,3.586022,405.0924,871,0,1.018790
hippo,3.585942,359.1443,730,1,0.977754
skosh,3.585755,421.6816,893,0,1.009503
deffo,3.585599,330.2492,607,0,1.097840
pooks,3.585570,432.7339,909,0,0.957667
savvy,3.585113,348.8350,734,1,1.147948
quell,3.584823,353.8216,661,1,1.098056
happy,3.584128,369.0778,756,1,1.068467
shchi,3.583811,386.7555,820,0,1.034341
daggy,3.583745,398.1957,817,0,1.061339
sluff,3.581844,397.8147,853,0,1.004968
saags,3.581567,391.2160,850,0,1.024406
cusps,3.580929,438.1559,924,0,0.926134
sicks,3.580663,406.9819,871,0,0.981641
swees,3.580549,396.6881,818,0,1.010151
durum,3.580422,409.2160,838,0,0.973650
fiscs,3.580150,392.3728,837,0,0.960259
ebbet,3.579859,364.7028,757,0,1.014255
attap,3.579509,394.5827,820,0,0.948596
smogs,3.579500,396.0168,854,0,0.980130
fatwa,3.579300,378.3270,789,0,0.992225
bezes,3.579254,360.0099,760,0,1.022030
gobos,3.579147,415.1305,856,0,0.936285
zurfs,3.578570,354.5620,705,0,1.021814
ungag,3.578363,354.2881,683,0,1.041685
bumph,3.578205,452.9594,953,0,0.886177
scuds,3.578192,390.6311,834,0,0.963715
appuy,3.578176,358.5715,690,0,1.072138
wicky,3.577909,402.0687,852,0,0.988337
kapok,3.577572,332.7123,654,0,1.055508
yomim,3.576811,350.5231,738,0,0.996976
oozed,3.575565,347.1719,673,0,1.087473
cobbs,3.575099,369.5952,778,0,0.994816
hexed,3.575044,395.3430,831,0,0.959611
execs,3.574995,347.5149,667,0,1.030022
woods,3.574074,428.2380,877,0,0.954860
araba,3.573841,366.1490,783,0,1.042981
funky,3.573581,438.9024,927,1,0.981857
butty,3.573535,436.7400,912,0,0.991145
morro,3.573429,437.6333,910,0,0.944924
lezza,3.573191,281.3317,509,0,1.235637
fucks,3.572967,433.0674,894,0,0.935853
fugue,3.571995,378.4644,732,1,1.065875
klick,3.571327,402.0695,860,0,1.002592
macaw,3.570837,409.3352,871,1,0.938445
wowee,3.570597,339.2644,733,0,1.074730
wadds,3.570142,351.7188,722,0,1.025702
booze,3.569233,359.8631,698,1,1.123542
poofs,3.568958,415.1348,875,0,0.955508
punny,3.568422,450.9093,951,0,0.983369
verve,3.567978,380.8583,812,1,1.080346
etwee,3.567879,372.5983,784,0,1.026134
tuque,3.567661,328.6950,654,0,1.136069
kusso,3.567061,404.6665,844,0,0.953564
fusts,3.567037,429.7611,903,0,0.966523
moobs,3.566829,426.5654,878,0,0.950756
papal,3.566584,410.8695,867,1,0.999784
vexer,3.566370,389.8190,800,0,1.076674
zambo,3.566197,347.7499,676,0,1.039741
snubs,3.565703,408.4644,868,0,0.963715
ebook,3.565300,373.3611,647,0,1.074082
womby,3.565187,436.5438,918,0,0.973866
dawds,3.564968,350.3996,722,0,1.021166
byded,3.564321,370.8549,705,0,1.064147
zobus,3.564219,374.2164,793,0,0.984233
orzos,3.563287,337.5555,701,0,1.039525
gnawn,3.562694,407.5832,835,0,0.987041
goopy,3.562692,451.0017,947,0,0.977106
idiom,3.562432,378.4739,799,1,0.965443
hunch,3.562242,450.9352,945,1,0.940173
bidis,3.562223,400.8497,829,0,0.960691
mihis,3.561958,398.1775,850,0,0.949460
yawny,3.561210,365.5356,758,0,1.084665
skulk,3.560639,409.0717,867,1,1.007775
kumys,3.560286,405.2955,856,0,0.926566
suses,3.560169,343.2238,673,0,1.133477
bully,3.559038,463.5944,955,1,0.988121
quoif,3.558693,345.5711,723,0,1.007127
masks,3.558646,386.1767,805,0,1.001296
jewel,3.558523,376.6052,792,1,0.996112
hygge,3.558180,329.9305,632,0,1.071922
levee,3.557849,410.5715,860,0,1.042549
vacua,3.557832,372.9879,771,0,0.966523
scups,3.557603,440.7132,924,0,0.949244
boody,3.556868,481.2177,992,0,0.989849
jewie,3.556261,346.7063,752,0,1.019006
mucky,3.556078,456.0445,949,1,0.952916
mambo,3.556065,355.2626,684,1,1.047084
skegs,3.555976,361.3620,672,0,1.083585
kaval,3.555371,427.3637,896,0,0.973650
vibex,3.555350,364.6095,718,0,1.066955
wasms,3.554849,375.3283,778,0,0.995464
bumpy,3.554573,463.1952,965,0,0.951188
quack,3.554521,382.4212,782,1,1.052052
lobby,3.554405,388.3425,818,1,1.041469
juked,3.553559,351.2125,689,0,1.053564
titis,3.553201,412.3477,879,0,0.976242
peggy,3.552606,374.0600,681,0,1.107775
tatty,3.552552,374.3253,771,1,1.091361
wryly,3.551500,334.9110,659,1,1.100864
skees,3.551453,393.1019,812,0,1.006263
pyxis,3.550989,379.9564,805,0,0.972138
punji,3.550098,387.5028,824,0,0.979266
exude,3.549812,375.8890,786,0,0.990065
jeeps,3.549639,372.2527,756,0,0.997624
konks,3.549343,380.9594,814,0,0.996760
ataxy,3.549303,356.0600,758,0,1.069546
smews,3.548303,368.5983,680,0,1.074298
griff,3.548283,395.8726,816,0,1.013175
bilby,3.547557,396.8955,831,0,1.043844
tusks,3.547084,427.9737,905,0,0.949028
blubs,3.546800,398.0479,823,0,0.988985
braza,3.546502,370.9006,774,0,1.064147
cooky,3.545680,451.6635,951,0,0.997840
llama,3.545608,434.1568,908,1,0.958531
kecks,3.545544,332.7330,638,0,1.092225
zingy,3.545278,430.5352,903,0,1.011231
sunks,3.545177,444.4402,938,0,0.958099
dekko,3.545169,321.6739,575,0,1.097192
mussy,3.544865,455.5987,949,0,0.969330
yesks,3.544541,328.3676,592,0,1.080994
kurus,3.544298,370.1732,731,0,1.018359
hoggs,3.544121,389.4942,822,0,0.964795
qophs,3.543972,380.2484,820,0,0.974946
baddy,3.543743,412.0816,833,0,1.060691
flava,3.543659,425.7948,885,0,0.989201
gonof,3.543386,486.2864,1001,0,0.896544
sagas,3.543278,397.4881,850,0,0.991361
unzip,3.543025,382.2475,817,1,0.953564
jambo,3.542542,348.3011,675,0,1.039957
kondo,3.542451,446.2035,941,0,0.897408
nawab,3.542407,391.8734,834,0,0.946220
adzed,3.541769,319.2307,593,0,1.155076
choof,3.541705,490.2259,1009,0,0.898056
gucky,3.540077,435.9685,917,0,0.955508
upbow,3.539913,391.0294,834,0,0.901512
quonk,3.539877,420.9378,901,0,0.987041
yechy,3.539676,334.8505,572,0,1.143844
samas,3.539236,412.0575,875,0,0.989201
smush,3.539010,478.8920,987,0,0.946652
hammy,3.538927,392.2328,797,0,1.052268
gussy,3.538482,441.6125,924,0,0.971922
fudgy,3.538214,486.5940,1000,0,0.937149
alapa,3.537875,405.9227,867,0,0.986825
swabs,3.537803,378.1300,777,0,1.026566
towzy,3.537736,384.2743,816,0,1.038877
kanzu,3.537504,338.0004,685,0,1.034557
blaff,3.537249,403.6868,845,0,1.037581
kacks,3.536439,363.2747,755,0,1.042117
seeks,3.536189,403.7637,812,0,0.999568
scows,3.535755,397.2790,841,0,0.988553
icing,3.535175,418.0911,893,1,0.961771
jinks,3.535069,391.3611,827,0,0.980562
doxed,3.535055,356.5292,677,0,1.103672
nooky,3.534620,434.4955,915,0,1.007127
woops,3.534546,445.6004,920,0,0.940389
wuxia,3.532505,331.6635,596,0,1.077970
briki,3.532189,381.1261,785,0,1.010367
dsobo,3.532083,399.5780,817,0,0.930670
chack,3.532005,449.6108,890,0,1.034557
commy,3.531967,433.9728,910,0,1.002592
plaza,3.531962,406.2415,855,1,0.995680
gappy,3.531920,397.1503,805,0,1.044276
yoofs,3.531165,396.7978,829,0,0.956803
kissy,3.530768,401.7603,849,0,0.994600
cacky,3.530503,409.5287,836,0,1.064579
batta,3.530382,423.4510,871,0,0.966955
assai,3.530127,328.6225,631,0,1.027862
shows,3.529923,443.0397,923,0,0.981210
hough,3.529126,429.7715,906,0,0.938661
emcee,3.529117,391.6523,835,1,0.974514
imido,3.528739,391.3827,799,0,0.959179
skyrs,3.528688,367.6782,725,0,1.023974
coomb,3.526977,486.7521,1005,0,0.901080
gazal,3.525864,423.4328,886,0,0.979050
psyop,3.525104,387.4587,801,0,0.968251
dozed,3.524783,354.7693,673,0,1.102592
finny,3.524758,453.1581,941,0,1.007559
pomps,3.524537,421.2505,875,0,0.958531
cocks,3.523996,411.8726,850,0,0.973218
chook,3.523887,506.6743,1031,0,0.914687
whiss,3.522334,435.0527,905,0,0.945140
bijou,3.520933,340.6527,690,0,1.004968
basks,3.520018,393.0924,807,0,1.002160
janns,3.519699,348.2285,724,0,1.055940
smoko,3.519505,438.6847,920,0,0.938013
panax,3.519136,399.8328,844,0,0.958963
rummy,3.518710,402.5758,782,0,1.037149
ruggy,3.518609,405.1123,790,0,1.041037
gisms,3.518270,417.6056,864,0,0.912959
uncus,3.518236,375.1305,784,0,0.958963
gibli,3.517975,437.7689,910,0,0.922462
toffy,3.517620,385.4734,817,0,1.032397
kamik,3.517184,359.7948,715,0,1.029806
daffs,3.516576,338.7382,693,0,1.019222
poboy,3.516085,466.8428,968,0,0.946004
aback,3.515873,444.3832,925,1,0.946220
gippo,3.514985,394.4108,781,0,0.953564
wakas,3.514561,400.8981,842,0,0.959827
luffa,3.513849,360.4920,683,0,1.045356
cocoa,3.513241,390.8626,711,1,1.034341
pulpy,3.512913,439.3680,905,1,0.991361
bumfs,3.512427,438.5257,892,0,0.903888
zaida,3.511990,366.0013,747,0,0.999568
zouks,3.511088,388.5309,824,0,0.973650
hazan,3.510854,392.5974,834,0,0.955292
mooks,3.510385,448.1335,920,0,0.929374
nippy,3.509947,412.9974,867,0,1.000216
khoja,3.509931,351.5564,633,0,1.048380
whish,3.509196,434.9689,905,0,0.967387
jambs,3.508676,356.6855,735,0,1.011447
lolls,3.508635,379.4259,792,0,0.983801
lavvy,3.508333,380.8393,789,0,1.100864
queme,3.508111,387.9832,815,0,0.984449
galax,3.508062,421.1952,882,0,0.969762
hamba,3.506403,426.0419,877,0,0.913175
vughs,3.505761,419.5564,869,0,0.899784
goofs,3.505481,429.8415,876,0,0.929806
ghyll,3.505423,435.6842,916,0,0.884233
gooks,3.505349,432.7866,893,0,0.931965
haffs,3.505337,353.5685,722,0,1.014039
hoghs,3.504662,391.0441,822,0,0.954428
jhala,3.504638,382.5093,814,0,0.998488
onion,3.504165,418.3063,868,1,0.949460
sadza,3.504158,367.6773,783,0,1.013607
spuds,3.504041,448.1464,938,0,0.924190
scums,3.503725,447.0458,926,0,0.932397
added,3.502644,327.7153,600,0,1.153780
bobak,3.502507,375.8043,701,0,1.055508
poddy,3.502485,452.3944,939,0,0.980778
jalap,3.502296,403.5140,851,0,0.975162
dumky,3.502017,477.3015,986,0,0.921166
bulbs,3.502002,403.9624,823,0,0.974298
mucic,3.501821,430.0298,883,0,0.915335
kawas,3.501763,401.4078,842,0,0.949244
voulu,3.501384,393.8942,840,0,0.972786
ovoid,3.501296,427.1443,879,1,0.918790
dzhos,3.500927,356.2536,751,0,0.958963
khazi,3.500636,343.6238,651,0,1.046652
avgas,3.500268,388.0963,788,0,0.944708
skegg,3.500157,363.9313,672,0,1.084665
zygon,3.499647,419.1495,874,0,0.929806
jagra,3.498792,366.4151,738,0,1.026566
kacha,3.498654,430.9214,890,0,0.939093
myxos,3.497936,384.5905,794,0,0.949460
lusks,3.497646,422.0350,867,0,0.927646
issei,3.497100,308.6225,581,0,1.101728
fuzee,3.497078,395.8259,838,0,0.990281
kombu,3.495355,424.4324,893,0,0.902592
dohyo,3.494965,428.4436,899,0,0.893737
iambi,3.494557,354.4963,684,0,1.009935
chaff,3.494536,421.7793,847,1,0.992657
cubic,3.494522,428.4151,885,1,0.921814
sowps,3.494514,438.9819,920,0,0.954428
cusum,3.494436,451.7706,926,0,0.913607
gammy,3.493067,425.6955,852,0,1.028078
embox,3.493063,366.0324,608,0,1.073218
favas,3.491312,399.6281,825,0,0.961987
spiks,3.491147,453.3948,939,0,0.952484
typps,3.489940,391.3257,823,0,0.952916
stymy,3.487834,389.0639,807,0,1.059179
scugs,3.487810,424.4721,883,0,0.934989
noons,3.487696,430.0661,884,0,0.963283
jowly,3.487380,396.2259,824,0,1.030022
ozzie,3.486680,281.5866,455,0,1.178834
yacka,3.486462,403.2376,836,0,0.958315
abamp,3.485663,429.7629,898,0,0.913175
fezes,3.485152,379.7940,784,0,0.988121
guava,3.484916,409.4441,828,1,0.939093
nying,3.484888,437.7715,916,0,0.945356
jouks,3.484525,397.3827,836,0,0.973866
swops,3.484441,444.9361,920,0,0.950756
unmix,3.484322,409.2004,856,0,0.934125
scoff,3.484284,380.0333,800,1,0.994168
boogy,3.484217,494.1205,1004,0,0.961123
fifth,3.484034,437.6454,901,1,0.959179
gemmy,3.484006,396.7123,682,0,1.078186
spifs,3.483094,441.2523,924,0,0.950324
gunny,3.482909,508.7521,1026,0,0.957667
hakam,3.482904,435.4596,909,0,0.899784
ummah,3.482753,381.5754,730,0,0.976242
bindi,3.481299,468.7201,970,0,0.920518
skids,3.481248,411.6367,877,0,0.954860
jolls,3.480311,377.4916,779,0,0.980778
immew,3.479608,350.3486,635,0,1.049244
dadas,3.479116,384.3063,795,0,0.968251
gizmo,3.478864,409.8717,808,0,0.941685
cluck,3.478325,474.8436,961,1,0.937149
laxly,3.478243,403.2756,831,0,1.069546
malax,3.477795,427.7810,891,0,0.967171
mofos,3.477579,442.2173,897,0,0.900864
kinks,3.477302,401.7404,840,0,0.968898
pimps,3.477125,431.5348,883,0,0.930670
wexes,3.476842,392.8324,807,0,0.972138
coffs,3.476347,387.2091,800,0,0.964363
imids,3.476054,398.5732,820,0,0.930670
whews,3.475702,378.9387,664,0,1.071058
uvula,3.475539,367.3015,702,0,1.029158
zoons,3.475154,416.8773,861,0,0.971058
khaya,3.474966,400.5516,833,0,0.939957
ruffs,3.474295,375.0484,724,0,0.998920
shivs,3.474244,445.1693,929,0,0.959827
potto,3.473399,463.2419,950,0,0.885745
biccy,3.472593,428.4505,889,0,0.973002
combo,3.470719,493.0605,1005,0,0.862203
bambi,3.470691,363.5019,684,0,1.039957
nanua,3.470640,376.7080,765,0,0.962851
yexed,3.469797,394.8056,798,0,0.962419
livid,3.469661,457.8415,928,1,0.916415
oomph,3.469219,481.4527,986,0,0.855724
boomy,3.469039,504.2579,1019,0,0.958531
check,3.469033,435.8138,754,1,1.069978
jetty,3.467381,356.2467,605,1,1.125270
buffe,3.466568,389.8225,747,0,1.040389
choko,3.465905,513.5754,1031,0,0.886177
tufty,3.465655,466.3987,956,0,0.941469
debby,3.464987,399.5097,705,0,1.083801
books,3.464872,460.3676,927,0,0.930238
ixias,3.464788,326.9775,621,0,1.065875
hollo,3.464729,445.9451,920,0,0.881210
zabra,3.464146,386.9240,774,0,1.009935
tappa,3.463931,399.9685,820,0,0.965227
skips,3.463280,453.2920,939,0,0.940389
ragga,3.462584,384.0410,753,0,1.016847
massa,3.462444,427.3983,875,0,0.945140
enzym,3.462059,349.7188,616,0,1.064147
tummy,3.461652,439.3525,900,0,0.973218
fifty,3.461650,413.5158,845,1,1.024190
koppa,3.461490,365.9659,654,0,1.021814
linin,3.461184,438.3823,901,0,0.951836
unbox,3.460850,413.6238,859,0,0.925486
khaki,3.460780,354.0151,660,1,1.039093
lills,3.460187,398.3961,819,0,0.955940
bajra,3.459742,383.9970,768,0,1.031533
fujis,3.458572,400.2553,821,0,0.957019
ciggy,3.458561,419.9443,878,0,0.978618
mumsy,3.457076,463.0268,949,0,0.965227
stuff,3.456565,437.3637,903,1,0.986393
sists,3.455436,417.1114,879,0,1.012311
fully,3.455132,487.7084,981,1,0.954212
sijos,3.454928,362.3140,741,0,1.008423
meffs,3.454926,356.7641,662,0,1.037365
zills,3.454575,391.7508,801,0,0.952700
innit,3.453862,439.2298,911,0,0.950108
furzy,3.453572,416.1438,817,0,1.031317
skunk,3.453267,451.2488,938,1,0.969762
ottos,3.453160,410.7857,841,0,0.931533
yaffs,3.450857,350.7339,706,0,1.016847
ewked,3.450669,431.0536,855,0,0.908855
swigs,3.450139,444.2199,918,0,0.930022
kyaks,3.449858,365.3352,739,0,1.022246
azuki,3.449784,334.4350,525,0,1.052700
jelly,3.449331,370.1404,646,1,1.122246
kebob,3.449121,347.8121,604,0,1.049244
foody,3.448677,497.0268,1009,0,0.955940
sowms,3.448336,451.1840,935,0,0.937581
shash,3.447645,420.3641,827,0,1.066739
spaza,3.447476,416.7287,853,0,1.000864
quoll,3.446862,424.3339,890,0,0.947084
yowza,3.446541,351.0631,627,0,1.047732
byssi,3.446445,393.6704,795,0,0.940821
grrrl,3.445881,386.7659,801,0,0.955292
nyaff,3.445313,363.9270,747,0,0.992225
malam,3.444967,442.1378,908,0,0.958531
mokos,3.444537,451.9840,920,0,0.895896
kexes,3.444446,385.4363,800,0,0.961987
highs,3.444437,406.3857,840,0,0.926566
kabob,3.444295,367.3680,701,0,0.999136
whump,3.444242,483.4138,989,0,0.834557
gooby,3.444086,495.9667,1004,0,0.937365
kvell,3.443770,412.5283,765,0,1.002160
japan,3.443518,406.6976,844,0,0.937149
plump,3.443384,467.8259,953,1,0.892009
masas,3.441994,425.5840,875,0,0.937365
disks,3.441455,424.5058,877,0,0.898056
bunny,3.440731,490.4825,998,1,0.955940
faddy,3.440644,428.7650,849,0,1.026782
kavas,3.439672,423.1624,869,0,0.934773
amass,3.438971,426.2449,875,1,0.938013
kukri,3.438354,347.5909,675,0,1.007991
appal,3.438154,432.7227,867,0,0.947084
wojus,3.437657,402.4981,835,0,0.954860
assay,3.437651,391.1227,797,1,1.004752
baggy,3.437078,434.8678,862,1,1.030238
cobby,3.436585,434.0860,904,0,0.978834
dodgy,3.436130,479.6747,970,1,0.955724
swims,3.435824,438.5266,908,0,0.927430
xebec,3.435595,412.1162,845,0,0.920950
jills,3.435248,393.7551,802,0,0.952916
zebec,3.435240,410.1205,842,0,0.920734
kokam,3.435174,366.9784,696,0,1.010799
gaffs,3.434977,370.6467,746,0,0.989849
kilim,3.434646,442.2268,911,0,0.890713
emmys,3.434134,346.1793,580,0,1.077322
gamba,3.433719,463.3438,930,0,0.888985
yampy,3.433302,421.3352,843,0,1.020518
poofy,3.432876,483.2246,990,0,0.939525
jefes,3.432499,381.9244,783,0,0.962635
papas,3.430413,421.1201,865,0,0.960907
hatha,3.429336,409.3205,840,0,0.968898
vakas,3.428086,423.6540,869,0,0.931749
sumps,3.427882,507.9849,1023,0,0.893521
quaky,3.427739,369.4726,745,0,1.071922
ibrik,3.425701,394.4531,785,0,0.948164
woody,3.425437,515.8873,1031,1,0.938877
sughs,3.424136,471.1546,964,0,0.905184
kloof,3.423720,462.1430,939,0,0.881857
vulva,3.422744,374.1456,702,0,1.031749
hoppy,3.422460,437.1754,899,0,0.961123
yolky,3.421623,399.8674,822,0,1.014255
quill,3.421177,428.8013,892,1,0.940605
spugs,3.420688,489.1235,993,0,0.895464
jaaps,3.420470,405.3698,848,0,0.975594
rubby,3.420402,416.9888,803,0,1.013391
snuff,3.420143,434.1283,895,1,0.938013
pikis,3.419334,458.9922,939,0,0.901944
deedy,3.418701,426.4281,810,0,1.004104
manna,3.418146,449.7775,907,0,0.930886
knock,3.417121,453.8916,935,1,0.942117
kippa,3.415498,386.2665,690,0,0.993952
tuffs,3.414342,437.1927,903,0,0.934989
dippy,3.414162,480.8773,970,0,0.938445
jocks,3.413864,411.5071,839,0,0.946436
doggy,3.413506,479.4985,970,0,0.953996
jacky,3.413221,410.4756,827,0,1.037797
niffs,3.412831,401.2117,819,0,0.945788
nobby,3.412302,423.9616,874,0,0.988121
miggs,3.411689,431.4207,864,0,0.910151
skaws,3.411622,428.2328,842,0,0.991361
vigil,3.410714,485.8406,972,1,0.888553
hikoi,3.408455,386.5266,785,0,0.913175
aquas,3.407547,370.5283,742,0,0.979698
waddy,3.406546,435.4795,854,0,1.009719
hooky,3.406530,473.8700,968,0,0.940173
eeven,3.406275,438.1361,882,0,0.933261
skims,3.405815,443.7179,915,0,0.923542
mosks,3.405112,451.4812,920,0,0.893952
kutus,3.404798,439.3732,905,0,0.933693
nudzh,3.404243,442.3996,909,0,0.872354
gliff,3.404168,474.3322,959,0,0.917279
impis,3.403730,436.1179,883,0,0.894600
dibbs,3.402856,412.6052,829,0,0.914471
yeuky,3.401703,359.9071,605,0,1.100648
lazzo,3.401325,326.5032,628,0,1.082289
hushy,3.401146,441.9305,906,0,0.965227
quass,3.400855,378.7434,742,0,1.025702
zaman,3.399959,437.6549,894,0,0.916847
dyked,3.398843,385.1641,705,0,1.009071
baiza,3.397498,397.5330,783,0,0.981210
accas,3.397244,392.9732,793,0,0.947300
motto,3.396828,493.4181,986,1,0.857451
nohow,3.396585,476.6225,959,0,0.878186
kyack,3.396491,412.6968,836,0,0.986393
skogs,3.396001,431.3516,893,0,0.932613
gabby,3.395878,436.3737,862,0,1.004320
spivs,3.395739,468.2371,958,0,0.927646
inion,3.395248,429.1927,868,0,0.947948
kylix,3.394664,409.5149,838,0,0.912095
vigia,3.394456,427.0268,750,0,0.981425
lummy,3.394454,461.4501,920,0,0.951836
izzat,3.393034,336.4125,639,0,1.075378
bokos,3.392587,463.7006,927,0,0.896760
pewee,3.390722,477.2626,969,0,0.938229
dowds,3.390634,438.1914,877,0,0.913823
totty,3.390600,441.8363,907,0,0.984017
spiff,3.389730,446.4428,924,0,0.948164
matza,3.388886,423.7499,850,0,0.955508
wigga,3.388027,408.0212,708,0,0.991793
unwon,3.387617,440.1715,895,0,0.897624
cuddy,3.387105,483.8492,982,0,0.923542
shoos,3.387002,487.8976,986,0,0.920518
fussy,3.386642,484.8877,979,1,0.936285
quick,3.386519,460.2112,938,1,0.930022
pommy,3.385858,491.5875,984,0,0.946436
woopy,3.385768,508.7287,1017,0,0.924406
mugga,3.384308,451.1970,789,0,0.956371
zitis,3.384046,410.4765,856,0,0.959827
hahas,3.383910,400.4721,827,0,0.948812
pudus,3.383310,467.2186,938,0,0.886177
rurus,3.383137,412.6173,803,0,0.949460
apoop,3.382497,409.1711,729,0,0.969762
zooty,3.382110,440.2838,890,0,0.996328
afara,3.381759,398.3901,800,0,0.988769
mucus,3.381710,468.1551,926,1,0.887473
sassy,3.381028,398.7633,797,1,1.117279
daffy,3.380657,430.5153,849,0,1.003240
sucks,3.380503,504.6734,1009,0,0.896112
vinic,3.379886,478.6864,966,0,0.898704
hippy,3.379777,453.5754,915,1,0.933261
kobos,3.379362,463.9909,927,0,0.873434
stoss,3.379191,413.6065,841,0,1.038877
baffs,3.378813,383.7110,761,0,0.988121
muzak,3.378433,431.5011,813,0,0.946436
mixup,3.378125,456.8186,928,0,0.870194
wisps,3.377972,458.3676,928,0,0.877106
nakfa,3.376547,428.0099,860,0,0.904536
zinky,3.375457,451.3292,926,0,0.964363
zooid,3.375095,454.0730,915,0,0.918359
widow,3.375059,430.2674,863,1,0.923758
skews,3.374770,422.8920,738,0,1.026782
tubby,3.373161,451.1780,912,0,0.949460
navvy,3.373024,394.9136,773,0,1.047516
limbi,3.372987,437.5572,892,0,0.886825
goofy,3.372803,513.7447,1026,1,0.913823
zakat,3.372602,423.8346,880,0,0.941901
bivia,3.372412,423.6367,740,0,0.991361
walla,3.371243,473.7715,946,0,0.912959
kotow,3.370028,469.3758,940,0,0.870626
cusks,3.369787,510.8886,1009,0,0.865011
nuddy,3.368964,476.9836,956,0,0.932829
hoosh,3.368579,491.0328,986,0,0.916199
gumma,3.367945,451.7637,789,0,0.955076
shahs,3.367124,424.2717,827,0,1.013607
subby,3.366560,460.9940,940,0,0.975162
middy,3.366220,498.0108,988,0,0.924622
divis,3.365721,455.3240,902,0,0.890713
bwazi,3.364649,378.2855,695,0,1.006263
giddy,3.363647,510.5525,1007,1,0.927214
whoop,3.362901,529.5425,1045,1,0.830022
laval,3.362791,494.7978,982,0,0.901080
kiddo,3.362171,420.4851,820,0,0.908855
dykey,3.362140,384.4229,705,0,1.062203
dadah,3.361680,455.6851,927,0,0.887257
cocos,3.360459,461.1089,914,0,0.902592
soops,3.360456,499.1961,1004,0,0.917711
filmi,3.360156,467.9607,937,0,0.891793
smugs,3.359819,505.4467,1007,0,0.869762
bajan,3.359704,449.8683,910,0,0.924190
vexes,3.359452,420.7348,842,0,0.944060
bosks,3.358981,461.7447,927,0,0.894816
lolog,3.358633,497.3810,989,0,0.841037
cocky,3.358459,472.6173,951,0,0.957235
wussy,3.358201,484.2069,979,0,0.919222
pooja,3.356555,417.3343,720,0,1.002376
cezve,3.355303,457.3490,924,0,0.928078
doffs,3.354239,414.7788,831,0,0.911879
audad,3.354207,444.5197,846,0,0.897408
luffs,3.351812,429.2497,853,0,0.913607
moppy,3.351677,493.2618,984,0,0.934341
jesus,3.351434,366.2855,664,0,1.031533
chock,3.350895,526.0341,1031,1,0.919006
zamia,3.350824,408.1905,775,0,0.943413
khaph,3.350718,445.9210,865,0,0.935637
janny,3.350461,420.7978,826,0,1.039957
biggs,3.349520,437.6263,862,0,0.911015
bombs,3.349463,440.5559,878,0,0.925486
vughy,3.348303,481.8786,968,0,0.883801
bimbo,3.347959,427.1425,822,0,0.926134
vutty,3.347850,470.6726,946,0,0.912095
ninon,3.347393,435.0207,868,0,0.946004
gazoo,3.346376,398.9102,752,0,0.961987
allyl,3.346245,426.6078,846,0,0.985097
mahwa,3.345902,453.4518,900,0,0.878834
gungy,3.345791,519.8803,1026,0,0.934773
titty,3.345526,458.7728,926,0,0.956156
swobs,3.344522,465.3749,937,0,0.911015
mamas,3.343979,436.8436,875,0,0.933261
poovy,3.342728,521.4803,1035,0,0.916847
junks,3.339911,462.2017,928,0,0.895032
gooky,3.339418,504.4048,1012,0,0.915983
faggy,3.339019,452.9274,875,0,0.996328
woofs,3.338706,496.8048,967,0,0.877106
cuppy,3.338378,502.6268,1005,0,0.905400
gruff,3.338302,465.8199,919,1,0.909287
jagas,3.337993,412.6432,833,0,0.928294
wexed,3.337678,496.8808,968,0,0.882721
dixit,3.335890,485.4086,973,0,0.902376
fedex,3.335356,478.9793,940,0,0.889633
funny,3.335268,512.7210,1022,1,0.922030
piggy,3.334356,494.1698,981,1,0.922462
jesse,3.333299,434.8350,881,0,0.937149
ewhow,3.331879,377.8562,632,0,1.053564
chick,3.328464,533.3102,1042,1,0.912527
biddy,3.328443,514.8937,1009,1,0.925486
jenny,3.327206,398.6026,663,0,1.090065
syphs,3.325616,494.8946,990,0,0.870626
hypha,3.324464,408.2734,756,0,0.938229
unfix,3.323028,446.0721,898,0,0.887041
nanny,3.322251,427.8553,836,1,1.031965
yucch,3.322152,510.0799,1009,0,0.851188
boofy,3.320870,532.0436,1046,0,0.912095
gobbi,3.320753,430.8540,836,0,0.920086
vivda,3.320625,410.9093,708,0,0.988553
ninja,3.320096,392.1369,686,1,1.017279
jotty,3.318739,448.7685,902,0,0.967819
pipit,3.318652,500.9974,997,0,0.892657
leeze,3.318396,437.6471,879,0,0.956587
dobby,3.317975,500.0333,992,0,0.926350
lolly,3.316577,456.4419,916,0,0.967819
whows,3.315815,466.0678,923,0,0.920086
wynns,3.315644,464.3270,919,0,0.868467
femmy,3.315469,430.7149,704,0,1.042549
gippy,3.314061,496.7633,981,0,0.909071
moggy,3.313150,504.8557,994,0,0.922030
kicks,3.313017,436.2760,871,0,0.906911
potoo,3.312977,480.8730,950,0,0.884233
boppy,3.312664,483.4881,968,0,0.935205
dewed,3.312660,509.4786,981,0,0.875810
sooms,3.311668,514.0592,1020,0,0.900864
axman,3.311402,456.3322,887,0,0.884881
bunjy,3.311178,498.4255,991,0,0.928726
zombi,3.310352,418.9032,809,0,0.911015
assam,3.309546,447.0587,875,0,0.883801
cuffo,3.309063,469.8190,923,0,0.879482
which,3.309004,520.8790,1023,1,0.889849
kvass,3.308684,447.1849,869,0,0.929806
lazzi,3.307899,344.1387,660,0,1.060907
zimbs,3.307458,424.6026,841,0,0.876026
edged,3.305031,480.0488,920,0,0.874082
falaj,3.304267,466.5257,933,0,0.928078
deeve,3.303421,521.9192,1024,0,0.896328
sexes,3.303371,438.7952,885,0,0.949460
bisks,3.302893,468.6164,925,0,0.866955
kinky,3.301986,467.1935,943,1,0.952916
buxom,3.301326,500.2484,981,1,0.865875
shojo,3.300483,485.0164,972,0,0.908855
humus,3.300247,503.5719,987,1,0.850540
diffs,3.299978,445.0354,874,0,0.884017
ganja,3.299949,465.3084,910,0,0.906263
hewgh,3.299020,441.9227,801,0,0.952484
booky,3.298855,534.2510,1048,0,0.914255
fogou,3.298618,507.0449,1002,0,0.839957
jolly,3.297797,456.4963,909,1,0.964795
fiqhs,3.297738,441.7749,882,0,0.899136
houff,3.297572,473.0985,947,0,0.865227
sunns,3.297502,507.5806,1015,0,0.898272
kaiak,3.297010,412.1421,826,0,0.946436
thymy,3.296669,468.6052,934,0,0.923542
waqfs,3.296199,401.4216,784,0,0.944492
peeve,3.293974,520.0635,1022,0,0.892657
mosso,3.292515,519.6972,1020,0,0.836501
bazoo,3.292394,419.1469,775,0,0.960259
sowfs,3.291825,483.9374,967,0,0.891145
myopy,3.289517,494.9585,984,0,0.919222
deked,3.289488,477.1633,936,0,0.876242
jinns,3.287294,452.5922,901,0,0.920734
dubbo,3.286482,495.9737,961,0,0.857451
pouff,3.286470,471.2082,949,0,0.866739
imshi,3.286360,427.6246,850,0,0.880130
keeks,3.285411,426.5508,812,0,0.924838
hobby,3.283715,473.9495,944,1,0.921166
tutti,3.283672,471.2618,918,0,0.893737
jambu,3.280504,416.8402,800,0,0.934341
dilli,3.279119,508.6147,995,0,0.848380
cwtch,3.278954,535.6445,1027,0,0.868251
yummo,3.278761,463.2687,907,0,0.878834
jimpy,3.277999,494.4981,974,0,0.900000
jembe,3.276769,468.1050,930,0,0.878402
vodou,3.273505,510.7503,1001,0,0.826782
babas,3.272209,442.2536,872,0,0.933261
ngana,3.272029,471.7352,926,0,0.889849
amman,3.269575,471.6030,907,0,0.874082
egged,3.269411,481.0674,920,0,0.872354
pumps,3.269040,529.9106,1023,0,0.845140
boggy,3.267908,513.7672,1004,0,0.922894
yacca,3.267193,453.4346,891,0,0.892009
niffy,3.265823,476.2639,941,0,0.929806
lulls,3.265146,482.1654,944,0,0.870410
zymic,3.265047,438.7901,873,0,0.856587
wanna,3.264939,496.7270,959,0,0.880778
goffs,3.264903,446.3469,876,0,0.882505
jewed,3.264816,497.6782,964,0,0.867819
kipps,3.264070,476.3158,939,0,0.862203
busby,3.263787,482.3400,940,0,0.938445
sojus,3.263446,456.0065,918,0,0.932181
dukka,3.263251,435.9788,760,0,0.929590
scuff,3.260944,480.5654,955,0,0.883801
sulus,3.260423,480.2544,944,0,0.913175
kawau,3.257839,416.5853,811,0,0.872138
cooch,3.257737,595.0086,1130,0,0.866523
nummy,3.257270,503.8432,982,0,0.898488
waffs,3.257111,413.8769,799,0,0.937149
shish,3.254895,509.4147,1002,0,0.944708
puffa,3.252989,441.1754,755,0,0.926566
sukhs,3.252969,536.6527,1049,0,0.850972
usque,3.252839,370.3089,673,0,1.053132
pluff,3.252318,511.6557,1004,0,0.839093
bundu,3.250899,526.4842,1030,0,0.832829
puddy,3.249925,559.0458,1080,0,0.867387
hapax,3.248656,470.4479,934,0,0.851836
duded,3.247573,439.9711,799,0,0.987905
nappa,3.247571,442.2510,860,0,0.890497
pukka,3.247466,453.4769,783,0,0.925918
slyly,3.246541,471.3810,944,1,0.969330
gombo,3.245398,567.4389,1087,0,0.780346
jocos,3.243631,463.7620,902,0,0.875810
omovs,3.243300,487.4181,942,0,0.838229
dusks,3.241575,509.7991,997,0,0.812527
dodos,3.241488,494.1162,947,0,0.854212
femme,3.241302,489.8415,957,1,0.875378
tutus,3.241265,512.8462,1004,0,0.874298
mumps,3.240417,530.7745,1023,0,0.837581
baffy,3.239999,469.1667,893,0,0.972138
jocky,3.238653,476.3641,945,0,0.930454
fabby,3.237583,469.1866,893,0,0.968683
baboo,3.235826,429.0717,783,0,0.955076
husks,3.234036,543.7317,1049,0,0.807343
nimbi,3.233426,487.7559,967,0,0.833477
cuffs,3.230028,493.0553,955,0,0.850972
gobby,3.228611,515.5676,1004,0,0.896976
fucus,3.228321,498.4514,955,0,0.854428
jasps,3.225523,436.0592,848,0,0.926566
muggs,3.224349,533.1469,1007,0,0.824622
lulus,3.221249,490.2674,944,0,0.853132
xylol,3.220726,461.1978,902,0,0.858099
wokka,3.220367,431.2177,729,0,0.960907
vexed,3.220283,530.6596,1010,0,0.854644
miffs,3.218730,472.0143,911,0,0.852052
dowdy,3.218672,535.7171,1031,1,0.897840
ebbed,3.217844,497.0570,937,0,0.856803
nuffs,3.216357,461.2592,895,0,0.860259
poops,3.216267,523.2099,1004,0,0.869330
jumps,3.216195,520.9577,1008,0,0.830454
maxim,3.215782,425.8233,775,1,0.951404
duppy,3.213776,562.6233,1080,0,0.852916
mobby,3.213419,527.2281,1019,0,0.894384
boffs,3.210154,463.9737,897,0,0.880778
gypsy,3.207863,497.7343,982,1,0.884017
fisks,3.207313,514.5464,987,0,0.833045
taata,3.206840,506.0134,996,0,0.888769
biggy,3.206711,529.2333,1016,0,0.895032
ouzos,3.206192,463.6341,907,0,0.857883
spazz,3.205640,440.3564,853,0,0.987905
iodid,3.204938,485.7387,932,0,0.873434
mujik,3.204908,512.5836,987,0,0.826998
webby,3.203994,448.6847,743,0,1.001728
bacca,3.203927,517.9849,993,0,0.863283
jawan,3.203820,483.0683,943,0,0.864579
biffo,3.203333,463.4795,869,0,0.881425
sowff,3.203183,489.4320,967,0,0.888985
squiz,3.201709,450.2156,898,0,0.922246
mythy,3.201376,482.8575,934,0,0.897408
lezzy,3.201302,386.4799,654,0,1.087905
dojos,3.196032,487.2065,933,0,0.850324
woofy,3.195671,576.7045,1095,0,0.861123
simis,3.192484,520.2907,1018,0,0.852916
widdy,3.188945,549.1028,1043,0,0.874514
bobol,3.188555,541.8432,1032,0,0.858099
kaika,3.186342,433.0043,826,0,0.912527
namma,3.185180,475.4639,907,0,0.874298
cubby,3.182037,533.5279,1035,0,0.865443
neeze,3.181912,466.7443,913,0,0.903240
skugs,3.180256,549.3231,1059,0,0.822246
wauff,3.177034,430.4704,794,0,0.895680
kirri,3.175475,465.8086,910,0,0.846652
gummi,3.174939,533.3110,994,0,0.830454
gyppo,3.172791,498.6484,947,0,0.815551
civvy,3.172566,493.7041,959,0,0.903024
sissy,3.172314,480.5784,939,1,0.982073
jafas,3.170754,450.5784,879,0,0.879050
appay,3.170386,505.4829,955,0,0.892225
hooch,3.170203,598.3469,1130,0,0.838661
bifid,3.169212,597.3205,1124,0,0.790065
madam,3.167532,528.2320,1011,1,0.830454
muddy,3.167021,594.3374,1117,1,0.839093
foggy,3.166119,535.9374,1026,1,0.888985
nubby,3.165799,518.7425,998,0,0.874730
skoff,3.164260,490.0298,955,0,0.881425
choco,3.163896,605.9927,1130,0,0.819870
undug,3.163394,551.1477,1053,0,0.793089
junky,3.163381,531.3197,1028,0,0.879050
whoof,3.161475,613.3819,1141,0,0.763499
sooks,3.161215,561.0060,1073,0,0.856587
dummy,3.161010,594.8117,1117,1,0.836717
abaca,3.160971,505.8683,993,0,0.848380
kiddy,3.160195,535.7473,1027,0,0.864363
justs,3.160137,511.8795,991,0,0.863715
bumbo,3.160108,535.0518,1003,0,0.840605
wazoo,3.158856,441.4648,804,0,0.909287
skiff,3.157782,506.8540,987,1,0.874946
wikis,3.157757,512.3063,987,0,0.823542
biffs,3.156639,477.0708,907,0,0.852916
musks,3.156333,574.0514,1079,0,0.780562
voddy,3.153158,552.9741,1049,0,0.874298
known,3.152529,557.1961,1063,1,0.808639
weeke,3.151129,534.1983,1020,0,0.839093
dufus,3.150174,515.7853,973,0,0.808639
djinn,3.149183,580.9006,1106,0,0.837797
aflaj,3.147876,491.1711,933,0,0.865227
gonzo,3.147344,583.8778,1102,0,0.804968
puggy,3.146035,587.8898,1108,0,0.836933
nonny,3.145403,517.9114,1004,0,0.924622
kiwis,3.142807,512.7797,987,0,0.812959
jumbo,3.141340,527.6168,994,1,0.819222
kicky,3.140891,494.2769,957,0,0.890929
wootz,3.137343,557.2635,1047,0,0.839525
googs,3.136460,531.1339,995,0,0.849244
tutty,3.136185,548.8998,1051,0,0.870626
mozos,3.135084,531.4916,998,0,0.823542
kazoo,3.134538,430.1032,787,0,0.899136
hokku,3.132551,482.9499,938,0,0.828942
zooms,3.132005,529.1028,998,0,0.837581
judgy,3.131525,590.5819,1109,0,0.834341
huggy,3.131240,568.5266,1072,0,0.835421
wudus,3.130686,523.4173,991,0,0.807775
twixt,3.130404,557.5996,1062,1,0.821814
lusus,3.130358,498.7270,944,0,0.846220
bluff,3.127835,576.2631,1080,1,0.811663
chuck,3.127457,647.4829,1182,1,0.808639
zoppa,3.126740,434.8929,721,0,0.946004
buddy,3.126692,611.4069,1134,1,0.839957
buffa,3.126095,487.1296,817,0,0.899136
jomon,3.125976,570.8160,1074,0,0.803024
vozhd,3.125812,529.7050,1020,0,0.797192
abbas,3.123291,463.9512,872,0,0.864147
poppa,3.122621,444.1585,729,0,0.960907
wawas,3.120299,472.9983,912,0,0.875594
doozy,3.115060,586.2959,1104,0,0.865659
guppy,3.114806,591.9382,1108,1,0.823542
bevvy,3.114262,473.3844,780,0,1.004752
pukus,3.114126,578.8220,1084,0,0.800000
ictic,3.111514,487.7810,931,0,0.841901
gogos,3.110873,533.0371,995,0,0.823110
byway,3.107534,488.7711,893,0,0.933693
luvvy,3.106736,522.1067,990,0,0.880130
mojos,3.106434,538.7348,1006,0,0.818359
dagga,3.106107,541.1641,1008,0,0.816415
duffs,3.105377,518.3080,973,0,0.798488
figgy,3.105202,573.6289,1068,0,0.861123
kudus,3.103655,528.2026,997,0,0.797624
zexes,3.103593,452.6510,869,0,0.886177
busks,3.103352,590.5715,1091,0,0.781425
cocci,3.102657,466.9127,862,0,0.914039
doody,3.101963,603.8112,1124,0,0.861123
humph,3.101137,599.9443,1121,1,0.748380
huffs,3.100557,543.1184,1023,0,0.793305
ajwan,3.099326,509.1089,943,0,0.825486
fixit,3.095591,577.1400,1081,0,0.837365
javas,3.092504,484.9516,923,0,0.859179
mezzo,3.091687,411.7974,664,0,0.985313
effed,3.091647,517.5443,953,0,0.822246
kakas,3.089313,488.6587,939,0,0.862419
kokum,3.088521,525.4432,1006,0,0.798056
ninny,3.087180,544.4609,1035,1,0.896760
jomos,3.086281,540.0635,1006,0,0.812095
puffs,3.084856,554.0592,1044,0,0.794816
wiggy,3.084542,565.8752,1053,0,0.844060
jaggs,3.083667,445.3629,833,0,0.909503
pipis,3.082571,552.8194,1037,0,0.824622
ungum,3.082431,590.1801,1099,0,0.760475
hamza,3.080058,528.7832,986,0,0.812095
pappi,3.078759,435.2436,756,0,0.943629
chuff,3.078370,626.8721,1157,0,0.766739
bozos,3.077980,541.8924,1000,0,0.824406
zulus,3.076145,492.0350,923,0,0.849892
muggy,3.071719,633.9114,1157,0,0.808639
gummy,3.069773,634.6302,1157,1,0.807343
miffy,3.069708,565.3706,1054,0,0.836069
tizzy,3.069249,471.2583,908,0,0.923974
poopy,3.069116,601.2143,1118,0,0.853348
fugus,3.066247,565.7162,1034,0,0.792873
wushu,3.065770,545.2946,1038,0,0.793521
pampa,3.065463,568.6518,1037,0,0.804968
ajuga,3.063976,510.2320,883,0,0.828078
koffs,3.061603,505.5063,955,0,0.819654
jutty,3.060698,556.5438,1044,0,0.854428
vizir,3.058497,515.5607,950,0,0.855724
buppy,3.058430,601.4216,1117,0,0.821814
jumpy,3.057808,599.3715,1113,1,0.814471
immit,3.053576,533.5400,1009,0,0.813823
peepe,3.052958,573.6618,1069,0,0.829158
heeze,3.051426,526.3356,1000,0,0.836285
jokol,3.051068,541.2497,1023,0,0.798920
divvy,3.050588,575.5892,1068,0,0.850540
zobos,3.044651,542.9689,1000,0,0.797624
zorro,3.044407,557.8587,1040,0,0.808855
boobs,3.043830,557.6635,1020,0,0.836285
shush,3.042106,627.8648,1149,1,0.840821
pizza,3.038892,453.9201,747,1,0.931533
commo,3.038281,629.2428,1151,0,0.756371
butut,3.035057,637.8467,1163,0,0.774730
buffo,3.034294,563.4397,1030,0,0.795896
gogga,3.033790,471.1737,762,0,0.942765
hubby,3.033729,583.1365,1084,0,0.807775
glogg,3.028924,524.4842,989,0,0.846436
feoff,3.028284,430.7469,714,0,0.983801
daddy,3.025290,522.0125,948,1,0.931965
momma,3.024976,482.6242,777,0,0.937149
muffs,3.023814,575.1503,1053,0,0.766523
biffy,3.021313,573.5374,1061,0,0.836933
minim,3.019858,603.7032,1121,1,0.785745
buchu,3.019672,597.1011,1111,0,0.765875
fuddy,3.019511,634.6449,1157,0,0.806048
bobos,3.018859,559.9857,1020,0,0.819222
guffs,3.015230,567.9935,1034,0,0.769114
buggy,3.014192,643.1434,1164,1,0.809503
ajiva,3.013454,488.6890,836,0,0.860259
bubbe,3.011292,479.7369,839,0,0.955508
fusks,3.009928,621.6695,1127,0,0.747516
frizz,3.007822,498.1844,924,0,0.895248
queue,3.006319,501.7775,942,1,0.858747
chich,3.005673,622.2924,1135,0,0.830886
hajji,3.004205,410.7857,709,0,0.931533
keeve,3.001828,577.7473,1072,0,0.804104
dabba,3.001434,561.5097,1026,0,0.788769
oppos,2.999934,546.9222,1004,0,0.777970
gamma,2.994522,585.7136,1055,1,0.783153
zezes,2.991826,466.1171,881,0,0.869978
zappy,2.991739,525.6981,947,0,0.905616
xysts,2.991313,502.4756,939,0,0.811231
sudds,2.989499,595.8803,1102,0,0.782289
akkas,2.987581,509.7093,939,0,0.825054
wuddy,2.983846,627.4060,1144,0,0.788985
papaw,2.982634,572.9222,1053,0,0.773650
magma,2.982518,587.2687,1055,1,0.782721
zooks,2.981370,572.2976,1049,0,0.793305
flaff,2.980942,508.8747,948,0,0.914255
agama,2.974790,571.2324,1055,0,0.778834
pappy,2.974260,533.0579,955,0,0.920518
abaya,2.974090,528.5844,1001,0,0.802808
zippo,2.973928,500.5076,886,0,0.814903
sibbs,2.973391,544.6570,1019,0,0.809719
emmew,2.969288,549.2868,973,0,0.777970
jisms,2.969226,543.0138,1001,0,0.774514
peppy,2.966305,503.5719,803,0,0.970626
boozy,2.965025,636.1283,1152,1,0.834557
jooks,2.962086,581.3827,1059,0,0.793521
buffs,2.961903,583.5987,1051,0,0.767387
esses,2.960603,495.3438,897,0,0.835853
flyby,2.959990,602.2000,1102,0,0.827646
uhuru,2.952093,523.5633,938,0,0.829590
vuggs,2.951518,594.3771,1064,0,0.746436
puffy,2.940355,633.3611,1151,1,0.778834
viffs,2.940264,554.8004,1003,0,0.773866
yucky,2.937954,597.1123,1096,0,0.802376
anana,2.935616,571.6523,1054,0,0.798920
huffy,2.933828,619.3551,1124,0,0.777322
jumby,2.929859,642.7114,1157,0,0.774730
kayak,2.929084,564.7538,1038,1,0.795896
jaggy,2.928704,543.1771,966,0,0.893521
jammy,2.927897,556.5127,987,0,0.889633
pawaw,2.927219,574.4955,1053,0,0.766739
buffi,2.926654,577.5019,1025,0,0.774514
kinin,2.923623,666.5421,1197,0,0.744492
doggo,2.920374,674.9629,1196,0,0.707775
kooks,2.916320,594.5767,1073,0,0.781857
fuggy,2.915478,672.5775,1193,0,0.775594
kaama,2.915262,615.5374,1122,0,0.773434
jemmy,2.913581,514.3970,786,0,0.939741
bivvy,2.913190,600.1508,1083,0,0.819438
yappy,2.912975,536.8704,955,0,0.891145
whiff,2.912696,631.7810,1137,1,0.736069
yabba,2.912353,555.9987,1001,0,0.786393
jibba,2.912335,487.1944,775,0,0.878402
gabba,2.910966,604.8955,1075,0,0.759395
zebub,2.910613,504.1110,827,0,0.869330
zhomo,2.904985,645.1175,1162,0,0.709935
chizz,2.902705,606.5438,1112,0,0.788337
villi,2.901003,626.6795,1117,0,0.738229
swiss,2.898240,594.6181,1083,0,0.820950
mammy,2.896407,566.9093,998,1,0.896760
nunny,2.895905,626.7754,1139,0,0.811231
booby,2.894890,653.8000,1168,1,0.820302
jeffs,2.894665,468.4618,783,0,0.901512
ovolo,2.893617,601.7084,1091,0,0.747300
filii,2.893500,612.6060,1103,0,0.782505
zuppa,2.887622,530.3961,846,0,0.832613
cippi,2.887151,620.8350,1123,0,0.734557
mamba,2.883988,617.3300,1089,0,0.757667
skyfs,2.880373,628.3814,1132,0,0.726566
howff,2.879913,636.3089,1141,0,0.721598
scuzz,2.878538,569.3810,1049,0,0.801512
affix,2.870085,508.4488,810,1,0.850972
pakka,2.862246,606.6156,1075,0,0.753996
doddy,2.860010,629.5279,1124,0,0.824622
jnana,2.851123,577.3914,1037,0,0.784449
huzza,2.850843,512.9948,818,0,0.844492
phpht,2.847515,660.3140,1173,0,0.736285
nanna,2.846121,591.6091,1054,0,0.787041
kappa,2.844282,608.3495,1075,1,0.736501
woozy,2.836412,681.5080,1197,1,0.783585
pygmy,2.835613,677.0346,1194,1,0.731317
exeme,2.833156,594.6587,1064,0,0.763931
feeze,2.831084,630.3322,1122,0,0.776458
wagga,2.829943,628.7676,1092,0,0.734341
bucku,2.827671,697.1434,1217,0,0.695248
faffs,2.819186,504.1300,895,0,0.864795
mimic,2.818530,647.5616,1147,1,0.722462
bezzy,2.816103,529.4691,813,0,0.941685
buffy,2.813968,688.8272,1205,0,0.751404
fubby,2.813534,688.8937,1205,0,0.747948
poppy,2.811747,628.3210,1118,1,0.813175
urubu,2.804743,576.7425,1028,0,0.780130
diddy,2.803827,658.0635,1152,0,0.796760
fifis,2.803740,616.3210,1082,0,0.756156
swizz,2.802344,583.6765,1060,0,0.796544
bizzo,2.801320,544.6406,940,0,0.800864
tazza,2.800668,547.2151,983,0,0.814255
mezze,2.798317,589.9676,1059,0,0.773650
kabab,2.793714,644.8436,1136,0,0.715119
exeem,2.793674,609.9184,1064,0,0.735421
azygy,2.793515,570.4194,967,0,0.849676
vuggy,2.791154,697.0734,1211,0,0.730454
quipu,2.790989,595.4976,1080,0,0.752484
abaka,2.789359,645.0441,1136,0,0.721166
pozzy,2.789097,614.9568,1102,0,0.811663
bussu,2.787534,678.5214,1187,0,0.711663
phizz,2.787230,635.4898,1138,0,0.732181
zippy,2.782755,638.2803,1121,0,0.770410
quaff,2.777099,533.9857,919,0,0.816631
jocko,2.772779,687.1987,1197,0,0.684233
pupus,2.770787,687.9417,1185,0,0.722678
yabby,2.769672,577.0285,1001,0,0.851188
pippy,2.768542,653.2773,1139,0,0.785313
jibbs,2.764047,567.9305,1001,0,0.746652
yakka,2.762687,589.3188,1038,0,0.755292
tuktu,2.760109,677.4527,1187,0,0.677970
dizzy,2.759450,641.8544,1133,1,0.787473
babka,2.756885,663.4052,1136,0,0.736285
zanja,2.756566,580.5957,1024,0,0.767603
kooky,2.736838,679.7844,1191,0,0.765875
yobbo,2.734518,671.4415,1168,0,0.677754
mommy,2.733481,669.5667,1160,0,0.789417
yuzus,2.730910,610.0039,1070,0,0.728942
huhus,2.729338,662.1551,1149,0,0.710583
abuzz,2.728349,556.8333,908,0,0.795248
gobbo,2.723570,742.7356,1260,0,0.650756
kikoi,2.720627,555.5279,968,0,0.738877
jimmy,2.719577,663.7888,1145,0,0.754428
bibbs,2.712512,583.6825,1019,0,0.768035
fezzy,2.711043,556.9197,835,0,0.907775
zuzim,2.710915,623.6134,1092,0,0.707127
bombo,2.703342,751.1011,1266,0,0.663283
yippy,2.701564,657.0657,1139,0,0.755940
infix,2.701110,682.1654,1178,0,0.689849
jiggy,2.699811,671.5978,1156,0,0.758315
mumus,2.691342,705.1581,1187,0,0.695032
zanza,2.690823,596.3400,1041,0,0.759827
civic,2.677865,733.9521,1249,1,0.675162
hudud,2.677753,753.0691,1272,0,0.635421
ziffs,2.677111,615.5417,1059,0,0.715983
gynny,2.669640,751.1201,1266,0,0.725054
faffy,2.665621,604.0402,1020,0,0.848812
bubba,2.665464,596.1965,918,0,0.814255
mizzy,2.664771,658.7037,1138,0,0.755508
jiffs,2.656776,619.5909,1063,0,0.716199
sukuk,2.650766,743.9365,1258,0,0.715551
mumms,2.637258,708.8713,1187,0,0.692009
bizzy,2.617031,673.7819,1152,0,0.756371
duddy,2.608124,769.8069,1283,0,0.711231
bobby,2.607677,683.0164,1168,1,0.779914
bubus,2.606630,716.8073,1187,0,0.695032
quiff,2.604105,684.2320,1172,0,0.694600
zizit,2.602969,675.5037,1170,0,0.718143
yobby,2.600697,682.7235,1168,0,0.743844
boffo,2.568636,796.7788,1308,0,0.618575
fluff,2.565790,723.3896,1214,1,0.688337
puppy,2.562568,777.8052,1287,1,0.699784
zocco,2.550348,785.2402,1295,0,0.617711
addax,2.536453,704.0307,1144,0,0.656371
huzzy,2.527402,723.6678,1218,0,0.696760
vivid,2.526998,815.3819,1328,1,0.626782
ayaya,2.523757,659.8009,1133,0,0.688985
cocco,2.520864,808.8549,1319,0,0.644708
whizz,2.516555,736.1395,1230,0,0.653780
kuzus,2.515466,746.4981,1229,0,0.639093
jiffy,2.508101,734.6657,1214,1,0.700216
fizzy,2.506856,728.0307,1208,1,0.722462
zimbi,2.504453,748.8125,1241,0,0.603672
yuppy,2.494065,782.7503,1287,0,0.670410
mummy,2.479610,820.5378,1325,1,0.676026
jukus,2.476702,762.6173,1244,0,0.635853
jinni,2.467956,789.0259,1294,0,0.648380
muzzy,2.465803,798.0911,1303,0,0.669978
oxbow,2.451154,824.6959,1316,0,0.562203
yummy,2.440424,821.9650,1325,0,0.654212
kukus,2.430649,777.6886,1258,0,0.624190
jeeze,2.420055,744.9844,1226,0,0.673650
buzzy,2.411403,817.8700,1319,0,0.670842
fuffs,2.404817,761.3413,1227,0,0.644060
mamma,2.398620,778.2847,1232,1,0.651836
jugum,2.389555,900.6138,1410,0,0.553132
bubby,2.355335,840.9447,1338,0,0.666523
zoppo,2.327236,862.0583,1356,0,0.552052
hyphy,2.325562,832.6069,1323,0,0.610367
susus,2.323061,871.0622,1369,0,0.626350
jazzy,2.309077,701.8173,1111,1,0.754860
kibbi,2.307251,835.0251,1320,0,0.549892
fuzzy,2.305734,855.6808,1352,1,0.636933
gyppy,2.285137,885.8968,1380,0,0.590929
kudzu,2.264022,870.3210,1369,0,0.524838
fuffy,2.243640,882.6501,1374,0,0.628078
jaffa,2.234170,806.6181,1247,0,0.590497
pzazz,2.214171,743.3102,1165,0,0.659827
yukky,2.205266,877.9339,1368,0,0.599352
xylyl,2.192001,856.5032,1334,0,0.539525
immix,2.052600,967.4026,1429,0,0.488769
jujus,2.038309,903.3093,1353,0,0.546652
qajaq,1.891836,925.1071,1369,0,0.523326
